deck,room_code,room,bom_line,line_title,model_id,family,item,mount,qty,width_mm,height_mm,depth_mm,function,why,unit_mass_kg,unit_power_typ_w,unit_price_cr,total_mass_kg,total_power_typ_w,total_price_cr
1,CF1,Forward Spine Corridor,CF1-01,Ceiling lighting,ceilinglight_emergency_fixture,ceilinglight,Emergency Fixture,ceiling,1,560,185,171,General lighting sized to the task in the room.,Linear troffers at about 5 m pitch give 200 lux along the escape route without glare.,2.29,13,784,2.29,13,784
1,CF1,Forward Spine Corridor,CF1-01,Ceiling lighting,ceilinglight_flush_dome,ceilinglight,Flush Dome,ceiling,1,638,176,638,General lighting sized to the task in the room.,Linear troffers at about 5 m pitch give 200 lux along the escape route without glare.,10.2,20,2400,10.2,20,2400
1,CF1,Forward Spine Corridor,CF1-01,Ceiling lighting,ceilinglight_linear_fixture_1_2,ceilinglight,Linear Fixture 1.2,ceiling,1,1250,62,160,General lighting sized to the task in the room.,Linear troffers at about 5 m pitch give 200 lux along the escape route without glare.,1.62,12,487,1.62,12,487
1,CF1,Forward Spine Corridor,CF1-01,Ceiling lighting,ceilinglight_square_panel_1x1,ceilinglight,Square Panel 1X1,ceiling,1,1000,79,1000,General lighting sized to the task in the room.,Linear troffers at about 5 m pitch give 200 lux along the escape route without glare.,10.6,18,3360,10.6,18,3360
1,CF1,Forward Spine Corridor,CF1-02,Emergency lighting and public address,beacon_emergency_lighting_unit,beacon,Emergency Lighting Unit,wall,3,426,160,171,Gives light and visual or audible warning during alarms and power loss.,Battery-backed emergency lights and PA speakers at 6 m stations keep the route lit and announce alerts during a power or pressure emergency.,1.37,6.1,467,4.11,18.3,1401
1,CF1,Forward Spine Corridor,CF1-02,Emergency lighting and public address,beacon_intercom_speaker,beacon,Intercom Speaker,wall,3,300,420,77,Gives light and visual or audible warning during alarms and power loss.,Battery-backed emergency lights and PA speakers at 6 m stations keep the route lit and announce alerts during a power or pressure emergency.,1.1,6.1,543,3.3,18.3,1629
1,CF1,Forward Spine Corridor,CF1-03,Fire extinguishers,safety_fire_extinguisher,safety,Fire Extinguisher,wall,1,300,735,199,"Fire, first-aid, breach and emergency gear required by regulation.",A fire extinguisher within 12 m of any point of the route is the regulation for an occupied corridor.,4.26,0.0,869,4.26,0.0,869
1,CF1,Forward Spine Corridor,CF1-04,Department wayfinding signs,sign_dept_bridge,sign,Dept Bridge,wall,2,1000,400,62,Wayfinding and hazard marking.,"A department sign above each door on the corridor side tells crew what lies behind it, so nobody opens the wrong hatch in an emergency.",1.4,0.0,179,2.8,0.0,358
1,CF1,Forward Spine Corridor,CF1-04,Department wayfinding signs,sign_dept_quarters,sign,Dept Quarters,wall,1,1000,400,52,Wayfinding and hazard marking.,"A department sign above each door on the corridor side tells crew what lies behind it, so nobody opens the wrong hatch in an emergency.",1.17,0.0,114,1.17,0.0,114
1,CF1,Forward Spine Corridor,CF1-04,Department wayfinding signs,sign_dept_science,sign,Dept Science,wall,1,1000,400,56,Wayfinding and hazard marking.,"A department sign above each door on the corridor side tells crew what lies behind it, so nobody opens the wrong hatch in an emergency.",1.28,0.0,94.9,1.28,0.0,94.9
1,CF1,Forward Spine Corridor,CF1-05,Overhead cable tray and ventilation trunk,cabletray_covered_led_tray,cabletray,Covered Led Tray,ceiling,3,2000,195,460,"Carries power and data cables overhead or along walls, protected and accessible.",Power and data cable trays plus a ventilation trunk run above the corridor so every room on the deck can be fed without floor penetrations.,17.8,0.0,533,53.4,0.0,1599
1,CF1,Forward Spine Corridor,CF1-05,Overhead cable tray and ventilation trunk,cabletray_fibre_glow_tray,cabletray,Fibre Glow Tray,ceiling,2,2000,150,360,"Carries power and data cables overhead or along walls, protected and accessible.",Power and data cable trays plus a ventilation trunk run above the corridor so every room on the deck can be fed without floor penetrations.,10.7,0.0,335,21.4,0.0,670
1,CF1,Forward Spine Corridor,CF1-05,Overhead cable tray and ventilation trunk,cabletray_ladder_tray,cabletray,Ladder Tray,ceiling,2,2000,170,460,"Carries power and data cables overhead or along walls, protected and accessible.",Power and data cable trays plus a ventilation trunk run above the corridor so every room on the deck can be fed without floor penetrations.,15.5,0.0,467,31.0,0.0,934
1,CF1,Forward Spine Corridor,CF1-05,Overhead cable tray and ventilation trunk,cabletray_perforated_trough,cabletray,Perforated Trough,ceiling,2,2000,190,500,"Carries power and data cables overhead or along walls, protected and accessible.",Power and data cable trays plus a ventilation trunk run above the corridor so every room on the deck can be fed without floor penetrations.,20.3,0.0,556,40.6,0.0,1112
1,CF1,Forward Spine Corridor,CF1-06,Deck evacuation map,safety_evac_route_map,safety,Evac Route Map,wall,1,1000,700,60,"Fire, first-aid, breach and emergency gear required by regulation.",Crew must be able to find the nearest stair from any corridor; the route map sits next to the stair lobby.,3.64,0.0,696,3.64,0.0,696
1,CA1,Aft Spine Corridor,CA1-01,Ceiling lighting,ceilinglight_recessed_hex_cells,ceilinglight,Recessed Hex Cells,ceiling,1,994,73,866,General lighting sized to the task in the room.,Linear troffers at about 5 m pitch give 200 lux along the escape route without glare.,9.03,16,2560,9.03,16,2560
1,CA1,Aft Spine Corridor,CA1-01,Ceiling lighting,ceilinglight_triple_spot_rail,ceilinglight,Triple Spot Rail,ceiling,1,1100,220,156,General lighting sized to the task in the room.,Linear troffers at about 5 m pitch give 200 lux along the escape route without glare.,5.37,15,1350,5.37,15,1350
1,CA1,Aft Spine Corridor,CA1-02,Emergency lighting and public address,beacon_emergency_lighting_unit,beacon,Emergency Lighting Unit,wall,1,426,160,171,Gives light and visual or audible warning during alarms and power loss.,Battery-backed emergency lights and PA speakers at 6 m stations keep the route lit and announce alerts during a power or pressure emergency.,1.37,6.1,467,1.37,6.1,467
1,CA1,Aft Spine Corridor,CA1-02,Emergency lighting and public address,beacon_intercom_speaker,beacon,Intercom Speaker,wall,1,300,420,77,Gives light and visual or audible warning during alarms and power loss.,Battery-backed emergency lights and PA speakers at 6 m stations keep the route lit and announce alerts during a power or pressure emergency.,1.1,6.1,543,1.1,6.1,543
1,CA1,Aft Spine Corridor,CA1-03,Fire extinguishers,safety_fire_extinguisher,safety,Fire Extinguisher,wall,1,300,735,199,"Fire, first-aid, breach and emergency gear required by regulation.",A fire extinguisher within 12 m of any point of the route is the regulation for an occupied corridor.,4.26,0.0,869,4.26,0.0,869
1,CA1,Aft Spine Corridor,CA1-04,Department wayfinding signs,sign_dept_bridge,sign,Dept Bridge,wall,1,1000,400,62,Wayfinding and hazard marking.,"A department sign above each door on the corridor side tells crew what lies behind it, so nobody opens the wrong hatch in an emergency.",1.4,0.0,179,1.4,0.0,179
1,CA1,Aft Spine Corridor,CA1-04,Department wayfinding signs,sign_dept_quarters,sign,Dept Quarters,wall,3,1000,400,52,Wayfinding and hazard marking.,"A department sign above each door on the corridor side tells crew what lies behind it, so nobody opens the wrong hatch in an emergency.",1.17,0.0,114,3.51,0.0,342
1,CA1,Aft Spine Corridor,CA1-05,Overhead cable tray and ventilation trunk,cabletray_fibre_glow_tray,cabletray,Fibre Glow Tray,ceiling,1,2000,150,360,"Carries power and data cables overhead or along walls, protected and accessible.",Power and data cable trays plus a ventilation trunk run above the corridor so every room on the deck can be fed without floor penetrations.,10.7,0.0,335,10.7,0.0,335
1,CA1,Aft Spine Corridor,CA1-05,Overhead cable tray and ventilation trunk,cabletray_ladder_tray,cabletray,Ladder Tray,ceiling,2,2000,170,460,"Carries power and data cables overhead or along walls, protected and accessible.",Power and data cable trays plus a ventilation trunk run above the corridor so every room on the deck can be fed without floor penetrations.,15.5,0.0,467,31.0,0.0,934
1,CA1,Aft Spine Corridor,CA1-05,Overhead cable tray and ventilation trunk,cabletray_perforated_trough,cabletray,Perforated Trough,ceiling,1,2000,190,500,"Carries power and data cables overhead or along walls, protected and accessible.",Power and data cable trays plus a ventilation trunk run above the corridor so every room on the deck can be fed without floor penetrations.,20.3,0.0,556,20.3,0.0,556
1,CA1,Aft Spine Corridor,CA1-06,Deck evacuation map,safety_evac_route_map,safety,Evac Route Map,wall,1,1000,700,60,"Fire, first-aid, breach and emergency gear required by regulation.",Crew must be able to find the nearest stair from any corridor; the route map sits next to the stair lobby.,3.64,0.0,696,3.64,0.0,696
1,CA1,Aft Spine Corridor,CA1-07,Drinking fountain,fountain_drinking_fountain_wall_unit,fountain,Drinking Fountain Wall Unit,wall,1,500,540,312,Drinking water for crew.,Crew working aft need water without going to the mess; a wall fountain at wheelchair height is fitted on the aft corridor.,10.1,87,3510,10.1,87,3510
1,LB1,Mid-ship Stair Lobby,LB1-01,Ceiling lighting,ceilinglight_cage_light,ceilinglight,Cage Light,ceiling,1,214,232,220,General lighting sized to the task in the room.,A row of panel lights bright enough (300 lux) to read the signs and safely see the stair entrance.,1.54,10,606,1.54,10,606
1,LB1,Mid-ship Stair Lobby,LB1-01,Ceiling lighting,ceilinglight_panel_troffer_0_6x1_2,ceilinglight,Panel Troffer 0.6X1.2,ceiling,1,620,98,1260,General lighting sized to the task in the room.,A row of panel lights bright enough (300 lux) to read the signs and safely see the stair entrance.,10.6,21,2470,10.6,21,2470
1,LB1,Mid-ship Stair Lobby,LB1-01,Ceiling lighting,ceilinglight_ring_light,ceilinglight,Ring Light,ceiling,1,960,136,960,General lighting sized to the task in the room.,A row of panel lights bright enough (300 lux) to read the signs and safely see the stair entrance.,17.1,24,4380,17.1,24,4380
1,LB1,Mid-ship Stair Lobby,LB1-02,Waiting benches,bench_padded_wall_bench,bench,Padded Wall Bench,wall,2,1800,1380,460,Fixed seating along walls so the floor stays free for circulation.,Padded benches against the walls give somewhere to wait for the next shift change without blocking the route.,67.5,0.0,2320,135.0,0.0,4640
1,LB1,Mid-ship Stair Lobby,LB1-03,Deck number signs,sign_deck_1,sign,Deck 1,wall,2,800,950,45,Wayfinding and hazard marking.,Large deck numbers above each arch stop crew from taking the wrong flight of stairs.,2.0,0.0,83.5,4.0,0.0,167.0
1,LB1,Mid-ship Stair Lobby,LB1-04,Deck plan boards,display_deck_plan_board,display,Deck Plan Board,wall,2,1100,1675,104,"Shows status, plans and sensor data to people in the room.",A you-are-here plan board at each side of the passage shows the layout of the deck and the two stair locations.,12.7,83,23500,25.4,166,47000
1,LB1,Mid-ship Stair Lobby,LB1-05,Fire fighting and first aid,safety_fire_extinguisher,safety,Fire Extinguisher,wall,2,300,735,199,"Fire, first-aid, breach and emergency gear required by regulation.","Extinguisher and first-aid cabinet sit beside the stairs, the most likely meeting point during an emergency.",4.26,0.0,869,8.52,0.0,1738
1,LB1,Mid-ship Stair Lobby,LB1-06,Notice board and duty roster,noticeboard_duty_roster_display,noticeboard,Duty Roster Display,wall,1,1000,1300,78,Duty rosters and notices.,Watch bills and notices are posted where everybody passes every day.,6.32,49,9780,6.32,49,9780
1,LB1,Mid-ship Stair Lobby,LB1-07,Overhead services,duct_ceiling_square_diffuser,duct,Ceiling Square Diffuser,ceiling,2,700,120,700,Moves conditioned air to and from the room.,Fire-suppression nozzles and air diffusers in the ceiling of the busiest junction of the deck.,4.53,0.0,2390,9.06,0.0,4780
1,SP1,Port Stair Tower,SP1-01,Stair level signage,sign_deck_1,sign,Deck 1,wall,1,800,950,45,Wayfinding and hazard marking.,Deck number plate and exit arrow at the landing tell people which level they are on and where the exit is.,2.0,0.0,83.5,2.0,0.0,83.5
1,SP1,Port Stair Tower,SP1-01,Stair level signage,sign_exit_arrow,sign,Exit Arrow,wall,1,700,240,42,Wayfinding and hazard marking.,Deck number plate and exit arrow at the landing tell people which level they are on and where the exit is.,0.37,0.0,38.1,0.37,0.0,38.1
1,SP1,Port Stair Tower,SP1-02,Fire extinguisher and emergency lighting,beacon_emergency_lighting_unit,beacon,Emergency Lighting Unit,wall,1,426,160,171,Gives light and visual or audible warning during alarms and power loss.,Stair towers are protected escape routes: a hand extinguisher and battery lights are mandatory at every level.,1.37,6.1,467,1.37,6.1,467
1,SP1,Port Stair Tower,SP1-02,Fire extinguisher and emergency lighting,safety_fire_extinguisher,safety,Fire Extinguisher,wall,1,300,735,199,"Fire, first-aid, breach and emergency gear required by regulation.",Stair towers are protected escape routes: a hand extinguisher and battery lights are mandatory at every level.,4.26,0.0,869,4.26,0.0,869
1,SP1,Port Stair Tower,SP1-03,Stair lighting,ceilinglight_emergency_fixture,ceilinglight,Emergency Fixture,ceiling,1,560,185,171,General lighting sized to the task in the room.,"Recessed downlights over the deck-level strip and, where the ceiling is solid, over the landing light every tread; the stairs are the main way between decks.",2.29,13,784,2.29,13,784
1,SP1,Port Stair Tower,SP1-03,Stair lighting,ceilinglight_round_downlight,ceilinglight,Round Downlight,ceiling,1,338,110,338,General lighting sized to the task in the room.,"Recessed downlights over the deck-level strip and, where the ceiling is solid, over the landing light every tread; the stairs are the main way between decks.",1.81,12,638,1.81,12,638
1,SS1,Starboard Stair Tower,SS1-01,Stair level signage,sign_deck_1,sign,Deck 1,wall,1,800,950,45,Wayfinding and hazard marking.,Deck number plate and exit arrow at the landing tell people which level they are on and where the exit is.,2.0,0.0,83.5,2.0,0.0,83.5
1,SS1,Starboard Stair Tower,SS1-01,Stair level signage,sign_exit_arrow,sign,Exit Arrow,wall,1,700,240,42,Wayfinding and hazard marking.,Deck number plate and exit arrow at the landing tell people which level they are on and where the exit is.,0.37,0.0,38.1,0.37,0.0,38.1
1,SS1,Starboard Stair Tower,SS1-02,Fire extinguisher and emergency lighting,beacon_emergency_lighting_unit,beacon,Emergency Lighting Unit,wall,1,426,160,171,Gives light and visual or audible warning during alarms and power loss.,Stair towers are protected escape routes: a hand extinguisher and battery lights are mandatory at every level.,1.37,6.1,467,1.37,6.1,467
1,SS1,Starboard Stair Tower,SS1-02,Fire extinguisher and emergency lighting,safety_fire_extinguisher,safety,Fire Extinguisher,wall,1,300,735,199,"Fire, first-aid, breach and emergency gear required by regulation.",Stair towers are protected escape routes: a hand extinguisher and battery lights are mandatory at every level.,4.26,0.0,869,4.26,0.0,869
1,SS1,Starboard Stair Tower,SS1-03,Stair lighting,ceilinglight_flush_dome,ceilinglight,Flush Dome,ceiling,1,638,176,638,General lighting sized to the task in the room.,"Recessed downlights over the deck-level strip and, where the ceiling is solid, over the landing light every tread; the stairs are the main way between decks.",10.2,20,2400,10.2,20,2400
1,SS1,Starboard Stair Tower,SS1-03,Stair lighting,ceilinglight_round_downlight,ceilinglight,Round Downlight,ceiling,1,338,110,338,General lighting sized to the task in the room.,"Recessed downlights over the deck-level strip and, where the ceiling is solid, over the landing light every tread; the stairs are the main way between decks.",1.81,12,638,1.81,12,638
1,BR,Bridge,BR-01,Ceiling lighting,ceilinglight_cage_light,ceilinglight,Cage Light,ceiling,1,214,232,220,General lighting sized to the task in the room.,"Low-glare recessed fixtures on a 4 m grid give about 250 lux on the stations, deliberately dimmer than other rooms so the displays and the star field stay readable.",1.54,10,606,1.54,10,606
1,BR,Bridge,BR-01,Ceiling lighting,ceilinglight_linear_fixture_1_2,ceilinglight,Linear Fixture 1.2,ceiling,1,1250,62,160,General lighting sized to the task in the room.,"Low-glare recessed fixtures on a 4 m grid give about 250 lux on the stations, deliberately dimmer than other rooms so the displays and the star field stay readable.",1.62,12,487,1.62,12,487
1,BR,Bridge,BR-01,Ceiling lighting,ceilinglight_panel_troffer_0_6x1_2,ceilinglight,Panel Troffer 0.6X1.2,ceiling,1,620,98,1260,General lighting sized to the task in the room.,"Low-glare recessed fixtures on a 4 m grid give about 250 lux on the stations, deliberately dimmer than other rooms so the displays and the star field stay readable.",10.6,21,2470,10.6,21,2470
1,BR,Bridge,BR-01,Ceiling lighting,ceilinglight_recessed_hex_cells,ceilinglight,Recessed Hex Cells,ceiling,1,994,73,866,General lighting sized to the task in the room.,"Low-glare recessed fixtures on a 4 m grid give about 250 lux on the stations, deliberately dimmer than other rooms so the displays and the star field stay readable.",9.03,16,2560,9.03,16,2560
1,BR,Bridge,BR-01,Ceiling lighting,ceilinglight_ring_light,ceilinglight,Ring Light,ceiling,1,960,136,960,General lighting sized to the task in the room.,"Low-glare recessed fixtures on a 4 m grid give about 250 lux on the stations, deliberately dimmer than other rooms so the displays and the star field stay readable.",17.1,24,4380,17.1,24,4380
1,BR,Bridge,BR-01,Ceiling lighting,ceilinglight_square_panel_1x1,ceilinglight,Square Panel 1X1,ceiling,1,1000,79,1000,General lighting sized to the task in the room.,"Low-glare recessed fixtures on a 4 m grid give about 250 lux on the stations, deliberately dimmer than other rooms so the displays and the star field stay readable.",10.6,18,3360,10.6,18,3360
1,BR,Bridge,BR-02,Command chair and podium,console_captain_podium,console,Captain Podium,floor,1,600,1178,550,Operator station with displays and controls for one ship function.,"The captain's chair sits on the centreline one third back from the nose, where the whole glazing arc and every station are in view, with the captain's podium console at its right arm for ship-wide orders.  No console stands between the chair and the bow except the two flight stations.",50.5,210,87500,50.5,210,87500
1,BR,Bridge,BR-02,Command chair and podium,seat_captain_command_chair,seat,Captain Command Chair,floor,1,870,1462,767,Operator chair for console positions.,"The captain's chair sits on the centreline one third back from the nose, where the whole glazing arc and every station are in view, with the captain's podium console at its right arm for ship-wide orders.  No console stands between the chair and the bow except the two flight stations.",33.8,0.0,1780,33.8,0.0,1780
1,BR,Bridge,BR-03,Helm and operations (forward row),console_helm,console,Helm,floor,1,1716,1432,904,Operator station with displays and controls for one ship function.,"Helm and ops are the two stations that steer and run the ship, so they sit forward on the centreline facing the main glazing.  The 1.0 m gap between them keeps the captain's line of sight to the nose window; each pilot sits behind the console with his back to the captain.",287.3,400,433000,287.3,400,433000
1,BR,Bridge,BR-03,Helm and operations (forward row),console_ops,console,Ops,floor,1,2116,1525,864,Operator station with displays and controls for one ship function.,"Helm and ops are the two stations that steer and run the ship, so they sit forward on the centreline facing the main glazing.  The 1.0 m gap between them keeps the captain's line of sight to the nose window; each pilot sits behind the console with his back to the captain.",401.4,450,589000,401.4,450,589000
1,BR,Bridge,BR-03,Helm and operations (forward row),seat_helm_chair,seat,Helm Chair,floor,1,620,1030,649,Operator chair for console positions.,"Helm and ops are the two stations that steer and run the ship, so they sit forward on the centreline facing the main glazing.  The 1.0 m gap between them keeps the captain's line of sight to the nose window; each pilot sits behind the console with his back to the captain.",13.4,0.0,872,13.4,0.0,872
1,BR,Bridge,BR-03,Helm and operations (forward row),seat_ops_chair,seat,Ops Chair,floor,1,635,1025,630,Operator chair for console positions.,"Helm and ops are the two stations that steer and run the ship, so they sit forward on the centreline facing the main glazing.  The 1.0 m gap between them keeps the captain's line of sight to the nose window; each pilot sits behind the console with his back to the captain.",12.9,0.0,808,12.9,0.0,808
1,BR,Bridge,BR-04,Navigation and flight control (forward wings),console_flight_control,console,Flight Control,floor,1,1616,1395,954,Operator station with displays and controls for one ship function.,Navigation plots the course and flight control handles the craft and docking traffic; both are angled 25 degrees toward the captain on the forward wings so every screen can be read from the command chair.,305.2,430,475000,305.2,430,475000
1,BR,Bridge,BR-04,Navigation and flight control (forward wings),console_navigation,console,Navigation,floor,1,1916,1390,904,Operator station with displays and controls for one ship function.,Navigation plots the course and flight control handles the craft and docking traffic; both are angled 25 degrees toward the captain on the forward wings so every screen can be read from the command chair.,352.0,470,598000,352.0,470,598000
1,BR,Bridge,BR-04,Navigation and flight control (forward wings),seat_helm_chair,seat,Helm Chair,floor,1,620,1030,649,Operator chair for console positions.,Navigation plots the course and flight control handles the craft and docking traffic; both are angled 25 degrees toward the captain on the forward wings so every screen can be read from the command chair.,13.4,0.0,872,13.4,0.0,872
1,BR,Bridge,BR-04,Navigation and flight control (forward wings),seat_ops_chair,seat,Ops Chair,floor,1,635,1025,630,Operator chair for console positions.,Navigation plots the course and flight control handles the craft and docking traffic; both are angled 25 degrees toward the captain on the forward wings so every screen can be read from the command chair.,12.9,0.0,808,12.9,0.0,808
1,BR,Bridge,BR-05,Tactical table,holo_briefing_table,holo,Briefing Table,floor,1,1594,1790,1594,Three-dimensional display for briefings and tactical planning.,"A holographic tactical table on the starboard side, within two steps of the command chair, lets the captain and the tactical officer review a threat picture together; the plinth on the port side shows the ship's own damage and systems schematic.",600.4,2600,841000,600.4,2600,841000
1,BR,Bridge,BR-05,Tactical table,holo_ship_schematic_projector,holo,Ship Schematic Projector,floor,1,896,1450,896,Three-dimensional display for briefings and tactical planning.,"A holographic tactical table on the starboard side, within two steps of the command chair, lets the captain and the tactical officer review a threat picture together; the plinth on the port side shows the ship's own damage and systems schematic.",148.2,830,232000,148.2,830,232000
1,BR,Bridge,BR-06,Aft systems stations,console_communications,console,Communications,floor,1,1485,1371,804,Operator station with displays and controls for one ship function.,"Tactical, engineering, science and communications stand against the solid aft bulkhead between the doors, facing forward, so these watchstanders work with the whole bridge in front of them and out of the flight crew's way.  Each has its own chair and a wall display above it carrying that station's repeater.",212.0,370,422000,212.0,370,422000
1,BR,Bridge,BR-06,Aft systems stations,console_engineering_status,console,Engineering Status,floor,1,1816,1596,857,Operator station with displays and controls for one ship function.,"Tactical, engineering, science and communications stand against the solid aft bulkhead between the doors, facing forward, so these watchstanders work with the whole bridge in front of them and out of the flight crew's way.  Each has its own chair and a wall display above it carrying that station's repeater.",344.6,490,679000,344.6,490,679000
1,BR,Bridge,BR-06,Aft systems stations,console_science,console,Science,floor,1,1516,1351,904,Operator station with displays and controls for one ship function.,"Tactical, engineering, science and communications stand against the solid aft bulkhead between the doors, facing forward, so these watchstanders work with the whole bridge in front of them and out of the flight crew's way.  Each has its own chair and a wall display above it carrying that station's repeater.",259.6,370,527000,259.6,370,527000
1,BR,Bridge,BR-06,Aft systems stations,console_tactical,console,Tactical,floor,1,1816,1469,954,Operator station with displays and controls for one ship function.,"Tactical, engineering, science and communications stand against the solid aft bulkhead between the doors, facing forward, so these watchstanders work with the whole bridge in front of them and out of the flight crew's way.  Each has its own chair and a wall display above it carrying that station's repeater.",335.2,450,460000,335.2,450,460000
1,BR,Bridge,BR-06,Aft systems stations,seat_comms_chair,seat,Comms Chair,floor,1,717,1340,764,Operator chair for console positions.,"Tactical, engineering, science and communications stand against the solid aft bulkhead between the doors, facing forward, so these watchstanders work with the whole bridge in front of them and out of the flight crew's way.  Each has its own chair and a wall display above it carrying that station's repeater.",24.0,0.0,1190,24.0,0.0,1190
1,BR,Bridge,BR-06,Aft systems stations,seat_ops_chair,seat,Ops Chair,floor,1,635,1025,630,Operator chair for console positions.,"Tactical, engineering, science and communications stand against the solid aft bulkhead between the doors, facing forward, so these watchstanders work with the whole bridge in front of them and out of the flight crew's way.  Each has its own chair and a wall display above it carrying that station's repeater.",12.9,0.0,808,12.9,0.0,808
1,BR,Bridge,BR-06,Aft systems stations,seat_science_stool,seat,Science Stool,floor,1,558,646,558,Operator chair for console positions.,"Tactical, engineering, science and communications stand against the solid aft bulkhead between the doors, facing forward, so these watchstanders work with the whole bridge in front of them and out of the flight crew's way.  Each has its own chair and a wall display above it carrying that station's repeater.",6.16,0.0,528,6.16,0.0,528
1,BR,Bridge,BR-06,Aft systems stations,seat_tactical_chair,seat,Tactical Chair,floor,1,670,1441,683,Operator chair for console positions.,"Tactical, engineering, science and communications stand against the solid aft bulkhead between the doors, facing forward, so these watchstanders work with the whole bridge in front of them and out of the flight crew's way.  Each has its own chair and a wall display above it carrying that station's repeater.",20.5,0.0,1100,20.5,0.0,1100
1,BR,Bridge,BR-07,Station repeater displays,display_status_board,display,Status Board,wall,2,1500,1055,95,"Shows status, plans and sensor data to people in the room.",A display above each aft station repeats its data at head height for the captain and for anyone standing behind the operator; the aft wall is solid so no glazing is covered.,10.1,83,18000,20.2,166,36000
1,BR,Bridge,BR-07,Station repeater displays,display_tactical_wall_screen,display,Tactical Wall Screen,wall,1,1990,1395,180,"Shows status, plans and sensor data to people in the room.",A display above each aft station repeats its data at head height for the captain and for anyone standing behind the operator; the aft wall is solid so no glazing is covered.,33.2,190,55500,33.2,190,55500
1,BR,Bridge,BR-07,Station repeater displays,display_wing_display,display,Wing Display,wall,1,1572,745,306,"Shows status, plans and sensor data to people in the room.",A display above each aft station repeats its data at head height for the captain and for anyone standing behind the operator; the aft wall is solid so no glazing is covered.,24.0,150,43500,24.0,150,43500
1,BR,Bridge,BR-08,Door signs and wall clock,clock_dual_time_ship_clock,clock,Dual Time Ship Clock,wall,1,900,420,98,Shared time reference for watch changes.,Each door on the aft wall is labelled on the bridge side; one ship's clock keeps the watch.,3.44,2.0,3610,3.44,2.0,3610
1,BR,Bridge,BR-08,Door signs and wall clock,sign_emergency_exit,sign,Emergency Exit,wall,1,560,240,84,Wayfinding and hazard marking.,Each door on the aft wall is labelled on the bridge side; one ship's clock keeps the watch.,0.63,0.0,44.2,0.63,0.0,44.2
1,BR,Bridge,BR-09,Emergency and fire protection,safety_damage_control_locker,safety,Damage Control Locker,floor,1,1000,2000,625,"Fire, first-aid, breach and emergency gear required by regulation.","A damage-control locker beside the centre door and an extinguisher at the west end stand on the aft wall, where crew can reach them from any station within ten paces; suppression nozzles are over the forward stations.",110.6,0.0,23700,110.6,0.0,23700
1,BR,Bridge,BR-09,Emergency and fire protection,safety_fire_extinguisher,safety,Fire Extinguisher,wall,1,300,735,199,"Fire, first-aid, breach and emergency gear required by regulation.","A damage-control locker beside the centre door and an extinguisher at the west end stand on the aft wall, where crew can reach them from any station within ten paces; suppression nozzles are over the forward stations.",4.26,0.0,869,4.26,0.0,869
1,BR,Bridge,BR-09,Emergency and fire protection,safety_suppression_nozzle,safety,Suppression Nozzle,ceiling,3,300,500,300,"Fire, first-aid, breach and emergency gear required by regulation.","A damage-control locker beside the centre door and an extinguisher at the west end stand on the aft wall, where crew can reach them from any station within ten paces; suppression nozzles are over the forward stations.",4.01,0.0,704,12.03,0.0,2112
1,RR,Captain's Ready Room,RR-01,Ceiling lighting,ceilinglight_panel_troffer_0_6x1_2,ceilinglight,Panel Troffer 0.6X1.2,ceiling,1,620,98,1260,General lighting sized to the task in the room.,"Warm, dimmable downlights (about 300 lux) suit desk work and conversation; the fixtures sit over the desk and the sofa group.",10.6,21,2470,10.6,21,2470
1,RR,Captain's Ready Room,RR-01,Ceiling lighting,ceilinglight_round_downlight,ceilinglight,Round Downlight,ceiling,1,338,110,338,General lighting sized to the task in the room.,"Warm, dimmable downlights (about 300 lux) suit desk work and conversation; the fixtures sit over the desk and the sofa group.",1.81,12,638,1.81,12,638
1,RR,Captain's Ready Room,RR-01,Ceiling lighting,ceilinglight_square_panel_1x1,ceilinglight,Square Panel 1X1,ceiling,1,1000,79,1000,General lighting sized to the task in the room.,"Warm, dimmable downlights (about 300 lux) suit desk work and conversation; the fixtures sit over the desk and the sofa group.",10.6,18,3360,10.6,18,3360
1,RR,Captain's Ready Room,RR-01,Ceiling lighting,ceilinglight_triple_spot_rail,ceilinglight,Triple Spot Rail,ceiling,1,1100,220,156,General lighting sized to the task in the room.,"Warm, dimmable downlights (about 300 lux) suit desk work and conversation; the fixtures sit over the desk and the sofa group.",5.37,15,1350,5.37,15,1350
1,RR,Captain's Ready Room,RR-02,Captain's desk,chair_swivel_office_chair,chair,Swivel Office Chair,floor,1,623,1125,625,Seating for desks and tables.,"A large officer desk is the centre of the office; the captain sits on its west side with the door in view, the hull at his back, and the visitors' side open to the room.  Desk terminal, lamp and a datapad are on the top.",8.48,0.0,459,8.48,0.0,459
1,RR,Captain's Ready Room,RR-02,Captain's desk,desk_officer_desk,desk,Officer Desk,floor,1,1820,1213,862,Work surface for paperwork and terminals.,"A large officer desk is the centre of the office; the captain sits on its west side with the door in view, the hull at his back, and the visitors' side open to the room.  Desk terminal, lamp and a datapad are on the top.",56.8,0.0,2210,56.8,0.0,2210
1,RR,Captain's Ready Room,RR-02,Captain's desk,lamp_architect_desk_lamp,lamp,Architect Desk Lamp,table,1,475,439,180,Local task or mood lighting.,"A large officer desk is the centre of the office; the captain sits on its west side with the door in view, the hull at his back, and the visitors' side open to the room.  Desk terminal, lamp and a datapad are on the top.",3.33,14,760,3.33,14,760
1,RR,Captain's Ready Room,RR-02,Captain's desk,terminal_datapad_stack,terminal,Datapad Stack,table,1,225,43,185,Data entry and information access.,"A large officer desk is the centre of the office; the captain sits on its west side with the door in view, the hull at his back, and the visitors' side open to the room.  Desk terminal, lamp and a datapad are on the top.",0.4,4.0,411,0.4,4.0,411
1,RR,Captain's Ready Room,RR-02,Captain's desk,terminal_desk_terminal,terminal,Desk Terminal,table,1,370,403,265,Data entry and information access.,"A large officer desk is the centre of the office; the captain sits on its west side with the door in view, the hull at his back, and the visitors' side open to the room.  Desk terminal, lamp and a datapad are on the top.",9.45,18,12600,9.45,18,12600
1,RR,Captain's Ready Room,RR-03,Visitors' chairs,chair_armchair,chair,Armchair,floor,2,860,995,800,Seating for desks and tables.,"Two armchairs face the desk across its front edge for briefings; two is the number of officers the captain normally receives at once, and the pair leaves the route from the door to the desk open.",12.0,0.0,518,24.0,0.0,1036
1,RR,Captain's Ready Room,RR-04,Sofa group,couch_lounge_armchair,couch,Lounge Armchair,floor,1,1020,1272,1020,Soft seating for rest and informal meetings.,"A three-seater sofa, coffee table and two lounge chairs form an informal corner where the captain can talk with a guest without the desk between them; it is placed on the south wall away from the traffic line door-to-desk.",39.1,0.0,1540,39.1,0.0,1540
1,RR,Captain's Ready Room,RR-04,Sofa group,couch_three_seater_sofa,couch,Three-Seater Sofa,floor,1,2300,980,970,Soft seating for rest and informal meetings.,"A three-seater sofa, coffee table and two lounge chairs form an informal corner where the captain can talk with a guest without the desk between them; it is placed on the south wall away from the traffic line door-to-desk.",67.6,0.0,2840,67.6,0.0,2840
1,RR,Captain's Ready Room,RR-04,Sofa group,table_coffee_table,table,Coffee Table,floor,1,1120,422,620,"Work, meeting or dining surface.","A three-seater sofa, coffee table and two lounge chairs form an informal corner where the captain can talk with a guest without the desk between them; it is placed on the south wall away from the traffic line door-to-desk.",9.37,0.0,417,9.37,0.0,417
1,RR,Captain's Ready Room,RR-04,Sofa group,tableware_cups_and_mugs,tableware,Cups And Mugs,table,1,318,100,283,"Plates, cups and condiments on tables.","A three-seater sofa, coffee table and two lounge chairs form an informal corner where the captain can talk with a guest without the desk between them; it is placed on the south wall away from the traffic line door-to-desk.",2.52,0.0,957,2.52,0.0,957
1,RR,Captain's Ready Room,RR-04,Sofa group,tableware_teapot,tableware,Teapot,table,1,353,209,180,"Plates, cups and condiments on tables.","A three-seater sofa, coffee table and two lounge chairs form an informal corner where the captain can talk with a guest without the desk between them; it is placed on the south wall away from the traffic line door-to-desk.",3.41,0.0,1350,3.41,0.0,1350
1,RR,Captain's Ready Room,RR-05,Coffee point,galley_coffee_machine,galley,Coffee Machine,floor,1,900,1725,642,"Food storage, cooking and dish-washing equipment.",A coffee machine and a side table with cups so the captain can offer a drink without calling the galley; beside the bridge door so it is on the way in.,169.5,2300,57300,169.5,2300,57300
1,RR,Captain's Ready Room,RR-05,Coffee point,table_side_table,table,Side Table,floor,1,522,554,542,"Work, meeting or dining surface.",A coffee machine and a side table with cups so the captain can offer a drink without calling the galley; beside the bridge door so it is on the way in.,5.12,0.0,320,5.12,0.0,320
1,RR,Captain's Ready Room,RR-05,Coffee point,tableware_cups_and_mugs,tableware,Cups And Mugs,table,1,318,100,283,"Plates, cups and condiments on tables.",A coffee machine and a side table with cups so the captain can offer a drink without calling the galley; beside the bridge door so it is on the way in.,2.52,0.0,957,2.52,0.0,957
1,RR,Captain's Ready Room,RR-06,Bookshelves and trophy case,locker_display_cabinet,locker,Display Cabinet,wall,1,800,900,342,Secure storage for personal gear and issue equipment.,Bookcases on the north and east walls hold the ship's library and logs; a wall display case shows mission mementos.  Wall-standing units leave the middle of the room open.,22.0,0.0,908,22.0,0.0,908
1,RR,Captain's Ready Room,RR-06,Bookshelves and trophy case,shelving_pigeonhole,shelving,Pigeonhole,floor,2,1700,2015,500,"Open storage for parts, stores and gear.",Bookcases on the north and east walls hold the ship's library and logs; a wall display case shows mission mementos.  Wall-standing units leave the middle of the room open.,131.5,0.0,14400,263.0,0.0,28800
1,RR,Captain's Ready Room,RR-07,Displays,display_chronometer_clock,display,Chronometer Clock,wall,1,650,650,100,"Shows status, plans and sensor data to people in the room.",A status board on the east wall and a holo frame over the desk show the ship's state and the day's schedule without the captain having to walk to the bridge.,3.08,36,6220,3.08,36,6220
1,RR,Captain's Ready Room,RR-07,Displays,display_holo_frame_panel,display,Holo Frame Panel,wall,1,1490,860,85,"Shows status, plans and sensor data to people in the room.",A status board on the east wall and a holo frame over the desk show the ship's state and the day's schedule without the captain having to walk to the bridge.,6.51,65,10100,6.51,65,10100
1,RR,Captain's Ready Room,RR-07,Displays,display_status_board,display,Status Board,wall,1,1500,1055,95,"Shows status, plans and sensor data to people in the room.",A status board on the east wall and a holo frame over the desk show the ship's state and the day's schedule without the captain having to walk to the bridge.,10.1,83,18000,10.1,83,18000
1,RR,Captain's Ready Room,RR-08,Plants and lamps,lamp_floor_lamp,lamp,Floor Lamp,floor,1,619,1760,320,Local task or mood lighting.,A ficus in the south-west corner and a floor lamp beside the sofa give the room a domestic feel.,31.1,63,9810,31.1,63,9810
1,RR,Captain's Ready Room,RR-08,Plants and lamps,plant_ficus_tree,plant,Ficus Tree,floor,1,888,1936,1007,Improves wellbeing and air quality.,A ficus in the south-west corner and a floor lamp beside the sofa give the room a domestic feel.,153.8,0.0,9470,153.8,0.0,9470
1,RR,Captain's Ready Room,RR-09,Safety and signs,safety_fire_extinguisher,safety,Fire Extinguisher,wall,1,300,735,199,"Fire, first-aid, breach and emergency gear required by regulation.","Extinguisher by the corridor door, exit sign over it.",4.26,0.0,869,4.26,0.0,869
1,RR,Captain's Ready Room,RR-09,Safety and signs,sign_emergency_exit,sign,Emergency Exit,wall,1,560,240,84,Wayfinding and hazard marking.,"Extinguisher by the corridor door, exit sign over it.",0.63,0.0,44.2,0.63,0.0,44.2
1,OL,Observation Lounge,OL-01,Ceiling lighting,ceilinglight_cage_light,ceilinglight,Cage Light,ceiling,1,214,232,220,General lighting sized to the task in the room.,"Warm, dimmable light (about 150 lux) with the windows unobstructed for star viewing; one fixture over each seating group.",1.54,10,606,1.54,10,606
1,OL,Observation Lounge,OL-01,Ceiling lighting,ceilinglight_emergency_fixture,ceilinglight,Emergency Fixture,ceiling,1,560,185,171,General lighting sized to the task in the room.,"Warm, dimmable light (about 150 lux) with the windows unobstructed for star viewing; one fixture over each seating group.",2.29,13,784,2.29,13,784
1,OL,Observation Lounge,OL-01,Ceiling lighting,ceilinglight_flush_dome,ceilinglight,Flush Dome,ceiling,1,638,176,638,General lighting sized to the task in the room.,"Warm, dimmable light (about 150 lux) with the windows unobstructed for star viewing; one fixture over each seating group.",10.2,20,2400,10.2,20,2400
1,OL,Observation Lounge,OL-01,Ceiling lighting,ceilinglight_linear_fixture_1_2,ceilinglight,Linear Fixture 1.2,ceiling,1,1250,62,160,General lighting sized to the task in the room.,"Warm, dimmable light (about 150 lux) with the windows unobstructed for star viewing; one fixture over each seating group.",1.62,12,487,1.62,12,487
1,OL,Observation Lounge,OL-01,Ceiling lighting,ceilinglight_recessed_hex_cells,ceilinglight,Recessed Hex Cells,ceiling,1,994,73,866,General lighting sized to the task in the room.,"Warm, dimmable light (about 150 lux) with the windows unobstructed for star viewing; one fixture over each seating group.",9.03,16,2560,9.03,16,2560
1,OL,Observation Lounge,OL-01,Ceiling lighting,ceilinglight_ring_light,ceilinglight,Ring Light,ceiling,1,960,136,960,General lighting sized to the task in the room.,"Warm, dimmable light (about 150 lux) with the windows unobstructed for star viewing; one fixture over each seating group.",17.1,24,4380,17.1,24,4380
1,OL,Observation Lounge,OL-02,Window seating groups,couch_observation_sofa,couch,Observation Sofa,floor,2,3161,1000,1271,Soft seating for rest and informal meetings.,Each 3.2 m window is paired with one group: a long observation sofa faces the glass across a low coffee table. The sofa stays 3 m back so nobody's view is blocked and nothing tall stands in front of the glazing.,120.3,0.0,5190,240.6,0.0,10380
1,OL,Observation Lounge,OL-02,Window seating groups,plant_succulent_set,plant,Succulent Set,table,1,387,149,300,Improves wellbeing and air quality.,Each 3.2 m window is paired with one group: a long observation sofa faces the glass across a low coffee table. The sofa stays 3 m back so nobody's view is blocked and nothing tall stands in front of the glazing.,1.52,0.0,314,1.52,0.0,314
1,OL,Observation Lounge,OL-02,Window seating groups,table_coffee_table,table,Coffee Table,floor,2,1120,422,620,"Work, meeting or dining surface.",Each 3.2 m window is paired with one group: a long observation sofa faces the glass across a low coffee table. The sofa stays 3 m back so nobody's view is blocked and nothing tall stands in front of the glazing.,9.37,0.0,417,18.74,0.0,834
1,OL,Observation Lounge,OL-02,Window seating groups,tableware_bottle_and_glasses,tableware,Bottle And Glasses,table,1,260,315,160,"Plates, cups and condiments on tables.",Each 3.2 m window is paired with one group: a long observation sofa faces the glass across a low coffee table. The sofa stays 3 m back so nobody's view is blocked and nothing tall stands in front of the glazing.,3.88,0.0,1380,3.88,0.0,1380
1,OL,Observation Lounge,OL-03,Lounge chairs on the window flanks,chair_lounge_chair,chair,Lounge Chair,floor,2,634,1105,871,Seating for desks and tables.,One armchair at the north end of the first sofa and one at the south end of the second close the groups into conversation circles and turn toward the windows; the 2.3 m gap between the sofas stays open as the route to the telescope.,11.7,0.0,561,23.4,0.0,1122
1,OL,Observation Lounge,OL-04,Telescope and star globe,holo_star_map_globe,holo,Star Map Globe,floor,1,696,1741,696,Three-dimensional display for briefings and tactical planning.,A visitor telescope stands on the solid wall piece between the two windows so it can be turned to either; the star-map globe by the north window is where people find the constellation they just saw.,101.4,630,188000,101.4,630,188000
1,OL,Observation Lounge,OL-04,Telescope and star globe,telescope_observation_telescope,telescope,Observation Telescope,floor,1,1099,1907,1180,Optical observation and star tracking.,A visitor telescope stands on the solid wall piece between the two windows so it can be turned to either; the star-map globe by the north window is where people find the constellation they just saw.,497.7,780,1260000,497.7,780,1260000
1,OL,Observation Lounge,OL-05,Bar,couch_bar_stool,couch,Bar Stool,floor,3,478,960,478,Soft seating for rest and informal meetings.,"A bar counter with stools along the south wall and a refrigerator, coffee machine and water cooler behind it handle drinks for receptions without bringing a steward; it sits at the far end from the door so queues do not block the entrance.",6.55,0.0,474,19.65,0.0,1422
1,OL,Observation Lounge,OL-05,Bar,galley_coffee_machine,galley,Coffee Machine,floor,1,900,1725,642,"Food storage, cooking and dish-washing equipment.","A bar counter with stools along the south wall and a refrigerator, coffee machine and water cooler behind it handle drinks for receptions without bringing a steward; it sits at the far end from the door so queues do not block the entrance.",169.5,2300,57300,169.5,2300,57300
1,OL,Observation Lounge,OL-05,Bar,galley_refrigerator,galley,Refrigerator,floor,1,800,1900,840,"Food storage, cooking and dish-washing equipment.","A bar counter with stools along the south wall and a refrigerator, coffee machine and water cooler behind it handle drinks for receptions without bringing a steward; it sits at the far end from the door so queues do not block the entrance.",202.9,320,78300,202.9,320,78300
1,OL,Observation Lounge,OL-05,Bar,galley_water_cooler,galley,Water Cooler,floor,1,360,1445,510,"Food storage, cooking and dish-washing equipment.","A bar counter with stools along the south wall and a refrigerator, coffee machine and water cooler behind it handle drinks for receptions without bringing a steward; it sits at the far end from the door so queues do not block the entrance.",41.1,83,11600,41.1,83,11600
1,OL,Observation Lounge,OL-05,Bar,table_bar_counter,table,Bar Counter,floor,2,1800,1062,715,"Work, meeting or dining surface.","A bar counter with stools along the south wall and a refrigerator, coffee machine and water cooler behind it handle drinks for receptions without bringing a steward; it sits at the far end from the door so queues do not block the entrance.",45.9,0.0,1700,91.8,0.0,3400
1,OL,Observation Lounge,OL-05,Bar,tableware_bottle_and_glasses,tableware,Bottle And Glasses,table,2,260,315,160,"Plates, cups and condiments on tables.","A bar counter with stools along the south wall and a refrigerator, coffee machine and water cooler behind it handle drinks for receptions without bringing a steward; it sits at the far end from the door so queues do not block the entrance.",3.88,0.0,1380,7.76,0.0,2760
1,OL,Observation Lounge,OL-05,Bar,tableware_cups_and_mugs,tableware,Cups And Mugs,table,2,318,100,283,"Plates, cups and condiments on tables.","A bar counter with stools along the south wall and a refrigerator, coffee machine and water cooler behind it handle drinks for receptions without bringing a steward; it sits at the far end from the door so queues do not block the entrance.",2.52,0.0,957,5.04,0.0,1914
1,OL,Observation Lounge,OL-06,Reading corner and library,chair_armchair,chair,Armchair,floor,2,860,995,800,Seating for desks and tables.,Two bookcases on the north wall form a small library; two armchairs and a side table with a reading lamp under it give a quiet place to read away from the bar.,12.0,0.0,518,24.0,0.0,1036
1,OL,Observation Lounge,OL-06,Reading corner and library,lamp_table_lamp,lamp,Table Lamp,table,1,250,472,250,Local task or mood lighting.,Two bookcases on the north wall form a small library; two armchairs and a side table with a reading lamp under it give a quiet place to read away from the bar.,2.85,14,1050,2.85,14,1050
1,OL,Observation Lounge,OL-06,Reading corner and library,shelving_pigeonhole,shelving,Pigeonhole,floor,2,1700,2015,500,"Open storage for parts, stores and gear.",Two bookcases on the north wall form a small library; two armchairs and a side table with a reading lamp under it give a quiet place to read away from the bar.,131.5,0.0,14400,263.0,0.0,28800
1,OL,Observation Lounge,OL-06,Reading corner and library,table_side_table,table,Side Table,floor,1,522,554,542,"Work, meeting or dining surface.",Two bookcases on the north wall form a small library; two armchairs and a side table with a reading lamp under it give a quiet place to read away from the bar.,5.12,0.0,320,5.12,0.0,320
1,OL,Observation Lounge,OL-07,Plants,plant_fern,plant,Fern,floor,1,1568,876,1435,Improves wellbeing and air quality.,"A ficus and a fern soften the room's corners; they are kept against solid wall, never in front of glass.",167.5,0.0,9120,167.5,0.0,9120
1,OL,Observation Lounge,OL-07,Plants,plant_ficus_tree,plant,Ficus Tree,floor,1,888,1936,1007,Improves wellbeing and air quality.,"A ficus and a fern soften the room's corners; they are kept against solid wall, never in front of glass.",153.8,0.0,9470,153.8,0.0,9470
1,OL,Observation Lounge,OL-08,Displays and lamps,display_chronometer_clock,display,Chronometer Clock,wall,1,650,650,100,"Shows status, plans and sensor data to people in the room.",A wall display by the entrance shows the ship's position chart and a wall clock keeps the watch; an uplight by the door gives soft indirect light.,3.08,36,6220,3.08,36,6220
1,OL,Observation Lounge,OL-08,Displays and lamps,display_hex_display,display,Hex Display,wall,1,1090,952,105,"Shows status, plans and sensor data to people in the room.",A wall display by the entrance shows the ship's position chart and a wall clock keeps the watch; an uplight by the door gives soft indirect light.,7.16,69,12600,7.16,69,12600
1,OL,Observation Lounge,OL-08,Displays and lamps,lamp_uplight,lamp,Uplight,floor,1,360,1590,360,Local task or mood lighting.,A wall display by the entrance shows the ship's position chart and a wall clock keeps the watch; an uplight by the door gives soft indirect light.,19.0,39,5860,19.0,39,5860
1,OL,Observation Lounge,OL-09,Safety and signs,safety_fire_extinguisher,safety,Fire Extinguisher,wall,2,300,735,199,"Fire, first-aid, breach and emergency gear required by regulation.",Extinguisher and first-aid signage by the door and at the bar.,4.26,0.0,869,8.52,0.0,1738
1,OL,Observation Lounge,OL-09,Safety and signs,sign_dept_quarters,sign,Dept Quarters,wall,1,1000,400,52,Wayfinding and hazard marking.,Extinguisher and first-aid signage by the door and at the bar.,1.17,0.0,114,1.17,0.0,114
1,CR,Conference Room,CR-01,Ceiling lighting,ceilinglight_flush_dome,ceilinglight,Flush Dome,ceiling,1,638,176,638,General lighting sized to the task in the room.,"Even 400 lux over the table (two fixtures in line with it), cooler colour temperature to keep the meeting alert.",10.2,20,2400,10.2,20,2400
1,CR,Conference Room,CR-01,Ceiling lighting,ceilinglight_triple_spot_rail,ceilinglight,Triple Spot Rail,ceiling,1,1100,220,156,General lighting sized to the task in the room.,"Even 400 lux over the table (two fixtures in line with it), cooler colour temperature to keep the meeting alert.",5.37,15,1350,5.37,15,1350
1,CR,Conference Room,CR-02,Conference table,table_conference_table,table,Conference Table,floor,2,3010,789,1210,"Work, meeting or dining surface.","Two 3 m conference tables joined end to end make a 6 m boardroom table, long enough for 12 seats and short enough to keep 1.4 m of aisle to the walls.  Datapads and a water pitcher wait on top.",100.7,0.0,4410,201.4,0.0,8820
1,CR,Conference Room,CR-02,Conference table,tableware_bottle_and_glasses,tableware,Bottle And Glasses,table,1,260,315,160,"Plates, cups and condiments on tables.","Two 3 m conference tables joined end to end make a 6 m boardroom table, long enough for 12 seats and short enough to keep 1.4 m of aisle to the walls.  Datapads and a water pitcher wait on top.",3.88,0.0,1380,3.88,0.0,1380
1,CR,Conference Room,CR-02,Conference table,tableware_cups_and_mugs,tableware,Cups And Mugs,table,1,318,100,283,"Plates, cups and condiments on tables.","Two 3 m conference tables joined end to end make a 6 m boardroom table, long enough for 12 seats and short enough to keep 1.4 m of aisle to the walls.  Datapads and a water pitcher wait on top.",2.52,0.0,957,2.52,0.0,957
1,CR,Conference Room,CR-02,Conference table,tableware_pitcher,tableware,Pitcher,table,1,280,255,176,"Plates, cups and condiments on tables.","Two 3 m conference tables joined end to end make a 6 m boardroom table, long enough for 12 seats and short enough to keep 1.4 m of aisle to the walls.  Datapads and a water pitcher wait on top.",3.64,0.0,1220,3.64,0.0,1220
1,CR,Conference Room,CR-02,Conference table,terminal_datapad,terminal,Datapad,table,1,200,16,146,Data entry and information access.,"Two 3 m conference tables joined end to end make a 6 m boardroom table, long enough for 12 seats and short enough to keep 1.4 m of aisle to the walls.  Datapads and a water pitcher wait on top.",0.1,3.3,140,0.1,3.3,140
1,CR,Conference Room,CR-02,Conference table,terminal_datapad_stack,terminal,Datapad Stack,table,2,225,43,185,Data entry and information access.,"Two 3 m conference tables joined end to end make a 6 m boardroom table, long enough for 12 seats and short enough to keep 1.4 m of aisle to the walls.  Datapads and a water pitcher wait on top.",0.4,4.0,411,0.8,8.0,822
1,CR,Conference Room,CR-03,Chairs around the table,chair_armchair,chair,Armchair,floor,1,860,995,800,Seating for desks and tables.,"Twelve swivel chairs, six on each side at 1.0 m pitch, all facing the table; the head seat at the east end is an armchair for the captain so the chair of the meeting sees the displays and the door.",12.0,0.0,518,12.0,0.0,518
1,CR,Conference Room,CR-03,Chairs around the table,chair_swivel_office_chair,chair,Swivel Office Chair,floor,12,623,1125,625,Seating for desks and tables.,"Twelve swivel chairs, six on each side at 1.0 m pitch, all facing the table; the head seat at the east end is an armchair for the captain so the chair of the meeting sees the displays and the door.",8.48,0.0,459,101.76,0.0,5508
1,CR,Conference Room,CR-04,Head-of-table displays and holo projector,display_schematics_wall,display,Schematics Wall,wall,1,2500,1635,160,"Shows status, plans and sensor data to people in the room.","A large tactical screen, a status board and a holo plinth on the north wall east of the bridge door give everyone at the table a shared picture; the wall is solid so no glazing is lost.",44.1,260,78500,44.1,260,78500
1,CR,Conference Room,CR-04,Head-of-table displays and holo projector,display_tactical_wall_screen,display,Tactical Wall Screen,wall,1,1990,1395,180,"Shows status, plans and sensor data to people in the room.","A large tactical screen, a status board and a holo plinth on the north wall east of the bridge door give everyone at the table a shared picture; the wall is solid so no glazing is lost.",33.2,190,55500,33.2,190,55500
1,CR,Conference Room,CR-04,Head-of-table displays and holo projector,holo_tactical_plinth,holo,Tactical Plinth,floor,1,1000,1290,1000,Three-dimensional display for briefings and tactical planning.,"A large tactical screen, a status board and a holo plinth on the north wall east of the bridge door give everyone at the table a shared picture; the wall is solid so no glazing is lost.",136.6,920,260000,136.6,920,260000
1,CR,Conference Room,CR-05,Credenza and refreshments,desk_drawer_console,desk,Drawer Console,floor,2,1400,1046,582,Work surface for paperwork and terminals.,Drawer consoles along the south wall serve as credenza for documents; a coffee machine and water cooler at the west end serve refreshments without anyone crossing the room during a meeting.,24.3,0.0,1010,48.6,0.0,2020
1,CR,Conference Room,CR-05,Credenza and refreshments,galley_coffee_machine,galley,Coffee Machine,floor,1,900,1725,642,"Food storage, cooking and dish-washing equipment.",Drawer consoles along the south wall serve as credenza for documents; a coffee machine and water cooler at the west end serve refreshments without anyone crossing the room during a meeting.,169.5,2300,57300,169.5,2300,57300
1,CR,Conference Room,CR-05,Credenza and refreshments,galley_water_cooler,galley,Water Cooler,floor,1,360,1445,510,"Food storage, cooking and dish-washing equipment.",Drawer consoles along the south wall serve as credenza for documents; a coffee machine and water cooler at the west end serve refreshments without anyone crossing the room during a meeting.,41.1,83,11600,41.1,83,11600
1,CR,Conference Room,CR-05,Credenza and refreshments,tableware_cups_and_mugs,tableware,Cups And Mugs,table,1,318,100,283,"Plates, cups and condiments on tables.",Drawer consoles along the south wall serve as credenza for documents; a coffee machine and water cooler at the west end serve refreshments without anyone crossing the room during a meeting.,2.52,0.0,957,2.52,0.0,957
1,CR,Conference Room,CR-05,Credenza and refreshments,tableware_fruit_bowl,tableware,Fruit Bowl,table,1,320,180,320,"Plates, cups and condiments on tables.",Drawer consoles along the south wall serve as credenza for documents; a coffee machine and water cooler at the west end serve refreshments without anyone crossing the room during a meeting.,5.07,0.0,1850,5.07,0.0,1850
1,CR,Conference Room,CR-05,Credenza and refreshments,tableware_teapot,tableware,Teapot,table,1,353,209,180,"Plates, cups and condiments on tables.",Drawer consoles along the south wall serve as credenza for documents; a coffee machine and water cooler at the west end serve refreshments without anyone crossing the room during a meeting.,3.41,0.0,1350,3.41,0.0,1350
1,CR,Conference Room,CR-06,Conference audio and cabinet,cabinet_utility_cabinet,cabinet,Utility Cabinet,floor,1,960,1830,580,Closed storage for supplies the room's staff need daily.,Ceiling-wall speaker grille and microphone serve the video links; a utility cabinet holds spare datapads and cables.,133.3,0.0,4930,133.3,0.0,4930
1,CR,Conference Room,CR-06,Conference audio and cabinet,commsunit_speaker_grille,commsunit,Speaker Grille,wall,1,600,300,105,Radio and intercom equipment for ship and external communications.,Ceiling-wall speaker grille and microphone serve the video links; a utility cabinet holds spare datapads and cables.,5.51,22,5510,5.51,22,5510
1,CR,Conference Room,CR-07,Plants,plant_ficus_tree,plant,Ficus Tree,floor,2,888,1936,1007,Improves wellbeing and air quality.,Two ficus trees against the solid south wall soften the room; none stands near the door or the aisle.,153.8,0.0,9470,307.6,0.0,18940
1,CR,Conference Room,CR-08,Safety and signs,clock_digital_clock,clock,Digital Clock,wall,1,500,200,76,Shared time reference for watch changes.,Extinguisher by the bridge door and a wall clock so meetings keep to time.,0.7,2.1,983,0.7,2.1,983
1,CR,Conference Room,CR-08,Safety and signs,safety_fire_extinguisher,safety,Fire Extinguisher,wall,1,300,735,199,"Fire, first-aid, breach and emergency gear required by regulation.",Extinguisher by the bridge door and a wall clock so meetings keep to time.,4.26,0.0,869,4.26,0.0,869
1,AM,Astrometrics,AM-01,Ceiling lighting,ceilinglight_cage_light,ceilinglight,Cage Light,ceiling,1,214,232,220,General lighting sized to the task in the room.,"Cool, dimmable light (about 200 lux) so the holographic chart stays visible; fixtures are on a grid clear of the globe.",1.54,10,606,1.54,10,606
1,AM,Astrometrics,AM-01,Ceiling lighting,ceilinglight_linear_fixture_1_2,ceilinglight,Linear Fixture 1.2,ceiling,1,1250,62,160,General lighting sized to the task in the room.,"Cool, dimmable light (about 200 lux) so the holographic chart stays visible; fixtures are on a grid clear of the globe.",1.62,12,487,1.62,12,487
1,AM,Astrometrics,AM-01,Ceiling lighting,ceilinglight_recessed_hex_cells,ceilinglight,Recessed Hex Cells,ceiling,1,994,73,866,General lighting sized to the task in the room.,"Cool, dimmable light (about 200 lux) so the holographic chart stays visible; fixtures are on a grid clear of the globe.",9.03,16,2560,9.03,16,2560
1,AM,Astrometrics,AM-01,Ceiling lighting,ceilinglight_ring_light,ceilinglight,Ring Light,ceiling,1,960,136,960,General lighting sized to the task in the room.,"Cool, dimmable light (about 200 lux) so the holographic chart stays visible; fixtures are on a grid clear of the globe.",17.1,24,4380,17.1,24,4380
1,AM,Astrometrics,AM-01,Ceiling lighting,ceilinglight_round_downlight,ceilinglight,Round Downlight,ceiling,1,338,110,338,General lighting sized to the task in the room.,"Cool, dimmable light (about 200 lux) so the holographic chart stays visible; fixtures are on a grid clear of the globe.",1.81,12,638,1.81,12,638
1,AM,Astrometrics,AM-01,Ceiling lighting,ceilinglight_triple_spot_rail,ceilinglight,Triple Spot Rail,ceiling,1,1100,220,156,General lighting sized to the task in the room.,"Cool, dimmable light (about 200 lux) so the holographic chart stays visible; fixtures are on a grid clear of the globe.",5.37,15,1350,5.37,15,1350
1,AM,Astrometrics,AM-02,Star-map globe,holo_star_map_globe,holo,Star Map Globe,floor,1,696,1741,696,Three-dimensional display for briefings and tactical planning.,The holographic star-map globe is the room's purpose; placed in the middle of the room so the operators' ring and the visitors entering from the door all see it from every side.,101.4,630,188000,101.4,630,188000
1,AM,Astrometrics,AM-03,Sensor horseshoe,console_compact_aux,console,Compact Aux,floor,1,1016,1311,777,Operator station with displays and controls for one ship function.,"Five consoles (sensor, science, navigation, environmental, auxiliary) stand on a 2.4 m radius ring open to the west; each faces outward to its operator, who sits 1.1 m outside the ring and sees the globe over the console.",145.0,280,286000,145.0,280,286000
1,AM,Astrometrics,AM-03,Sensor horseshoe,console_environmental,console,Environmental,floor,1,1812,1390,854,Operator station with displays and controls for one ship function.,"Five consoles (sensor, science, navigation, environmental, auxiliary) stand on a 2.4 m radius ring open to the west; each faces outward to its operator, who sits 1.1 m outside the ring and sees the globe over the console.",309.5,370,547000,309.5,370,547000
1,AM,Astrometrics,AM-03,Sensor horseshoe,console_navigation,console,Navigation,floor,1,1916,1390,904,Operator station with displays and controls for one ship function.,"Five consoles (sensor, science, navigation, environmental, auxiliary) stand on a 2.4 m radius ring open to the west; each faces outward to its operator, who sits 1.1 m outside the ring and sees the globe over the console.",352.0,470,598000,352.0,470,598000
1,AM,Astrometrics,AM-03,Sensor horseshoe,console_science,console,Science,floor,1,1516,1351,904,Operator station with displays and controls for one ship function.,"Five consoles (sensor, science, navigation, environmental, auxiliary) stand on a 2.4 m radius ring open to the west; each faces outward to its operator, who sits 1.1 m outside the ring and sees the globe over the console.",259.6,370,527000,259.6,370,527000
1,AM,Astrometrics,AM-03,Sensor horseshoe,console_sensor,console,Sensor,floor,1,1618,1390,875,Operator station with displays and controls for one ship function.,"Five consoles (sensor, science, navigation, environmental, auxiliary) stand on a 2.4 m radius ring open to the west; each faces outward to its operator, who sits 1.1 m outside the ring and sees the globe over the console.",263.1,410,378000,263.1,410,378000
1,AM,Astrometrics,AM-03,Sensor horseshoe,seat_ops_chair,seat,Ops Chair,floor,2,635,1025,630,Operator chair for console positions.,"Five consoles (sensor, science, navigation, environmental, auxiliary) stand on a 2.4 m radius ring open to the west; each faces outward to its operator, who sits 1.1 m outside the ring and sees the globe over the console.",12.9,0.0,808,25.8,0.0,1616
1,AM,Astrometrics,AM-03,Sensor horseshoe,seat_science_stool,seat,Science Stool,floor,2,558,646,558,Operator chair for console positions.,"Five consoles (sensor, science, navigation, environmental, auxiliary) stand on a 2.4 m radius ring open to the west; each faces outward to its operator, who sits 1.1 m outside the ring and sees the globe over the console.",6.16,0.0,528,12.32,0.0,1056
1,AM,Astrometrics,AM-03,Sensor horseshoe,seat_swivel_jump_seat,seat,Swivel Jump Seat,floor,1,500,860,520,Operator chair for console positions.,"Five consoles (sensor, science, navigation, environmental, auxiliary) stand on a 2.4 m radius ring open to the west; each faces outward to its operator, who sits 1.1 m outside the ring and sees the globe over the console.",7.07,0.0,650,7.07,0.0,650
1,AM,Astrometrics,AM-04,Optical and receiver instruments,telescope_astrometric_dish,telescope,Astrometric Dish,floor,1,918,1801,698,Optical observation and star tracking.,"A spectrograph tripod and a star tracker stand 1.6 m inside the starboard windows, where they see the sky without blocking the glazing, and the astrometric dish at the north-east corner is the pulsar-navigation receiver feeding the racks.",226.0,350,656000,226.0,350,656000
1,AM,Astrometrics,AM-04,Optical and receiver instruments,telescope_spectrograph_tripod,telescope,Spectrograph Tripod,floor,1,1018,1554,912,Optical observation and star tracking.,"A spectrograph tripod and a star tracker stand 1.6 m inside the starboard windows, where they see the sky without blocking the glazing, and the astrometric dish at the north-east corner is the pulsar-navigation receiver feeding the racks.",266.3,430,794000,266.3,430,794000
1,AM,Astrometrics,AM-04,Optical and receiver instruments,telescope_star_tracker_scope,telescope,Star Tracker Scope,floor,1,492,1677,802,Optical observation and star tracking.,"A spectrograph tripod and a star tracker stand 1.6 m inside the starboard windows, where they see the sky without blocking the glazing, and the astrometric dish at the north-east corner is the pulsar-navigation receiver feeding the racks.",127.6,240,308000,127.6,240,308000
1,AM,Astrometrics,AM-05,Sensor processing racks,commsunit_radio_rack,commsunit,Radio Rack,floor,1,600,2100,509,Radio and intercom equipment for ship and external communications.,"Four processing racks (network switch, blade server, storage array, photonic fibre), a receiver rack and two archive towers along the north wall turn raw sensor data into the chart and store it; one row keeps cable runs short and gives the technician one aisle.",193.9,250,225000,193.9,250,225000
1,AM,Astrometrics,AM-05,Sensor processing racks,rack_blade_server_rack,rack,Blade Server Rack,floor,1,600,2000,1000,"Houses servers, storage and network gear with cooling.","Four processing racks (network switch, blade server, storage array, photonic fibre), a receiver rack and two archive towers along the north wall turn raw sensor data into the chart and store it; one row keeps cable runs short and gives the technician one aisle.",244.9,2900,250000,244.9,2900,250000
1,AM,Astrometrics,AM-05,Sensor processing racks,rack_crystal_archive_tower,rack,Crystal Archive Tower,floor,1,708,2270,810,"Houses servers, storage and network gear with cooling.","Four processing racks (network switch, blade server, storage array, photonic fibre), a receiver rack and two archive towers along the north wall turn raw sensor data into the chart and store it; one row keeps cable runs short and gives the technician one aisle.",233.7,2800,302000,233.7,2800,302000
1,AM,Astrometrics,AM-05,Sensor processing racks,rack_network_switch_rack,rack,Network Switch Rack,floor,1,685,2000,1015,"Houses servers, storage and network gear with cooling.","Four processing racks (network switch, blade server, storage array, photonic fibre), a receiver rack and two archive towers along the north wall turn raw sensor data into the chart and store it; one row keeps cable runs short and gives the technician one aisle.",289.4,3200,259000,289.4,3200,259000
1,AM,Astrometrics,AM-05,Sensor processing racks,rack_photonic_fiber_rack,rack,Photonic Fiber Rack,floor,1,600,2000,1000,"Houses servers, storage and network gear with cooling.","Four processing racks (network switch, blade server, storage array, photonic fibre), a receiver rack and two archive towers along the north wall turn raw sensor data into the chart and store it; one row keeps cable runs short and gives the technician one aisle.",251.0,2600,268000,251.0,2600,268000
1,AM,Astrometrics,AM-05,Sensor processing racks,rack_storage_array,rack,Storage Array,floor,1,600,2000,1000,"Houses servers, storage and network gear with cooling.","Four processing racks (network switch, blade server, storage array, photonic fibre), a receiver rack and two archive towers along the north wall turn raw sensor data into the chart and store it; one row keeps cable runs short and gives the technician one aisle.",251.5,2800,227000,251.5,2800,227000
1,AM,Astrometrics,AM-05,Sensor processing racks,rack_tape_archive_tower,rack,Tape Archive Tower,floor,1,700,2100,990,"Houses servers, storage and network gear with cooling.","Four processing racks (network switch, blade server, storage array, photonic fibre), a receiver rack and two archive towers along the north wall turn raw sensor data into the chart and store it; one row keeps cable runs short and gives the technician one aisle.",282.7,3200,348000,282.7,3200,348000
1,AM,Astrometrics,AM-05,Sensor processing racks,router_patch_panel,router,Patch Panel,wall,1,900,555,208,Routes data between ship systems.,"Four processing racks (network switch, blade server, storage array, photonic fibre), a receiver rack and two archive towers along the north wall turn raw sensor data into the chart and store it; one row keeps cable runs short and gives the technician one aisle.",30.4,77,37700,30.4,77,37700
1,AM,Astrometrics,AM-06,Analysis desks,analyzer_spectrometer,analyzer,Spectrometer,table,2,1015,470,356,"Measures and characterises samples (composition, structure, biology) for the science staff.",Two workstations on the south wall are where operators review and annotate the charts away from the noise of the horseshoe; each has an instrument on it and its own chair.,60.2,180,186000,120.4,360,372000
1,AM,Astrometrics,AM-06,Analysis desks,chair_swivel_office_chair,chair,Swivel Office Chair,floor,2,623,1125,625,Seating for desks and tables.,Two workstations on the south wall are where operators review and annotate the charts away from the noise of the horseshoe; each has an instrument on it and its own chair.,8.48,0.0,459,16.96,0.0,918
1,AM,Astrometrics,AM-06,Analysis desks,desk_workstation,desk,Workstation,floor,2,1607,1222,750,Work surface for paperwork and terminals.,Two workstations on the south wall are where operators review and annotate the charts away from the noise of the horseshoe; each has an instrument on it and its own chair.,41.0,0.0,1560,82.0,0.0,3120
1,AM,Astrometrics,AM-06,Analysis desks,storage_cartridge_library_shelves,storage,Cartridge Library Shelves,floor,1,1200,1960,450,Archives data and valuables.,Two workstations on the south wall are where operators review and annotate the charts away from the noise of the horseshoe; each has an instrument on it and its own chair.,584.8,1100,706000,584.8,1100,706000
1,AM,Astrometrics,AM-07,Wall displays,display_circular_display,display,Circular Display,wall,1,1016,1016,115,"Shows status, plans and sensor data to people in the room.",Displays on the west wall repeat the globe picture for people entering; the heading display and scope rack above the racks are the raw sensor feeds.,8.01,73,14700,8.01,73,14700
1,AM,Astrometrics,AM-07,Wall displays,display_heading_display,display,Heading Display,wall,1,900,862,80,"Shows status, plans and sensor data to people in the room.",Displays on the west wall repeat the globe picture for people entering; the heading display and scope rack above the racks are the raw sensor feeds.,4.35,43,6530,4.35,43,6530
1,AM,Astrometrics,AM-07,Wall displays,display_scope_rack,display,Scope Rack,wall,1,1200,800,150,"Shows status, plans and sensor data to people in the room.",Displays on the west wall repeat the globe picture for people entering; the heading display and scope rack above the racks are the raw sensor feeds.,8.88,69,13500,8.88,69,13500
1,AM,Astrometrics,AM-07,Wall displays,display_tactical_wall_screen,display,Tactical Wall Screen,wall,1,1990,1395,180,"Shows status, plans and sensor data to people in the room.",Displays on the west wall repeat the globe picture for people entering; the heading display and scope rack above the racks are the raw sensor feeds.,33.2,190,55500,33.2,190,55500
1,AM,Astrometrics,AM-08,Plants and lamps,plant_ficus_tree,plant,Ficus Tree,floor,1,888,1936,1007,Improves wellbeing and air quality.,A ficus brightens the north-west corner; it is away from the windows and the operator ring.,153.8,0.0,9470,153.8,0.0,9470
1,AM,Astrometrics,AM-09,Safety and signs,clock_analogue_chronometer,clock,Analogue Chronometer,wall,1,480,480,100,Shared time reference for watch changes.,Extinguisher next to the door and department sign.,2.38,2.2,3410,2.38,2.2,3410
1,AM,Astrometrics,AM-09,Safety and signs,safety_fire_extinguisher,safety,Fire Extinguisher,wall,1,300,735,199,"Fire, first-aid, breach and emergency gear required by regulation.",Extinguisher next to the door and department sign.,4.26,0.0,869,4.26,0.0,869
1,AM,Astrometrics,AM-09,Safety and signs,sign_dept_science,sign,Dept Science,wall,1,1000,400,56,Wayfinding and hazard marking.,Extinguisher next to the door and department sign.,1.28,0.0,94.9,1.28,0.0,94.9
1,OA,Officers' Cabins A,OA-01,Ceiling lighting,ceilinglight_emergency_fixture,ceilinglight,Emergency Fixture,ceiling,1,560,185,171,General lighting sized to the task in the room.,"Warm dimmable light (150 lux) for a residential feel; one fixture over the berths, one over the sitting area.",2.29,13,784,2.29,13,784
1,OA,Officers' Cabins A,OA-01,Ceiling lighting,ceilinglight_panel_troffer_0_6x1_2,ceilinglight,Panel Troffer 0.6X1.2,ceiling,1,620,98,1260,General lighting sized to the task in the room.,"Warm dimmable light (150 lux) for a residential feel; one fixture over the berths, one over the sitting area.",10.6,21,2470,10.6,21,2470
1,OA,Officers' Cabins A,OA-01,Ceiling lighting,ceilinglight_square_panel_1x1,ceilinglight,Square Panel 1X1,ceiling,1,1000,79,1000,General lighting sized to the task in the room.,"Warm dimmable light (150 lux) for a residential feel; one fixture over the berths, one over the sitting area.",10.6,18,3360,10.6,18,3360
1,OA,Officers' Cabins A,OA-02,Berths with wardrobe and desk,bed_single_bunk,bed,Single Bunk,floor,3,920,800,2077,Sleeping place for crew off shift.,"Three units: bed with its head to the north wall and a reading light above, a wardrobe (and tall locker between neighbours) standing out from the wall as a privacy divider, and a writing desk with its own chair.  The first two desks are on the north wall beside the berths; the third is on the south wall so its chair does not crowd the door.  Laptop and desk lamp on each desk.",13.4,0.0,693,40.2,0.0,2079
1,OA,Officers' Cabins A,OA-02,Berths with wardrobe and desk,chair_swivel_office_chair,chair,Swivel Office Chair,floor,3,623,1125,625,Seating for desks and tables.,"Three units: bed with its head to the north wall and a reading light above, a wardrobe (and tall locker between neighbours) standing out from the wall as a privacy divider, and a writing desk with its own chair.  The first two desks are on the north wall beside the berths; the third is on the south wall so its chair does not crowd the door.  Laptop and desk lamp on each desk.",8.48,0.0,459,25.44,0.0,1377
1,OA,Officers' Cabins A,OA-02,Berths with wardrobe and desk,desk_writing_desk,desk,Writing Desk,floor,3,1200,953,600,Work surface for paperwork and terminals.,"Three units: bed with its head to the north wall and a reading light above, a wardrobe (and tall locker between neighbours) standing out from the wall as a privacy divider, and a writing desk with its own chair.  The first two desks are on the north wall beside the berths; the third is on the south wall so its chair does not crowd the door.  Laptop and desk lamp on each desk.",19.5,0.0,797,58.5,0.0,2391
1,OA,Officers' Cabins A,OA-02,Berths with wardrobe and desk,lamp_architect_desk_lamp,lamp,Architect Desk Lamp,table,3,475,439,180,Local task or mood lighting.,"Three units: bed with its head to the north wall and a reading light above, a wardrobe (and tall locker between neighbours) standing out from the wall as a privacy divider, and a writing desk with its own chair.  The first two desks are on the north wall beside the berths; the third is on the south wall so its chair does not crowd the door.  Laptop and desk lamp on each desk.",3.33,14,760,9.99,42,2280
1,OA,Officers' Cabins A,OA-02,Berths with wardrobe and desk,lamp_reading_light,lamp,Reading Light,wall,3,100,176,278,Local task or mood lighting.,"Three units: bed with its head to the north wall and a reading light above, a wardrobe (and tall locker between neighbours) standing out from the wall as a privacy divider, and a writing desk with its own chair.  The first two desks are on the north wall beside the berths; the third is on the south wall so its chair does not crowd the door.  Laptop and desk lamp on each desk.",0.45,9.2,158,1.35,27.6,474
1,OA,Officers' Cabins A,OA-02,Berths with wardrobe and desk,locker_tall_vented_locker,locker,Tall Vented Locker,floor,2,520,1885,547,Secure storage for personal gear and issue equipment.,"Three units: bed with its head to the north wall and a reading light above, a wardrobe (and tall locker between neighbours) standing out from the wall as a privacy divider, and a writing desk with its own chair.  The first two desks are on the north wall beside the berths; the third is on the south wall so its chair does not crowd the door.  Laptop and desk lamp on each desk.",47.8,0.0,2090,95.6,0.0,4180
1,OA,Officers' Cabins A,OA-02,Berths with wardrobe and desk,locker_wardrobe,locker,Wardrobe,floor,3,1160,2060,687,Secure storage for personal gear and issue equipment.,"Three units: bed with its head to the north wall and a reading light above, a wardrobe (and tall locker between neighbours) standing out from the wall as a privacy divider, and a writing desk with its own chair.  The first two desks are on the north wall beside the berths; the third is on the south wall so its chair does not crowd the door.  Laptop and desk lamp on each desk.",134.3,0.0,4540,402.9,0.0,13620
1,OA,Officers' Cabins A,OA-02,Berths with wardrobe and desk,terminal_laptop_console,terminal,Laptop Console,table,3,340,238,272,Data entry and information access.,"Three units: bed with its head to the north wall and a reading light above, a wardrobe (and tall locker between neighbours) standing out from the wall as a privacy divider, and a writing desk with its own chair.  The first two desks are on the north wall beside the berths; the third is on the south wall so its chair does not crowd the door.  Laptop and desk lamp on each desk.",4.55,11,5150,13.65,33,15450
1,OA,Officers' Cabins A,OA-03,Shared sitting area,couch_lounge_armchair,couch,Lounge Armchair,floor,1,1020,1272,1020,Soft seating for rest and informal meetings.,A three-seater sofa with a small side table and an armchair on the south wall give the three officers somewhere to meet without entering each other's berths; it is 1.2 m from the berth desks so the aisle stays clear.,39.1,0.0,1540,39.1,0.0,1540
1,OA,Officers' Cabins A,OA-03,Shared sitting area,couch_three_seater_sofa,couch,Three-Seater Sofa,floor,1,2300,980,970,Soft seating for rest and informal meetings.,A three-seater sofa with a small side table and an armchair on the south wall give the three officers somewhere to meet without entering each other's berths; it is 1.2 m from the berth desks so the aisle stays clear.,67.6,0.0,2840,67.6,0.0,2840
1,OA,Officers' Cabins A,OA-03,Shared sitting area,table_side_table,table,Side Table,floor,1,522,554,542,"Work, meeting or dining surface.",A three-seater sofa with a small side table and an armchair on the south wall give the three officers somewhere to meet without entering each other's berths; it is 1.2 m from the berth desks so the aisle stays clear.,5.12,0.0,320,5.12,0.0,320
1,OA,Officers' Cabins A,OA-03,Shared sitting area,tableware_cups_and_mugs,tableware,Cups And Mugs,table,1,318,100,283,"Plates, cups and condiments on tables.",A three-seater sofa with a small side table and an armchair on the south wall give the three officers somewhere to meet without entering each other's berths; it is 1.2 m from the berth desks so the aisle stays clear.,2.52,0.0,957,2.52,0.0,957
1,OA,Officers' Cabins A,OA-04,"Shelves, display and plant",display_holo_frame_panel,display,Holo Frame Panel,wall,1,1490,860,85,"Shows status, plans and sensor data to people in the room.","A bookcase, a display and a floor lamp on the south wall make the sitting area feel like a room.",6.51,65,10100,6.51,65,10100
1,OA,Officers' Cabins A,OA-04,"Shelves, display and plant",lamp_floor_lamp,lamp,Floor Lamp,floor,1,619,1760,320,Local task or mood lighting.,"A bookcase, a display and a floor lamp on the south wall make the sitting area feel like a room.",31.1,63,9810,31.1,63,9810
1,OA,Officers' Cabins A,OA-04,"Shelves, display and plant",shelving_pigeonhole,shelving,Pigeonhole,floor,1,1700,2015,500,"Open storage for parts, stores and gear.","A bookcase, a display and a floor lamp on the south wall make the sitting area feel like a room.",131.5,0.0,14400,131.5,0.0,14400
1,OA,Officers' Cabins A,OA-05,Safety and signs,clock_digital_clock,clock,Digital Clock,wall,1,500,200,76,Shared time reference for watch changes.,"Extinguisher near the door, cabin-block sign, ship's clock.",0.7,2.1,983,0.7,2.1,983
1,OA,Officers' Cabins A,OA-05,Safety and signs,safety_fire_extinguisher,safety,Fire Extinguisher,wall,1,300,735,199,"Fire, first-aid, breach and emergency gear required by regulation.","Extinguisher near the door, cabin-block sign, ship's clock.",4.26,0.0,869,4.26,0.0,869
1,OA,Officers' Cabins A,OA-05,Safety and signs,sign_dept_quarters,sign,Dept Quarters,wall,1,1000,400,52,Wayfinding and hazard marking.,"Extinguisher near the door, cabin-block sign, ship's clock.",1.17,0.0,114,1.17,0.0,114
1,OB,Officers' Cabins B,OB-01,Ceiling lighting,ceilinglight_flush_dome,ceilinglight,Flush Dome,ceiling,1,638,176,638,General lighting sized to the task in the room.,"Warm dimmable light, one fixture per berth group.",10.2,20,2400,10.2,20,2400
1,OB,Officers' Cabins B,OB-01,Ceiling lighting,ceilinglight_triple_spot_rail,ceilinglight,Triple Spot Rail,ceiling,1,1100,220,156,General lighting sized to the task in the room.,"Warm dimmable light, one fixture per berth group.",5.37,15,1350,5.37,15,1350
1,OB,Officers' Cabins B,OB-02,Berths with wardrobe and desk (north wall),bed_single_bunk,bed,Single Bunk,floor,2,920,800,2077,Sleeping place for crew off shift.,"Two units identical to block A along the north bulkhead: head to the wall, wardrobe stub divider, desk and chair; the north wall is the only one without windows so the beds stand there.",13.4,0.0,693,26.8,0.0,1386
1,OB,Officers' Cabins B,OB-02,Berths with wardrobe and desk (north wall),chair_swivel_office_chair,chair,Swivel Office Chair,floor,1,623,1125,625,Seating for desks and tables.,"Two units identical to block A along the north bulkhead: head to the wall, wardrobe stub divider, desk and chair; the north wall is the only one without windows so the beds stand there.",8.48,0.0,459,8.48,0.0,459
1,OB,Officers' Cabins B,OB-02,Berths with wardrobe and desk (north wall),desk_writing_desk,desk,Writing Desk,floor,2,1200,953,600,Work surface for paperwork and terminals.,"Two units identical to block A along the north bulkhead: head to the wall, wardrobe stub divider, desk and chair; the north wall is the only one without windows so the beds stand there.",19.5,0.0,797,39.0,0.0,1594
1,OB,Officers' Cabins B,OB-02,Berths with wardrobe and desk (north wall),lamp_architect_desk_lamp,lamp,Architect Desk Lamp,table,2,475,439,180,Local task or mood lighting.,"Two units identical to block A along the north bulkhead: head to the wall, wardrobe stub divider, desk and chair; the north wall is the only one without windows so the beds stand there.",3.33,14,760,6.66,28,1520
1,OB,Officers' Cabins B,OB-02,Berths with wardrobe and desk (north wall),lamp_reading_light,lamp,Reading Light,wall,2,100,176,278,Local task or mood lighting.,"Two units identical to block A along the north bulkhead: head to the wall, wardrobe stub divider, desk and chair; the north wall is the only one without windows so the beds stand there.",0.45,9.2,158,0.9,18.4,316
1,OB,Officers' Cabins B,OB-02,Berths with wardrobe and desk (north wall),locker_tall_vented_locker,locker,Tall Vented Locker,floor,1,520,1885,547,Secure storage for personal gear and issue equipment.,"Two units identical to block A along the north bulkhead: head to the wall, wardrobe stub divider, desk and chair; the north wall is the only one without windows so the beds stand there.",47.8,0.0,2090,47.8,0.0,2090
1,OB,Officers' Cabins B,OB-02,Berths with wardrobe and desk (north wall),locker_wardrobe,locker,Wardrobe,floor,2,1160,2060,687,Secure storage for personal gear and issue equipment.,"Two units identical to block A along the north bulkhead: head to the wall, wardrobe stub divider, desk and chair; the north wall is the only one without windows so the beds stand there.",134.3,0.0,4540,268.6,0.0,9080
1,OB,Officers' Cabins B,OB-02,Berths with wardrobe and desk (north wall),terminal_laptop_console,terminal,Laptop Console,table,2,340,238,272,Data entry and information access.,"Two units identical to block A along the north bulkhead: head to the wall, wardrobe stub divider, desk and chair; the north wall is the only one without windows so the beds stand there.",4.55,11,5150,9.1,22,10300
1,OB,Officers' Cabins B,OB-03,Sitting corner,couch_lounge_armchair,couch,Lounge Armchair,floor,2,1020,1272,1020,Soft seating for rest and informal meetings.,"Two armchairs facing each other across a side table with a lamp, in the wide middle of the room, give the pair a place to talk; they are kept 0.5 m or more from the windows on the south wall and the taper.",39.1,0.0,1540,78.2,0.0,3080
1,OB,Officers' Cabins B,OB-03,Sitting corner,lamp_table_lamp,lamp,Table Lamp,table,1,250,472,250,Local task or mood lighting.,"Two armchairs facing each other across a side table with a lamp, in the wide middle of the room, give the pair a place to talk; they are kept 0.5 m or more from the windows on the south wall and the taper.",2.85,14,1050,2.85,14,1050
1,OB,Officers' Cabins B,OB-03,Sitting corner,table_side_table,table,Side Table,floor,1,522,554,542,"Work, meeting or dining surface.","Two armchairs facing each other across a side table with a lamp, in the wide middle of the room, give the pair a place to talk; they are kept 0.5 m or more from the windows on the south wall and the taper.",5.12,0.0,320,5.12,0.0,320
1,OB,Officers' Cabins B,OB-04,Safety and signs,display_chronometer_clock,display,Chronometer Clock,wall,1,650,650,100,"Shows status, plans and sensor data to people in the room.",Extinguisher near the door and quarters sign.,3.08,36,6220,3.08,36,6220
1,OB,Officers' Cabins B,OB-04,Safety and signs,safety_fire_extinguisher,safety,Fire Extinguisher,wall,1,300,735,199,"Fire, first-aid, breach and emergency gear required by regulation.",Extinguisher near the door and quarters sign.,4.26,0.0,869,4.26,0.0,869
1,OB,Officers' Cabins B,OB-04,Safety and signs,sign_dept_quarters,sign,Dept Quarters,wall,1,1000,400,52,Wayfinding and hazard marking.,Extinguisher near the door and quarters sign.,1.17,0.0,114,1.17,0.0,114
1,CQ,Captain's Quarters,CQ-01,Ceiling lighting,ceilinglight_linear_fixture_1_2,ceilinglight,Linear Fixture 1.2,ceiling,1,1250,62,160,General lighting sized to the task in the room.,"Warm, dimmable light (150-300 lux) with separate fixtures over the bed, study and dining areas.",1.62,12,487,1.62,12,487
1,CQ,Captain's Quarters,CQ-01,Ceiling lighting,ceilinglight_recessed_hex_cells,ceilinglight,Recessed Hex Cells,ceiling,1,994,73,866,General lighting sized to the task in the room.,"Warm, dimmable light (150-300 lux) with separate fixtures over the bed, study and dining areas.",9.03,16,2560,9.03,16,2560
1,CQ,Captain's Quarters,CQ-01,Ceiling lighting,ceilinglight_ring_light,ceilinglight,Ring Light,ceiling,1,960,136,960,General lighting sized to the task in the room.,"Warm, dimmable light (150-300 lux) with separate fixtures over the bed, study and dining areas.",17.1,24,4380,17.1,24,4380
1,CQ,Captain's Quarters,CQ-02,Captain's bed,bed_captain_bed,bed,Captain Bed,floor,1,2050,1540,2895,Sleeping place for crew off shift.,"The large captain's bed has its head against the north wall in the north-east corner, away from the door and the noise of the corridor; a bedside light sits on either side.",85.4,0.0,3770,85.4,0.0,3770
1,CQ,Captain's Quarters,CQ-02,Captain's bed,lamp_reading_light,lamp,Reading Light,wall,2,100,176,278,Local task or mood lighting.,"The large captain's bed has its head against the north wall in the north-east corner, away from the door and the noise of the corridor; a bedside light sits on either side.",0.45,9.2,158,0.9,18.4,316
1,CQ,Captain's Quarters,CQ-03,Wardrobes,locker_footlocker,locker,Footlocker,floor,1,980,510,545,Secure storage for personal gear and issue equipment.,"Two wardrobes between the desk and the bed and a footlocker beside the bed hold uniforms and personal gear, all within three steps of the bed.",23.9,0.0,1050,23.9,0.0,1050
1,CQ,Captain's Quarters,CQ-03,Wardrobes,locker_wardrobe,locker,Wardrobe,floor,2,1160,2060,687,Secure storage for personal gear and issue equipment.,"Two wardrobes between the desk and the bed and a footlocker beside the bed hold uniforms and personal gear, all within three steps of the bed.",134.3,0.0,4540,268.6,0.0,9080
1,CQ,Captain's Quarters,CQ-04,Study corner,chair_swivel_office_chair,chair,Swivel Office Chair,floor,1,623,1125,625,Seating for desks and tables.,"An officer's desk on the north wall with a swivel chair, desk lamp and terminal is where the captain does private paperwork; a bookcase beside it holds paper books.",8.48,0.0,459,8.48,0.0,459
1,CQ,Captain's Quarters,CQ-04,Study corner,desk_officer_desk,desk,Officer Desk,floor,1,1820,1213,862,Work surface for paperwork and terminals.,"An officer's desk on the north wall with a swivel chair, desk lamp and terminal is where the captain does private paperwork; a bookcase beside it holds paper books.",56.8,0.0,2210,56.8,0.0,2210
1,CQ,Captain's Quarters,CQ-04,Study corner,lamp_architect_desk_lamp,lamp,Architect Desk Lamp,table,1,475,439,180,Local task or mood lighting.,"An officer's desk on the north wall with a swivel chair, desk lamp and terminal is where the captain does private paperwork; a bookcase beside it holds paper books.",3.33,14,760,3.33,14,760
1,CQ,Captain's Quarters,CQ-04,Study corner,shelving_pigeonhole,shelving,Pigeonhole,floor,1,1700,2015,500,"Open storage for parts, stores and gear.","An officer's desk on the north wall with a swivel chair, desk lamp and terminal is where the captain does private paperwork; a bookcase beside it holds paper books.",131.5,0.0,14400,131.5,0.0,14400
1,CQ,Captain's Quarters,CQ-04,Study corner,terminal_datapad,terminal,Datapad,table,1,200,16,146,Data entry and information access.,"An officer's desk on the north wall with a swivel chair, desk lamp and terminal is where the captain does private paperwork; a bookcase beside it holds paper books.",0.1,3.3,140,0.1,3.3,140
1,CQ,Captain's Quarters,CQ-04,Study corner,terminal_desk_terminal,terminal,Desk Terminal,table,1,370,403,265,Data entry and information access.,"An officer's desk on the north wall with a swivel chair, desk lamp and terminal is where the captain does private paperwork; a bookcase beside it holds paper books.",9.45,18,12600,9.45,18,12600
1,CQ,Captain's Quarters,CQ-05,Sitting group,couch_three_seater_sofa,couch,Three-Seater Sofa,floor,1,2300,980,970,Soft seating for rest and informal meetings.,"A sofa and coffee table form the conversation group in the west half, with the display above the sofa.",67.6,0.0,2840,67.6,0.0,2840
1,CQ,Captain's Quarters,CQ-05,Sitting group,display_holo_frame_panel,display,Holo Frame Panel,wall,1,1490,860,85,"Shows status, plans and sensor data to people in the room.","A sofa and coffee table form the conversation group in the west half, with the display above the sofa.",6.51,65,10100,6.51,65,10100
1,CQ,Captain's Quarters,CQ-05,Sitting group,plant_flower_vase,plant,Flower Vase,table,1,269,498,290,Improves wellbeing and air quality.,"A sofa and coffee table form the conversation group in the west half, with the display above the sofa.",3.36,0.0,357,3.36,0.0,357
1,CQ,Captain's Quarters,CQ-05,Sitting group,table_coffee_table,table,Coffee Table,floor,1,1120,422,620,"Work, meeting or dining surface.","A sofa and coffee table form the conversation group in the west half, with the display above the sofa.",9.37,0.0,417,9.37,0.0,417
1,CQ,Captain's Quarters,CQ-05,Sitting group,tableware_teapot,tableware,Teapot,table,1,353,209,180,"Plates, cups and condiments on tables.","A sofa and coffee table form the conversation group in the west half, with the display above the sofa.",3.41,0.0,1350,3.41,0.0,1350
1,CQ,Captain's Quarters,CQ-06,Dining table for four,chair_mess_chair,chair,Mess Chair,floor,4,420,890,460,Seating for desks and tables.,A round table with four chairs lets the captain host a small dinner; it stands between the sitting group and the galley corner so serving is short.,3.41,0.0,220,13.64,0.0,880
1,CQ,Captain's Quarters,CQ-06,Dining table for four,table_round_mess_table,table,Round Mess Table,floor,1,1228,763,1228,"Work, meeting or dining surface.",A round table with four chairs lets the captain host a small dinner; it stands between the sitting group and the galley corner so serving is short.,42.2,0.0,1720,42.2,0.0,1720
1,CQ,Captain's Quarters,CQ-06,Dining table for four,tableware_fruit_bowl,tableware,Fruit Bowl,table,1,320,180,320,"Plates, cups and condiments on tables.",A round table with four chairs lets the captain host a small dinner; it stands between the sitting group and the galley corner so serving is short.,5.07,0.0,1850,5.07,0.0,1850
1,CQ,Captain's Quarters,CQ-07,Galley corner,galley_coffee_machine,galley,Coffee Machine,floor,1,900,1725,642,"Food storage, cooking and dish-washing equipment.","A refrigerator and sink unit against the south wall east of the dining table, and a coffee machine by the door, let the captain make coffee and light meals without the galley.",169.5,2300,57300,169.5,2300,57300
1,CQ,Captain's Quarters,CQ-07,Galley corner,galley_refrigerator,galley,Refrigerator,floor,1,800,1900,840,"Food storage, cooking and dish-washing equipment.","A refrigerator and sink unit against the south wall east of the dining table, and a coffee machine by the door, let the captain make coffee and light meals without the galley.",202.9,320,78300,202.9,320,78300
1,CQ,Captain's Quarters,CQ-07,Galley corner,galley_sink_unit,galley,Sink Unit,floor,1,1420,1330,707,"Food storage, cooking and dish-washing equipment.","A refrigerator and sink unit against the south wall east of the dining table, and a coffee machine by the door, let the captain make coffee and light meals without the galley.",224.9,0.0,76600,224.9,0.0,76600
1,CQ,Captain's Quarters,CQ-08,"Plants, lamps and display case",lamp_floor_lamp,lamp,Floor Lamp,floor,1,619,1760,320,Local task or mood lighting.,A floor lamp beside the sofa and a display above it give the suite a personal character.,31.1,63,9810,31.1,63,9810
1,CQ,Captain's Quarters,CQ-09,Safety and signs,clock_digital_clock,clock,Digital Clock,wall,1,500,200,76,Shared time reference for watch changes.,"Extinguisher by the door, quarters sign, ship's clock.",0.7,2.1,983,0.7,2.1,983
1,CQ,Captain's Quarters,CQ-09,Safety and signs,safety_fire_extinguisher,safety,Fire Extinguisher,wall,1,300,735,199,"Fire, first-aid, breach and emergency gear required by regulation.","Extinguisher by the door, quarters sign, ship's clock.",4.26,0.0,869,4.26,0.0,869
1,CQ,Captain's Quarters,CQ-09,Safety and signs,sign_dept_quarters,sign,Dept Quarters,wall,1,1000,400,52,Wayfinding and hazard marking.,"Extinguisher by the door, quarters sign, ship's clock.",1.17,0.0,114,1.17,0.0,114
1,CC,Communications Centre,CC-01,Ceiling lighting,ceilinglight_emergency_fixture,ceilinglight,Emergency Fixture,ceiling,1,560,185,171,General lighting sized to the task in the room.,"Neutral, flicker-free light (300 lux) over the operator desks and the rack aisle.",2.29,13,784,2.29,13,784
1,CC,Communications Centre,CC-01,Ceiling lighting,ceilinglight_round_downlight,ceilinglight,Round Downlight,ceiling,1,338,110,338,General lighting sized to the task in the room.,"Neutral, flicker-free light (300 lux) over the operator desks and the rack aisle.",1.81,12,638,1.81,12,638
1,CC,Communications Centre,CC-02,Operator stations,commsunit_comms_console,commsunit,Comms Console,floor,1,1660,1379,660,Radio and intercom equipment for ship and external communications.,"Three communications consoles along the north wall, each with a communications chair, let three operators work in parallel (voice, data and encrypted traffic); they face the bust projector in the centre, so they see the caller in the room.",432.1,640,392000,432.1,640,392000
1,CC,Communications Centre,CC-02,Operator stations,commsunit_handset_cradle,commsunit,Handset Cradle,table,1,245,182,300,Radio and intercom equipment for ship and external communications.,"Three communications consoles along the north wall, each with a communications chair, let three operators work in parallel (voice, data and encrypted traffic); they face the bust projector in the centre, so they see the caller in the room.",3.63,19,3600,3.63,19,3600
1,CC,Communications Centre,CC-02,Operator stations,console_communications,console,Communications,floor,2,1485,1371,804,Operator station with displays and controls for one ship function.,"Three communications consoles along the north wall, each with a communications chair, let three operators work in parallel (voice, data and encrypted traffic); they face the bust projector in the centre, so they see the caller in the room.",212.0,370,422000,424.0,740,844000
1,CC,Communications Centre,CC-02,Operator stations,seat_comms_chair,seat,Comms Chair,floor,3,717,1340,764,Operator chair for console positions.,"Three communications consoles along the north wall, each with a communications chair, let three operators work in parallel (voice, data and encrypted traffic); they face the bust projector in the centre, so they see the caller in the room.",24.0,0.0,1190,72.0,0.0,3570
1,CC,Communications Centre,CC-03,Holo bust projector,holo_comm_bust_projector,holo,Comm Bust Projector,floor,1,554,1480,554,Three-dimensional display for briefings and tactical planning.,A holographic bust projector in the centre shows the person on the other end of a call at life size; it is on the operators' line of sight and 1.5 m from every console.,48.9,460,73400,48.9,460,73400
1,CC,Communications Centre,CC-04,Radio and encryption racks,commsunit_radio_rack,commsunit,Radio Rack,floor,1,600,2100,509,Radio and intercom equipment for ship and external communications.,"A row of racks along the south wall: radio rack, network switch rack, encryption/KVM rack, photonic fibre rack and an UPS battery rack so traffic survives a power dip.  The 1.0 m aisle in front gives maintenance access.",193.9,250,225000,193.9,250,225000
1,CC,Communications Centre,CC-04,Radio and encryption racks,rack_kvm_console_rack,rack,Kvm Console Rack,floor,1,600,2000,1210,"Houses servers, storage and network gear with cooling.","A row of racks along the south wall: radio rack, network switch rack, encryption/KVM rack, photonic fibre rack and an UPS battery rack so traffic survives a power dip.  The 1.0 m aisle in front gives maintenance access.",262.4,3600,257000,262.4,3600,257000
1,CC,Communications Centre,CC-04,Radio and encryption racks,rack_network_switch_rack,rack,Network Switch Rack,floor,1,685,2000,1015,"Houses servers, storage and network gear with cooling.","A row of racks along the south wall: radio rack, network switch rack, encryption/KVM rack, photonic fibre rack and an UPS battery rack so traffic survives a power dip.  The 1.0 m aisle in front gives maintenance access.",289.4,3200,259000,289.4,3200,259000
1,CC,Communications Centre,CC-04,Radio and encryption racks,rack_photonic_fiber_rack,rack,Photonic Fiber Rack,floor,1,600,2000,1000,"Houses servers, storage and network gear with cooling.","A row of racks along the south wall: radio rack, network switch rack, encryption/KVM rack, photonic fibre rack and an UPS battery rack so traffic survives a power dip.  The 1.0 m aisle in front gives maintenance access.",251.0,2600,268000,251.0,2600,268000
1,CC,Communications Centre,CC-04,Radio and encryption racks,rack_ups_battery_rack,rack,Ups Battery Rack,floor,1,600,2000,1000,"Houses servers, storage and network gear with cooling.","A row of racks along the south wall: radio rack, network switch rack, encryption/KVM rack, photonic fibre rack and an UPS battery rack so traffic survives a power dip.  The 1.0 m aisle in front gives maintenance access.",241.3,2600,231000,241.3,2600,231000
1,CC,Communications Centre,CC-05,"Antennas, patch panel and key safe",antenna_ceiling_antenna_pod,antenna,Ceiling Antenna Pod,ceiling,1,698,575,698,Sends and receives subspace and radio traffic; mounted where signal paths and cabling are short.,A patch panel above the rack row and a secure data safe on the north wall holds the encryption key material; a phased-array panel and a feed-horn panel on the north wall and angled hull wall receive/transmit through the hull skin; a ceiling log-periodic and antenna pod cover short-range links.  Cabinet for patch panels next to the door.,34.5,57,44700,34.5,57,44700
1,CC,Communications Centre,CC-05,"Antennas, patch panel and key safe",antenna_feed_horn_panel,antenna,Feed Horn Panel,wall,1,1000,700,360,Sends and receives subspace and radio traffic; mounted where signal paths and cabling are short.,A patch panel above the rack row and a secure data safe on the north wall holds the encryption key material; a phased-array panel and a feed-horn panel on the north wall and angled hull wall receive/transmit through the hull skin; a ceiling log-periodic and antenna pod cover short-range links.  Cabinet for patch panels next to the door.,28.9,60,30600,28.9,60,30600
1,CC,Communications Centre,CC-05,"Antennas, patch panel and key safe",antenna_phased_array_panel,antenna,Phased Array Panel,wall,1,1300,1559,120,Sends and receives subspace and radio traffic; mounted where signal paths and cabling are short.,A patch panel above the rack row and a secure data safe on the north wall holds the encryption key material; a phased-array panel and a feed-horn panel on the north wall and angled hull wall receive/transmit through the hull skin; a ceiling log-periodic and antenna pod cover short-range links.  Cabinet for patch panels next to the door.,28.5,65,32900,28.5,65,32900
1,CC,Communications Centre,CC-05,"Antennas, patch panel and key safe",router_patch_panel,router,Patch Panel,wall,1,900,555,208,Routes data between ship systems.,A patch panel above the rack row and a secure data safe on the north wall holds the encryption key material; a phased-array panel and a feed-horn panel on the north wall and angled hull wall receive/transmit through the hull skin; a ceiling log-periodic and antenna pod cover short-range links.  Cabinet for patch panels next to the door.,30.4,77,37700,30.4,77,37700
1,CC,Communications Centre,CC-05,"Antennas, patch panel and key safe",router_wall_network_cabinet,router,Wall Network Cabinet,wall,1,700,1010,285,Routes data between ship systems.,A patch panel above the rack row and a secure data safe on the north wall holds the encryption key material; a phased-array panel and a feed-horn panel on the north wall and angled hull wall receive/transmit through the hull skin; a ceiling log-periodic and antenna pod cover short-range links.  Cabinet for patch panels next to the door.,58.3,140,72800,58.3,140,72800
1,CC,Communications Centre,CC-05,"Antennas, patch panel and key safe",storage_secure_data_safe,storage,Secure Data Safe,floor,1,920,1350,835,Archives data and valuables.,A patch panel above the rack row and a secure data safe on the north wall holds the encryption key material; a phased-array panel and a feed-horn panel on the north wall and angled hull wall receive/transmit through the hull skin; a ceiling log-periodic and antenna pod cover short-range links.  Cabinet for patch panels next to the door.,568.1,1100,686000,568.1,1100,686000
1,CC,Communications Centre,CC-06,Cabling overhead,cabletray_ladder_tray,cabletray,Ladder Tray,ceiling,2,2000,170,460,"Carries power and data cables overhead or along walls, protected and accessible.","Cable trays run across the ceiling from the rack row to the consoles and out through the door to the bridge, so no cables cross the floor.",15.5,0.0,467,31.0,0.0,934
1,CC,Communications Centre,CC-07,Displays,display_comms_log_board,display,Comms Log Board,wall,1,1200,1090,99,"Shows status, plans and sensor data to people in the room.",A comms log board and a signal status display above the consoles show traffic and link quality.,8.94,68,15800,8.94,68,15800
1,CC,Communications Centre,CC-07,Displays,display_status_board,display,Status Board,wall,1,1500,1055,95,"Shows status, plans and sensor data to people in the room.",A comms log board and a signal status display above the consoles show traffic and link quality.,10.1,83,18000,10.1,83,18000
1,CC,Communications Centre,CC-08,Safety and signs,safety_fire_extinguisher,safety,Fire Extinguisher,wall,1,300,735,199,"Fire, first-aid, breach and emergency gear required by regulation.",Extinguisher beside the door and a department sign.,4.26,0.0,869,4.26,0.0,869
1,CC,Communications Centre,CC-08,Safety and signs,sign_dept_bridge,sign,Dept Bridge,wall,1,1000,400,62,Wayfinding and hazard marking.,Extinguisher beside the door and a department sign.,1.4,0.0,179,1.4,0.0,179
2,CF2,Forward Spine Corridor,CF2-01,Ceiling lighting,ceilinglight_cage_light,ceilinglight,Cage Light,ceiling,2,214,232,220,General lighting sized to the task in the room.,Linear troffers at about 5 m pitch give 200 lux along the escape route without glare.,1.54,10,606,3.08,20,1212
2,CF2,Forward Spine Corridor,CF2-01,Ceiling lighting,ceilinglight_flush_dome,ceilinglight,Flush Dome,ceiling,1,638,176,638,General lighting sized to the task in the room.,Linear troffers at about 5 m pitch give 200 lux along the escape route without glare.,10.2,20,2400,10.2,20,2400
2,CF2,Forward Spine Corridor,CF2-01,Ceiling lighting,ceilinglight_linear_fixture_1_2,ceilinglight,Linear Fixture 1.2,ceiling,1,1250,62,160,General lighting sized to the task in the room.,Linear troffers at about 5 m pitch give 200 lux along the escape route without glare.,1.62,12,487,1.62,12,487
2,CF2,Forward Spine Corridor,CF2-01,Ceiling lighting,ceilinglight_panel_troffer_0_6x1_2,ceilinglight,Panel Troffer 0.6X1.2,ceiling,1,620,98,1260,General lighting sized to the task in the room.,Linear troffers at about 5 m pitch give 200 lux along the escape route without glare.,10.6,21,2470,10.6,21,2470
2,CF2,Forward Spine Corridor,CF2-01,Ceiling lighting,ceilinglight_square_panel_1x1,ceilinglight,Square Panel 1X1,ceiling,1,1000,79,1000,General lighting sized to the task in the room.,Linear troffers at about 5 m pitch give 200 lux along the escape route without glare.,10.6,18,3360,10.6,18,3360
2,CF2,Forward Spine Corridor,CF2-02,Emergency lighting and public address,beacon_emergency_lighting_unit,beacon,Emergency Lighting Unit,wall,4,426,160,171,Gives light and visual or audible warning during alarms and power loss.,Battery-backed emergency lights and PA speakers at 6 m stations keep the route lit and announce alerts during a power or pressure emergency.,1.37,6.1,467,5.48,24.4,1868
2,CF2,Forward Spine Corridor,CF2-02,Emergency lighting and public address,beacon_intercom_speaker,beacon,Intercom Speaker,wall,4,300,420,77,Gives light and visual or audible warning during alarms and power loss.,Battery-backed emergency lights and PA speakers at 6 m stations keep the route lit and announce alerts during a power or pressure emergency.,1.1,6.1,543,4.4,24.4,2172
2,CF2,Forward Spine Corridor,CF2-03,Fire extinguishers,safety_fire_extinguisher,safety,Fire Extinguisher,wall,2,300,735,199,"Fire, first-aid, breach and emergency gear required by regulation.",A fire extinguisher within 12 m of any point of the route is the regulation for an occupied corridor.,4.26,0.0,869,8.52,0.0,1738
2,CF2,Forward Spine Corridor,CF2-04,Department wayfinding signs,sign_dept_medical,sign,Dept Medical,wall,1,1000,400,48,Wayfinding and hazard marking.,"A department sign above each door on the corridor side tells crew what lies behind it, so nobody opens the wrong hatch in an emergency.",1.02,0.0,88.1,1.02,0.0,88.1
2,CF2,Forward Spine Corridor,CF2-04,Department wayfinding signs,sign_dept_mess,sign,Dept Mess,wall,2,1000,400,60,Wayfinding and hazard marking.,"A department sign above each door on the corridor side tells crew what lies behind it, so nobody opens the wrong hatch in an emergency.",1.33,0.0,134,2.66,0.0,268
2,CF2,Forward Spine Corridor,CF2-04,Department wayfinding signs,sign_dept_security,sign,Dept Security,wall,3,1000,400,60,Wayfinding and hazard marking.,"A department sign above each door on the corridor side tells crew what lies behind it, so nobody opens the wrong hatch in an emergency.",1.35,0.0,104,4.05,0.0,312
2,CF2,Forward Spine Corridor,CF2-05,Overhead cable tray and ventilation trunk,cabletray_covered_led_tray,cabletray,Covered Led Tray,ceiling,4,2000,195,460,"Carries power and data cables overhead or along walls, protected and accessible.",Power and data cable trays plus a ventilation trunk run above the corridor so every room on the deck can be fed without floor penetrations.,17.8,0.0,533,71.2,0.0,2132
2,CF2,Forward Spine Corridor,CF2-05,Overhead cable tray and ventilation trunk,cabletray_fibre_glow_tray,cabletray,Fibre Glow Tray,ceiling,4,2000,150,360,"Carries power and data cables overhead or along walls, protected and accessible.",Power and data cable trays plus a ventilation trunk run above the corridor so every room on the deck can be fed without floor penetrations.,10.7,0.0,335,42.8,0.0,1340
2,CF2,Forward Spine Corridor,CF2-05,Overhead cable tray and ventilation trunk,cabletray_ladder_tray,cabletray,Ladder Tray,ceiling,1,2000,170,460,"Carries power and data cables overhead or along walls, protected and accessible.",Power and data cable trays plus a ventilation trunk run above the corridor so every room on the deck can be fed without floor penetrations.,15.5,0.0,467,15.5,0.0,467
2,CF2,Forward Spine Corridor,CF2-05,Overhead cable tray and ventilation trunk,cabletray_perforated_trough,cabletray,Perforated Trough,ceiling,4,2000,190,500,"Carries power and data cables overhead or along walls, protected and accessible.",Power and data cable trays plus a ventilation trunk run above the corridor so every room on the deck can be fed without floor penetrations.,20.3,0.0,556,81.2,0.0,2224
2,CF2,Forward Spine Corridor,CF2-06,Deck evacuation map,safety_evac_route_map,safety,Evac Route Map,wall,1,1000,700,60,"Fire, first-aid, breach and emergency gear required by regulation.",Crew must be able to find the nearest stair from any corridor; the route map sits next to the stair lobby.,3.64,0.0,696,3.64,0.0,696
2,CA2,Aft Spine Corridor,CA2-01,Ceiling lighting,ceilinglight_emergency_fixture,ceilinglight,Emergency Fixture,ceiling,1,560,185,171,General lighting sized to the task in the room.,Linear troffers at about 5 m pitch give 200 lux along the escape route without glare.,2.29,13,784,2.29,13,784
2,CA2,Aft Spine Corridor,CA2-01,Ceiling lighting,ceilinglight_panel_troffer_0_6x1_2,ceilinglight,Panel Troffer 0.6X1.2,ceiling,1,620,98,1260,General lighting sized to the task in the room.,Linear troffers at about 5 m pitch give 200 lux along the escape route without glare.,10.6,21,2470,10.6,21,2470
2,CA2,Aft Spine Corridor,CA2-01,Ceiling lighting,ceilinglight_recessed_hex_cells,ceilinglight,Recessed Hex Cells,ceiling,1,994,73,866,General lighting sized to the task in the room.,Linear troffers at about 5 m pitch give 200 lux along the escape route without glare.,9.03,16,2560,9.03,16,2560
2,CA2,Aft Spine Corridor,CA2-02,Emergency lighting and public address,beacon_emergency_lighting_unit,beacon,Emergency Lighting Unit,wall,2,426,160,171,Gives light and visual or audible warning during alarms and power loss.,Battery-backed emergency lights and PA speakers at 6 m stations keep the route lit and announce alerts during a power or pressure emergency.,1.37,6.1,467,2.74,12.2,934
2,CA2,Aft Spine Corridor,CA2-02,Emergency lighting and public address,beacon_intercom_speaker,beacon,Intercom Speaker,wall,2,300,420,77,Gives light and visual or audible warning during alarms and power loss.,Battery-backed emergency lights and PA speakers at 6 m stations keep the route lit and announce alerts during a power or pressure emergency.,1.1,6.1,543,2.2,12.2,1086
2,CA2,Aft Spine Corridor,CA2-03,Fire extinguishers,safety_fire_extinguisher,safety,Fire Extinguisher,wall,1,300,735,199,"Fire, first-aid, breach and emergency gear required by regulation.",A fire extinguisher within 12 m of any point of the route is the regulation for an occupied corridor.,4.26,0.0,869,4.26,0.0,869
2,CA2,Aft Spine Corridor,CA2-04,Department wayfinding signs,sign_dept_quarters,sign,Dept Quarters,wall,2,1000,400,52,Wayfinding and hazard marking.,"A department sign above each door on the corridor side tells crew what lies behind it, so nobody opens the wrong hatch in an emergency.",1.17,0.0,114,2.34,0.0,228
2,CA2,Aft Spine Corridor,CA2-04,Department wayfinding signs,sign_dept_science,sign,Dept Science,wall,2,1000,400,56,Wayfinding and hazard marking.,"A department sign above each door on the corridor side tells crew what lies behind it, so nobody opens the wrong hatch in an emergency.",1.28,0.0,94.9,2.56,0.0,189.8
2,CA2,Aft Spine Corridor,CA2-05,Overhead cable tray and ventilation trunk,cabletray_covered_led_tray,cabletray,Covered Led Tray,ceiling,1,2000,195,460,"Carries power and data cables overhead or along walls, protected and accessible.",Power and data cable trays plus a ventilation trunk run above the corridor so every room on the deck can be fed without floor penetrations.,17.8,0.0,533,17.8,0.0,533
2,CA2,Aft Spine Corridor,CA2-05,Overhead cable tray and ventilation trunk,cabletray_fibre_glow_tray,cabletray,Fibre Glow Tray,ceiling,1,2000,150,360,"Carries power and data cables overhead or along walls, protected and accessible.",Power and data cable trays plus a ventilation trunk run above the corridor so every room on the deck can be fed without floor penetrations.,10.7,0.0,335,10.7,0.0,335
2,CA2,Aft Spine Corridor,CA2-05,Overhead cable tray and ventilation trunk,cabletray_ladder_tray,cabletray,Ladder Tray,ceiling,2,2000,170,460,"Carries power and data cables overhead or along walls, protected and accessible.",Power and data cable trays plus a ventilation trunk run above the corridor so every room on the deck can be fed without floor penetrations.,15.5,0.0,467,31.0,0.0,934
2,CA2,Aft Spine Corridor,CA2-05,Overhead cable tray and ventilation trunk,cabletray_perforated_trough,cabletray,Perforated Trough,ceiling,2,2000,190,500,"Carries power and data cables overhead or along walls, protected and accessible.",Power and data cable trays plus a ventilation trunk run above the corridor so every room on the deck can be fed without floor penetrations.,20.3,0.0,556,40.6,0.0,1112
2,CA2,Aft Spine Corridor,CA2-06,Deck evacuation map,safety_evac_route_map,safety,Evac Route Map,wall,1,1000,700,60,"Fire, first-aid, breach and emergency gear required by regulation.",Crew must be able to find the nearest stair from any corridor; the route map sits next to the stair lobby.,3.64,0.0,696,3.64,0.0,696
2,CA2,Aft Spine Corridor,CA2-07,Drinking fountain,fountain_drinking_fountain_wall_unit,fountain,Drinking Fountain Wall Unit,wall,1,500,540,312,Drinking water for crew.,Crew working aft need water without going to the mess; a wall fountain at wheelchair height is fitted on the aft corridor.,10.1,87,3510,10.1,87,3510
2,LB2,Mid-ship Stair Lobby,LB2-01,Ceiling lighting,ceilinglight_ring_light,ceilinglight,Ring Light,ceiling,1,960,136,960,General lighting sized to the task in the room.,A row of panel lights bright enough (300 lux) to read the signs and safely see the stair entrance.,17.1,24,4380,17.1,24,4380
2,LB2,Mid-ship Stair Lobby,LB2-01,Ceiling lighting,ceilinglight_round_downlight,ceilinglight,Round Downlight,ceiling,1,338,110,338,General lighting sized to the task in the room.,A row of panel lights bright enough (300 lux) to read the signs and safely see the stair entrance.,1.81,12,638,1.81,12,638
2,LB2,Mid-ship Stair Lobby,LB2-01,Ceiling lighting,ceilinglight_square_panel_1x1,ceilinglight,Square Panel 1X1,ceiling,1,1000,79,1000,General lighting sized to the task in the room.,A row of panel lights bright enough (300 lux) to read the signs and safely see the stair entrance.,10.6,18,3360,10.6,18,3360
2,LB2,Mid-ship Stair Lobby,LB2-02,Waiting benches,bench_padded_wall_bench,bench,Padded Wall Bench,wall,2,1800,1380,460,Fixed seating along walls so the floor stays free for circulation.,Padded benches against the walls give somewhere to wait for the next shift change without blocking the route.,67.5,0.0,2320,135.0,0.0,4640
2,LB2,Mid-ship Stair Lobby,LB2-03,Vending machines,vending_tech_parts_machine,vending,Tech Parts Machine,floor,1,910,1900,847,"Snacks, drinks and small parts for crew.",The habitat deck is the crew's living deck; drink and snack machines at the stair lobby save a walk to the mess hall.,221.8,530,69600,221.8,530,69600
2,LB2,Mid-ship Stair Lobby,LB2-03,Vending machines,vending_ticket_kiosk,vending,Ticket Kiosk,floor,1,900,1940,710,"Snacks, drinks and small parts for crew.",The habitat deck is the crew's living deck; drink and snack machines at the stair lobby save a walk to the mess hall.,167.8,490,51700,167.8,490,51700
2,LB2,Mid-ship Stair Lobby,LB2-04,Deck number signs,sign_deck_2,sign,Deck 2,wall,2,800,950,45,Wayfinding and hazard marking.,Large deck numbers above each arch stop crew from taking the wrong flight of stairs.,1.73,0.0,82.3,3.46,0.0,164.6
2,LB2,Mid-ship Stair Lobby,LB2-05,Deck plan boards,display_deck_plan_board,display,Deck Plan Board,wall,2,1100,1675,104,"Shows status, plans and sensor data to people in the room.",A you-are-here plan board at each side of the passage shows the layout of the deck and the two stair locations.,12.7,83,23500,25.4,166,47000
2,LB2,Mid-ship Stair Lobby,LB2-06,Fire fighting and first aid,safety_fire_extinguisher,safety,Fire Extinguisher,wall,2,300,735,199,"Fire, first-aid, breach and emergency gear required by regulation.","Extinguisher and first-aid cabinet sit beside the stairs, the most likely meeting point during an emergency.",4.26,0.0,869,8.52,0.0,1738
2,LB2,Mid-ship Stair Lobby,LB2-07,Notice board and duty roster,noticeboard_duty_roster_display,noticeboard,Duty Roster Display,wall,1,1000,1300,78,Duty rosters and notices.,Watch bills and notices are posted where everybody passes every day.,6.32,49,9780,6.32,49,9780
2,LB2,Mid-ship Stair Lobby,LB2-08,Overhead services,duct_ceiling_square_diffuser,duct,Ceiling Square Diffuser,ceiling,2,700,120,700,Moves conditioned air to and from the room.,Fire-suppression nozzles and air diffusers in the ceiling of the busiest junction of the deck.,4.53,0.0,2390,9.06,0.0,4780
2,SP2,Port Stair Tower,SP2-01,Stair level signage,sign_deck_2,sign,Deck 2,wall,1,800,950,45,Wayfinding and hazard marking.,Deck number plate and exit arrow at the landing tell people which level they are on and where the exit is.,1.73,0.0,82.3,1.73,0.0,82.3
2,SP2,Port Stair Tower,SP2-01,Stair level signage,sign_exit_arrow,sign,Exit Arrow,wall,1,700,240,42,Wayfinding and hazard marking.,Deck number plate and exit arrow at the landing tell people which level they are on and where the exit is.,0.37,0.0,38.1,0.37,0.0,38.1
2,SP2,Port Stair Tower,SP2-02,Fire extinguisher and emergency lighting,beacon_emergency_lighting_unit,beacon,Emergency Lighting Unit,wall,1,426,160,171,Gives light and visual or audible warning during alarms and power loss.,Stair towers are protected escape routes: a hand extinguisher and battery lights are mandatory at every level.,1.37,6.1,467,1.37,6.1,467
2,SP2,Port Stair Tower,SP2-02,Fire extinguisher and emergency lighting,safety_fire_extinguisher,safety,Fire Extinguisher,wall,1,300,735,199,"Fire, first-aid, breach and emergency gear required by regulation.",Stair towers are protected escape routes: a hand extinguisher and battery lights are mandatory at every level.,4.26,0.0,869,4.26,0.0,869
2,SP2,Port Stair Tower,SP2-03,Stair lighting,ceilinglight_cage_light,ceilinglight,Cage Light,ceiling,1,214,232,220,General lighting sized to the task in the room.,"Recessed downlights over the deck-level strip and, where the ceiling is solid, over the landing light every tread; the stairs are the main way between decks.",1.54,10,606,1.54,10,606
2,SP2,Port Stair Tower,SP2-03,Stair lighting,ceilinglight_round_downlight,ceilinglight,Round Downlight,ceiling,1,338,110,338,General lighting sized to the task in the room.,"Recessed downlights over the deck-level strip and, where the ceiling is solid, over the landing light every tread; the stairs are the main way between decks.",1.81,12,638,1.81,12,638
2,SS2,Starboard Stair Tower,SS2-01,Stair level signage,sign_deck_2,sign,Deck 2,wall,1,800,950,45,Wayfinding and hazard marking.,Deck number plate and exit arrow at the landing tell people which level they are on and where the exit is.,1.73,0.0,82.3,1.73,0.0,82.3
2,SS2,Starboard Stair Tower,SS2-01,Stair level signage,sign_exit_arrow,sign,Exit Arrow,wall,1,700,240,42,Wayfinding and hazard marking.,Deck number plate and exit arrow at the landing tell people which level they are on and where the exit is.,0.37,0.0,38.1,0.37,0.0,38.1
2,SS2,Starboard Stair Tower,SS2-02,Fire extinguisher and emergency lighting,beacon_emergency_lighting_unit,beacon,Emergency Lighting Unit,wall,1,426,160,171,Gives light and visual or audible warning during alarms and power loss.,Stair towers are protected escape routes: a hand extinguisher and battery lights are mandatory at every level.,1.37,6.1,467,1.37,6.1,467
2,SS2,Starboard Stair Tower,SS2-02,Fire extinguisher and emergency lighting,safety_fire_extinguisher,safety,Fire Extinguisher,wall,1,300,735,199,"Fire, first-aid, breach and emergency gear required by regulation.",Stair towers are protected escape routes: a hand extinguisher and battery lights are mandatory at every level.,4.26,0.0,869,4.26,0.0,869
2,SS2,Starboard Stair Tower,SS2-03,Stair lighting,ceilinglight_emergency_fixture,ceilinglight,Emergency Fixture,ceiling,1,560,185,171,General lighting sized to the task in the room.,"Recessed downlights over the deck-level strip and, where the ceiling is solid, over the landing light every tread; the stairs are the main way between decks.",2.29,13,784,2.29,13,784
2,SS2,Starboard Stair Tower,SS2-03,Stair lighting,ceilinglight_flush_dome,ceilinglight,Flush Dome,ceiling,1,638,176,638,General lighting sized to the task in the room.,"Recessed downlights over the deck-level strip and, where the ceiling is solid, over the landing light every tread; the stairs are the main way between decks.",10.2,20,2400,10.2,20,2400
2,AR,Armory,AR-01,Rifle and pistol lockers,weaponrack_pistol_locker,weaponrack,Pistol Locker,floor,1,800,1400,415,Secure storage of weapons and protective gear.,"Locked upright cabinets hold the long arms and sidearms of the watch; they are bolted to the long south wall, which is the only straight run long enough and is out of the way of the door and the inspection area.",103.2,28,70900,103.2,28,70900
2,AR,Armory,AR-01,Rifle and pistol lockers,weaponrack_rifle_locker,weaponrack,Rifle Locker,floor,2,1000,2000,545,Secure storage of weapons and protective gear.,"Locked upright cabinets hold the long arms and sidearms of the watch; they are bolted to the long south wall, which is the only straight run long enough and is out of the way of the door and the inspection area.",248.2,56,205000,496.4,112,410000
2,AR,Armory,AR-02,Armour locker,weaponrack_armour_plate_locker,weaponrack,Armour Plate Locker,floor,1,1000,2000,610,Secure storage of weapons and protective gear.,"The armour-plate locker holds body armour and helmets for the watch; it stands on the east wall north of the door, where the armorer can see it from the counter.",283.2,71,174000,283.2,71,174000
2,AR,Armory,AR-03,Wall racks on the hull facets,weaponrack_heavy_rifle_rack,weaponrack,Heavy Rifle Rack,wall,1,1200,1330,365,Secure storage of weapons and protective gear.,"Racks for heavy rifles, pistols, cell packs and riot shields hang on the slanting hull facets - awkward shapes for floor furniture - high on the wall (centre 1.75-1.85 m) above the level of the floor furniture below, each rack within sight of the armorer.",134.1,35,93800,134.1,35,93800
2,AR,Armory,AR-03,Wall racks on the hull facets,weaponrack_pistol_rack_wall,weaponrack,Pistol Rack Wall,wall,1,950,725,85,Secure storage of weapons and protective gear.,"Racks for heavy rifles, pistols, cell packs and riot shields hang on the slanting hull facets - awkward shapes for floor furniture - high on the wall (centre 1.75-1.85 m) above the level of the floor furniture below, each rack within sight of the armorer.",13.8,7.9,8790,13.8,7.9,8790
2,AR,Armory,AR-03,Wall racks on the hull facets,weaponrack_riot_shield_rack,weaponrack,Riot Shield Rack,wall,1,1500,1100,160,Secure storage of weapons and protective gear.,"Racks for heavy rifles, pistols, cell packs and riot shields hang on the slanting hull facets - awkward shapes for floor furniture - high on the wall (centre 1.75-1.85 m) above the level of the floor furniture below, each rack within sight of the armorer.",56.9,19,45400,56.9,19,45400
2,AR,Armory,AR-04,Cell charging and ammunition,weaponrack_cell_charger_rack,weaponrack,Cell Charger Rack,wall,1,1200,890,210,Secure storage of weapons and protective gear.,"A power-cell charger rack keeps energy weapons topped up; ammunition boxes stay in cans on the bench, never loose.",48.0,17,31000,48.0,17,31000
2,AR,Armory,AR-05,Inspection bench,weaponrack_weapons_inspection_bench,weaponrack,Weapons Inspection Bench,floor,1,1900,1717,800,Secure storage of weapons and protective gear.,"Weapons are cleared, checked and cleaned on the inspection bench on the second hull facet, with the armorer standing at its open side; the open middle of the store lets a weapon be handled muzzle-down without sweeping anyone.",611.9,140,458000,611.9,140,458000
2,AR,Armory,AR-06,Issue counter and armorer's terminal,chair_swivel_office_chair,chair,Swivel Office Chair,floor,1,623,1125,625,Seating for desks and tables.,Weapons are handed out over a counter so nobody enters the store uninvited; the armorer sits behind it and logs every issue and return on the terminal.,8.48,0.0,459,8.48,0.0,459
2,AR,Armory,AR-06,Issue counter and armorer's terminal,table_bar_counter,table,Bar Counter,floor,1,1800,1062,715,"Work, meeting or dining surface.",Weapons are handed out over a counter so nobody enters the store uninvited; the armorer sits behind it and logs every issue and return on the terminal.,45.9,0.0,1700,45.9,0.0,1700
2,AR,Armory,AR-06,Issue counter and armorer's terminal,terminal_desk_terminal,terminal,Desk Terminal,table,1,370,403,265,Data entry and information access.,Weapons are handed out over a counter so nobody enters the store uninvited; the armorer sits behind it and logs every issue and return on the terminal.,9.45,18,12600,9.45,18,12600
2,AR,Armory,AR-07,Force-field shutter and access control,camera_dome_ceiling,camera,Dome Ceiling,ceiling,1,318,150,318,Surveillance and access control for the security department.,A force-field shield doorway just inside the door closes the store when the armorer leaves; a retina scanner on the wall beside the door and a dome camera over it record everybody who enters.,2.21,10,1520,2.21,10,1520
2,AR,Armory,AR-07,Force-field shutter and access control,camera_pan_tilt_ceiling,camera,Pan Tilt Ceiling,ceiling,1,260,450,310,Surveillance and access control for the security department.,A force-field shield doorway just inside the door closes the store when the armorer leaves; a retina scanner on the wall beside the door and a dome camera over it record everybody who enters.,4.89,13,3580,4.89,13,3580
2,AR,Armory,AR-07,Force-field shutter and access control,camera_retina_scanner,camera,Retina Scanner,wall,1,240,380,99,Surveillance and access control for the security department.,A force-field shield doorway just inside the door closes the store when the armorer leaves; a retina scanner on the wall beside the door and a dome camera over it record everybody who enters.,1.19,8.6,1010,1.19,8.6,1010
2,AR,Armory,AR-07,Force-field shutter and access control,forcefield_shield_doorway,forcefield,Shield Doorway,floor,1,2480,2800,365,Energy barrier that seals an opening while letting craft or people pass when lowered.,A force-field shield doorway just inside the door closes the store when the armorer leaves; a retina scanner on the wall beside the door and a dome camera over it record everybody who enters.,626.5,220000,559000,626.5,220000,559000
2,AR,Armory,AR-08,Safety and signs,safety_fire_extinguisher,safety,Fire Extinguisher,wall,1,300,735,199,"Fire, first-aid, breach and emergency gear required by regulation.","An extinguisher and a first-aid cabinet by the armorer, a no-entry sign and the security department sign at the door.",4.26,0.0,869,4.26,0.0,869
2,AR,Armory,AR-08,Safety and signs,safety_first_aid_cabinet,safety,First Aid Cabinet,wall,1,420,520,205,"Fire, first-aid, breach and emergency gear required by regulation.","An extinguisher and a first-aid cabinet by the armorer, a no-entry sign and the security department sign at the door.",4.13,0.0,666,4.13,0.0,666
2,AR,Armory,AR-08,Safety and signs,sign_dept_security,sign,Dept Security,wall,1,1000,400,60,Wayfinding and hazard marking.,"An extinguisher and a first-aid cabinet by the armorer, a no-entry sign and the security department sign at the door.",1.35,0.0,104,1.35,0.0,104
2,AR,Armory,AR-08,Safety and signs,sign_no_entry,sign,No Entry,wall,1,480,480,61,Wayfinding and hazard marking.,"An extinguisher and a first-aid cabinet by the armorer, a no-entry sign and the security department sign at the door.",0.75,0.0,194,0.75,0.0,194
2,AR,Armory,AR-09,Ceiling lighting,ceilinglight_cove_tray,ceilinglight,Cove Tray,ceiling,1,1600,170,500,General lighting sized to the task in the room.,"Bright, even light (400 lux) for inspecting weapons, with a cooling vent over the charger racks.",20.2,24,5770,20.2,24,5770
2,AR,Armory,AR-09,Ceiling lighting,duct_ceiling_round_vent,duct,Ceiling Round Vent,ceiling,1,584,160,584,Moves conditioned air to and from the room.,"Bright, even light (400 lux) for inspecting weapons, with a cooling vent over the charger racks.",3.92,0.0,2610,3.92,0.0,2610
2,GA,Galley,GA-01,Cold storage,galley_chest_freezer,galley,Chest Freezer,floor,1,1520,915,786,"Food storage, cooking and dish-washing equipment.",Two upright refrigerators and a chest freezer on the north wall hold a week of fresh and frozen food for 40; they sit farthest from the heat of the range and next to the goods-in door so deliveries cross the room once.,169.7,310,59300,169.7,310,59300
2,GA,Galley,GA-01,Cold storage,galley_refrigerator,galley,Refrigerator,floor,2,800,1900,840,"Food storage, cooking and dish-washing equipment.",Two upright refrigerators and a chest freezer on the north wall hold a week of fresh and frozen food for 40; they sit farthest from the heat of the range and next to the goods-in door so deliveries cross the room once.,202.9,320,78300,405.8,640,156600
2,GA,Galley,GA-02,Dry stores and shelving,galley_storage_shelving,galley,Storage Shelving,floor,2,1268,1900,540,"Food storage, cooking and dish-washing equipment.","Floor-to-ceiling storage shelving for tins, flour and dry goods next to the cold line, and a second bay by the door for crockery; both are within one step of the prep island.",217.1,0.0,83600,434.2,0.0,167200
2,GA,Galley,GA-03,Prep island and counters,galley_kitchen_island,galley,Kitchen Island,floor,1,2060,1120,1017,"Food storage, cooking and dish-washing equipment.",A kitchen island and a prep counter form the central work area: the cook turns from the fridges on the north wall to the island and on to the range in three steps.  Aisles of 1.2 m or more surround them so two cooks can pass.,414.5,0.0,113000,414.5,0.0,113000
2,GA,Galley,GA-03,Prep island and counters,galley_microwave,galley,Microwave,table,1,500,300,410,"Food storage, cooking and dish-washing equipment.",A kitchen island and a prep counter form the central work area: the cook turns from the fridges on the north wall to the island and on to the range in three steps.  Aisles of 1.2 m or more surround them so two cooks can pass.,9.73,320,3830,9.73,320,3830
2,GA,Galley,GA-03,Prep island and counters,galley_prep_counter,galley,Prep Counter,floor,1,1800,1180,750,"Food storage, cooking and dish-washing equipment.",A kitchen island and a prep counter form the central work area: the cook turns from the fridges on the north wall to the island and on to the range in three steps.  Aisles of 1.2 m or more surround them so two cooks can pass.,251.0,0.0,77800,251.0,0.0,77800
2,GA,Galley,GA-03,Prep island and counters,galley_toaster,galley,Toaster,table,1,415,260,230,"Food storage, cooking and dish-washing equipment.",A kitchen island and a prep counter form the central work area: the cook turns from the fridges on the north wall to the island and on to the range in three steps.  Aisles of 1.2 m or more surround them so two cooks can pass.,4.25,94,1470,4.25,94,1470
2,GA,Galley,GA-04,Cooking line,galley_commercial_oven,galley,Commercial Oven,floor,1,950,1920,875,"Food storage, cooking and dish-washing equipment.","Range with extraction hood, commercial oven and steamer stand side by side against the port hull facets, so heat, steam and grease are drawn out at one place and away from the serving line.",283.8,3600,107000,283.8,3600,107000
2,GA,Galley,GA-04,Cooking line,galley_range_with_hood,galley,Range With Hood,floor,1,900,2500,825,"Food storage, cooking and dish-washing equipment.","Range with extraction hood, commercial oven and steamer stand side by side against the port hull facets, so heat, steam and grease are drawn out at one place and away from the serving line.",330.3,4100,118000,330.3,4100,118000
2,GA,Galley,GA-04,Cooking line,galley_soup_kettle,galley,Soup Kettle,floor,1,900,1320,880,"Food storage, cooking and dish-washing equipment.","Range with extraction hood, commercial oven and steamer stand side by side against the port hull facets, so heat, steam and grease are drawn out at one place and away from the serving line.",172.9,2500,47500,172.9,2500,47500
2,GA,Galley,GA-04,Cooking line,galley_steamer,galley,Steamer,floor,1,850,1955,925,"Food storage, cooking and dish-washing equipment.","Range with extraction hood, commercial oven and steamer stand side by side against the port hull facets, so heat, steam and grease are drawn out at one place and away from the serving line.",270.1,3000,103000,270.1,3000,103000
2,GA,Galley,GA-05,Sinks and dish-wash,galley_dishwasher,galley,Dishwasher,floor,1,900,930,840,"Food storage, cooking and dish-washing equipment.",Sink unit and dishwasher on the east wall between the door and the serving line; dirty dishes arrive from the mess hall by the short path and leave the kitchen without crossing the cook's area.,123.8,1700,43100,123.8,1700,43100
2,GA,Galley,GA-05,Sinks and dish-wash,galley_sink_unit,galley,Sink Unit,floor,1,1420,1330,707,"Food storage, cooking and dish-washing equipment.",Sink unit and dishwasher on the east wall between the door and the serving line; dirty dishes arrive from the mess hall by the short path and leave the kitchen without crossing the cook's area.,224.9,0.0,76600,224.9,0.0,76600
2,GA,Galley,GA-06,Serving line,galley_food_replicator,galley,Food Replicator,floor,1,900,1940,680,"Food storage, cooking and dish-washing equipment.","Two counters flank the portal on the mess side: hot food on the port side, salads and cold on the starboard side, so plates move straight through the opening without the cooks entering the hall.",196.6,1100,70200,196.6,1100,70200
2,GA,Galley,GA-06,Serving line,galley_prep_counter,galley,Prep Counter,floor,2,1800,1180,750,"Food storage, cooking and dish-washing equipment.","Two counters flank the portal on the mess side: hot food on the port side, salads and cold on the starboard side, so plates move straight through the opening without the cooks entering the hall.",251.0,0.0,77800,502.0,0.0,155600
2,GA,Galley,GA-06,Serving line,tableware_bowls,tableware,Bowls,table,1,345,101,275,"Plates, cups and condiments on tables.","Two counters flank the portal on the mess side: hot food on the port side, salads and cold on the starboard side, so plates move straight through the opening without the cooks entering the hall.",2.79,0.0,879,2.79,0.0,879
2,GA,Galley,GA-06,Serving line,tableware_meal_tray,tableware,Meal Tray,table,1,420,95,350,"Plates, cups and condiments on tables.","Two counters flank the portal on the mess side: hot food on the port side, salads and cold on the starboard side, so plates move straight through the opening without the cooks entering the hall.",3.62,0.0,1050,3.62,0.0,1050
2,GA,Galley,GA-06,Serving line,tableware_plate_stack,tableware,Plate Stack,table,1,260,99,260,"Plates, cups and condiments on tables.","Two counters flank the portal on the mess side: hot food on the port side, salads and cold on the starboard side, so plates move straight through the opening without the cooks entering the hall.",1.84,0.0,816,1.84,0.0,816
2,GA,Galley,GA-06,Serving line,tableware_salad,tableware,Salad,table,1,280,155,280,"Plates, cups and condiments on tables.","Two counters flank the portal on the mess side: hot food on the port side, salads and cold on the starboard side, so plates move straight through the opening without the cooks entering the hall.",3.41,0.0,1230,3.41,0.0,1230
2,GA,Galley,GA-07,Hanging pots and ceiling rail,galley_hanging_pots_rack,galley,Hanging Pots Rack,ceiling,1,1200,510,400,"Food storage, cooking and dish-washing equipment.","Pans and ladles hang above the island within arm's reach, freeing drawer space and keeping the floor clear.",40.3,0.0,14700,40.3,0.0,14700
2,GA,Galley,GA-08,Water and waste,watertank_uv_water_purifier,watertank,Uv Water Purifier,floor,1,900,1730,570,"Stores, purifies and recycles water.",A potable-water tank and a filtration unit supply cooking water from a dedicated source so the kitchen does not draw from the drinking loop; a wall trash chute and waste bins keep scraps out of the way.,223.1,2000,118000,223.1,2000,118000
2,GA,Galley,GA-09,Fire and first aid,safety_fire_extinguisher,safety,Fire Extinguisher,wall,1,300,735,199,"Fire, first-aid, breach and emergency gear required by regulation.","A kitchen fire is the most likely fire on board: extinguisher by the range, fire blanket by the door, first-aid kit for burns.",4.26,0.0,869,4.26,0.0,869
2,GA,Galley,GA-10,Ceiling lighting and ventilation,ceilinglight_cove_tray,ceilinglight,Cove Tray,ceiling,5,1600,170,500,General lighting sized to the task in the room.,"Sealed light panels over the work areas (300 lux), grilles over the cooking line to feed the hood, and sprinklers for fire suppression.",20.2,24,5770,101.0,120,28850
2,GA,Galley,GA-10,Ceiling lighting and ventilation,duct_ceiling_round_vent,duct,Ceiling Round Vent,ceiling,1,584,160,584,Moves conditioned air to and from the room.,"Sealed light panels over the work areas (300 lux), grilles over the cooking line to feed the hood, and sprinklers for fire suppression.",3.92,0.0,2610,3.92,0.0,2610
2,GA,Galley,GA-10,Ceiling lighting and ventilation,safety_sprinkler_head,safety,Sprinkler Head,ceiling,1,140,148,140,"Fire, first-aid, breach and emergency gear required by regulation.","Sealed light panels over the work areas (300 lux), grilles over the cooking line to feed the hood, and sprinklers for fire suppression.",0.27,0.0,106,0.27,0.0,106
2,MH,Mess Hall,MH-01,Long dining tables,table_long_mess_table,table,Long Mess Table,floor,6,3000,767,800,"Work, meeting or dining surface.","Six 3.0 m tables (two per column) are the core of the hall: long rows give the regular, easily cleaned layout a mess deck needs and let a watch sit together.  The columns run fore-aft so every seat has a view of the port windows and the serving line.",65.4,0.0,2230,392.4,0.0,13380
2,MH,Mess Hall,MH-02,Short tables for small groups,table_bolted_table,table,Bolted Table,floor,3,1500,787,810,"Work, meeting or dining surface.",A 1.5 m bolted table at the aft end of each column seats four and lets pairs or small work teams eat apart from a full row.,30.7,0.0,1460,92.1,0.0,4380
2,MH,Mess Hall,MH-03,Seating along the window column,bench_locker_room_bench,bench,Locker Room Bench,floor,4,1600,465,500,Fixed seating along walls so the floor stays free for circulation.,"The port-most column has mess benches on both sides of each table: benches pack more people per metre, stay low in front of the glass and leave the view open.  One bench of 2.0 m per side gives three seats.",19.1,0.0,910,76.4,0.0,3640
2,MH,Mess Hall,MH-03,Seating along the window column,bench_mess_bench,bench,Mess Bench,floor,2,2000,467,400,Fixed seating along walls so the floor stays free for circulation.,"The port-most column has mess benches on both sides of each table: benches pack more people per metre, stay low in front of the glass and leave the view open.  One bench of 2.0 m per side gives three seats.",22.1,0.0,1030,44.2,0.0,2060
2,MH,Mess Hall,MH-04,Chairs at the inner columns,chair_folding_chair,chair,Folding Chair,floor,16,440,928,462,Seating for desks and tables.,Chairs on both long sides of the two inner columns (three per side at 1.0 m pitch) suit people who like a back rest; each is tucked against the table edge and faces it.,3.34,0.0,217,53.44,0.0,3472
2,MH,Mess Hall,MH-04,Chairs at the inner columns,chair_mess_chair,chair,Mess Chair,floor,16,420,890,460,Seating for desks and tables.,Chairs on both long sides of the two inner columns (three per side at 1.0 m pitch) suit people who like a back rest; each is tucked against the table edge and faces it.,3.41,0.0,220,54.56,0.0,3520
2,MH,Mess Hall,MH-05,Table settings,tableware_bread_basket,tableware,Bread Basket,table,2,344,135,244,"Plates, cups and condiments on tables.","Plates, cups, condiments and napkin dispensers on the tables make the hall read as a dining room and save a trip to the counter.",3.21,0.0,1200,6.42,0.0,2400
2,MH,Mess Hall,MH-05,Table settings,tableware_condiments,tableware,Condiments,table,3,220,190,100,"Plates, cups and condiments on tables.","Plates, cups, condiments and napkin dispensers on the tables make the hall read as a dining room and save a trip to the counter.",1.2,0.0,373,3.6,0.0,1119
2,MH,Mess Hall,MH-05,Table settings,tableware_cups_and_mugs,tableware,Cups And Mugs,table,4,318,100,283,"Plates, cups and condiments on tables.","Plates, cups, condiments and napkin dispensers on the tables make the hall read as a dining room and save a trip to the counter.",2.52,0.0,957,10.08,0.0,3828
2,MH,Mess Hall,MH-05,Table settings,tableware_napkin_dispenser,tableware,Napkin Dispenser,table,2,140,155,111,"Plates, cups and condiments on tables.","Plates, cups, condiments and napkin dispensers on the tables make the hall read as a dining room and save a trip to the counter.",0.65,0.0,258,1.3,0.0,516
2,MH,Mess Hall,MH-05,Table settings,tableware_plate_stack,tableware,Plate Stack,table,4,260,99,260,"Plates, cups and condiments on tables.","Plates, cups, condiments and napkin dispensers on the tables make the hall read as a dining room and save a trip to the counter.",1.84,0.0,816,7.36,0.0,3264
2,MH,Mess Hall,MH-06,Serving line,display_status_board,display,Status Board,wall,1,1500,1055,95,"Shows status, plans and sensor data to people in the room.","Food replicator, salad bar and a coffee machine stand against the galley wall either side of the portal, so trays are filled where the galley passes food out and the queue forms across the free strip in front of them.",10.1,83,18000,10.1,83,18000
2,MH,Mess Hall,MH-06,Serving line,display_ticker_banner,display,Ticker Banner,wall,1,2340,280,115,"Shows status, plans and sensor data to people in the room.","Food replicator, salad bar and a coffee machine stand against the galley wall either side of the portal, so trays are filled where the galley passes food out and the queue forms across the free strip in front of them.",5.06,46,10300,5.06,46,10300
2,MH,Mess Hall,MH-06,Serving line,galley_coffee_machine,galley,Coffee Machine,floor,1,900,1725,642,"Food storage, cooking and dish-washing equipment.","Food replicator, salad bar and a coffee machine stand against the galley wall either side of the portal, so trays are filled where the galley passes food out and the queue forms across the free strip in front of them.",169.5,2300,57300,169.5,2300,57300
2,MH,Mess Hall,MH-06,Serving line,galley_food_replicator,galley,Food Replicator,floor,1,900,1940,680,"Food storage, cooking and dish-washing equipment.","Food replicator, salad bar and a coffee machine stand against the galley wall either side of the portal, so trays are filled where the galley passes food out and the queue forms across the free strip in front of them.",196.6,1100,70200,196.6,1100,70200
2,MH,Mess Hall,MH-06,Serving line,galley_salad_bar,galley,Salad Bar,floor,2,2040,1430,840,"Food storage, cooking and dish-washing equipment.","Food replicator, salad bar and a coffee machine stand against the galley wall either side of the portal, so trays are filled where the galley passes food out and the queue forms across the free strip in front of them.",418.7,2000,133000,837.4,4000,266000
2,MH,Mess Hall,MH-06,Serving line,sign_dept_mess,sign,Dept Mess,wall,1,1000,400,60,Wayfinding and hazard marking.,"Food replicator, salad bar and a coffee machine stand against the galley wall either side of the portal, so trays are filled where the galley passes food out and the queue forms across the free strip in front of them.",1.33,0.0,134,1.33,0.0,134
2,MH,Mess Hall,MH-07,Vending and drinking water,fountain_water_cooler_tower,fountain,Water Cooler Tower,floor,1,360,1290,425,Drinking water for crew.,"Drink and snack machines and a water cooler sit at the door end of the east wall where crew pass as they leave, clear of the queue at the serving line.",23.1,130,7510,23.1,130,7510
2,MH,Mess Hall,MH-07,Vending and drinking water,vending_drink_machine,vending,Drink Machine,floor,1,950,1900,907,"Snacks, drinks and small parts for crew.","Drink and snack machines and a water cooler sit at the door end of the east wall where crew pass as they leave, clear of the queue at the serving line.",250.6,570,99600,250.6,570,99600
2,MH,Mess Hall,MH-07,Vending and drinking water,vending_snack_machine,vending,Snack Machine,floor,1,900,1900,847,"Snacks, drinks and small parts for crew.","Drink and snack machines and a water cooler sit at the door end of the east wall where crew pass as they leave, clear of the queue at the serving line.",208.4,520,67800,208.4,520,67800
2,MH,Mess Hall,MH-08,Waste and recycling,bin_recycling_bin_triple,bin,Recycling Bin Triple,floor,1,1240,965,509,Collects waste for the recycler; a clean ship stays habitable.,Tray return and recycling bins by the exit keep diners from carrying rubbish across the hall.,44.1,0.0,2000,44.1,0.0,2000
2,MH,Mess Hall,MH-08,Waste and recycling,bin_trash_bin,bin,Trash Bin,floor,1,538,775,549,Collects waste for the recycler; a clean ship stays habitable.,Tray return and recycling bins by the exit keep diners from carrying rubbish across the hall.,15.8,0.0,750,15.8,0.0,750
2,MH,Mess Hall,MH-09,Window benches,bench_mess_bench,bench,Mess Bench,floor,2,2000,467,400,Fixed seating along walls so the floor stays free for circulation.,"A low bench under each hull window (0.47 m, below the sill) lets people sit with a coffee and look out without blocking the glass.",22.1,0.0,1030,44.2,0.0,2060
2,MH,Mess Hall,MH-10,Planting and greenery,plant_ficus_tree,plant,Ficus Tree,floor,1,888,1936,1007,Improves wellbeing and air quality.,Planter boxes and ficus trees in the corners and along the south wall soften the steel hall and improve the air; the window wall itself is left free.,153.8,0.0,9470,153.8,0.0,9470
2,MH,Mess Hall,MH-10,Planting and greenery,plant_planter_box,plant,Planter Box,floor,2,1240,838,390,Improves wellbeing and air quality.,Planter boxes and ficus trees in the corners and along the south wall soften the steel hall and improve the air; the window wall itself is left free.,35.1,0.0,2170,70.2,0.0,4340
2,MH,Mess Hall,MH-11,"Notice board, clocks and displays",clock_analogue_chronometer,clock,Analogue Chronometer,wall,1,480,480,100,Shared time reference for watch changes.,"Cork board, duty roster and message display on the south wall are read while people wait for a seat; two ship's clocks give the watch times everyone eats by.",2.38,2.2,3410,2.38,2.2,3410
2,MH,Mess Hall,MH-11,"Notice board, clocks and displays",clock_dual_time_ship_clock,clock,Dual Time Ship Clock,wall,1,900,420,98,Shared time reference for watch changes.,"Cork board, duty roster and message display on the south wall are read while people wait for a seat; two ship's clocks give the watch times everyone eats by.",3.44,2.0,3610,3.44,2.0,3610
2,MH,Mess Hall,MH-11,"Notice board, clocks and displays",display_holo_frame_panel,display,Holo Frame Panel,wall,1,1490,860,85,"Shows status, plans and sensor data to people in the room.","Cork board, duty roster and message display on the south wall are read while people wait for a seat; two ship's clocks give the watch times everyone eats by.",6.51,65,10100,6.51,65,10100
2,MH,Mess Hall,MH-11,"Notice board, clocks and displays",noticeboard_cork_bulletin_board,noticeboard,Cork Bulletin Board,wall,1,1200,908,80,Duty rosters and notices.,"Cork board, duty roster and message display on the south wall are read while people wait for a seat; two ship's clocks give the watch times everyone eats by.",5.39,43,8920,5.39,43,8920
2,MH,Mess Hall,MH-11,"Notice board, clocks and displays",noticeboard_digital_message_board,noticeboard,Digital Message Board,wall,1,1400,580,71,Duty rosters and notices.,"Cork board, duty roster and message display on the south wall are read while people wait for a seat; two ship's clocks give the watch times everyone eats by.",3.91,30,6040,3.91,30,6040
2,MH,Mess Hall,MH-11,"Notice board, clocks and displays",noticeboard_duty_roster_display,noticeboard,Duty Roster Display,wall,1,1000,1300,78,Duty rosters and notices.,"Cork board, duty roster and message display on the south wall are read while people wait for a seat; two ship's clocks give the watch times everyone eats by.",6.32,49,9780,6.32,49,9780
2,MH,Mess Hall,MH-12,Safety equipment and cleaning,safety_fire_extinguisher,safety,Fire Extinguisher,wall,2,300,735,199,"Fire, first-aid, breach and emergency gear required by regulation.","Extinguishers at the galley wall and the exit, a first-aid cabinet and a cleaning drone that works between meals.",4.26,0.0,869,8.52,0.0,1738
2,MH,Mess Hall,MH-12,Safety equipment and cleaning,safety_first_aid_cabinet,safety,First Aid Cabinet,wall,1,420,520,205,"Fire, first-aid, breach and emergency gear required by regulation.","Extinguishers at the galley wall and the exit, a first-aid cabinet and a cleaning drone that works between meals.",4.13,0.0,666,4.13,0.0,666
2,MH,Mess Hall,MH-13,Ceiling lighting and air,ceilinglight_cove_tray,ceilinglight,Cove Tray,ceiling,1,1600,170,500,General lighting sized to the task in the room.,Panel lights on a 4 m grid for 300 lux over the tables; square diffusers and sprinklers over the aisles.,20.2,24,5770,20.2,24,5770
2,MH,Mess Hall,MH-13,Ceiling lighting and air,ceilinglight_linear_fixture_1_2,ceilinglight,Linear Fixture 1.2,ceiling,1,1250,62,160,General lighting sized to the task in the room.,Panel lights on a 4 m grid for 300 lux over the tables; square diffusers and sprinklers over the aisles.,1.62,12,487,1.62,12,487
2,MH,Mess Hall,MH-13,Ceiling lighting and air,ceilinglight_panel_troffer_0_6x1_2,ceilinglight,Panel Troffer 0.6X1.2,ceiling,1,620,98,1260,General lighting sized to the task in the room.,Panel lights on a 4 m grid for 300 lux over the tables; square diffusers and sprinklers over the aisles.,10.6,21,2470,10.6,21,2470
2,MH,Mess Hall,MH-13,Ceiling lighting and air,ceilinglight_recessed_hex_cells,ceilinglight,Recessed Hex Cells,ceiling,1,994,73,866,General lighting sized to the task in the room.,Panel lights on a 4 m grid for 300 lux over the tables; square diffusers and sprinklers over the aisles.,9.03,16,2560,9.03,16,2560
2,MH,Mess Hall,MH-13,Ceiling lighting and air,ceilinglight_ring_light,ceilinglight,Ring Light,ceiling,1,960,136,960,General lighting sized to the task in the room.,Panel lights on a 4 m grid for 300 lux over the tables; square diffusers and sprinklers over the aisles.,17.1,24,4380,17.1,24,4380
2,MH,Mess Hall,MH-13,Ceiling lighting and air,ceilinglight_triple_spot_rail,ceilinglight,Triple Spot Rail,ceiling,1,1100,220,156,General lighting sized to the task in the room.,Panel lights on a 4 m grid for 300 lux over the tables; square diffusers and sprinklers over the aisles.,5.37,15,1350,5.37,15,1350
2,MH,Mess Hall,MH-13,Ceiling lighting and air,duct_ceiling_square_diffuser,duct,Ceiling Square Diffuser,ceiling,3,700,120,700,Moves conditioned air to and from the room.,Panel lights on a 4 m grid for 300 lux over the tables; square diffusers and sprinklers over the aisles.,4.53,0.0,2390,13.59,0.0,7170
2,MH,Mess Hall,MH-13,Ceiling lighting and air,safety_sprinkler_head,safety,Sprinkler Head,ceiling,2,140,148,140,"Fire, first-aid, breach and emergency gear required by regulation.",Panel lights on a 4 m grid for 300 lux over the tables; square diffusers and sprinklers over the aisles.,0.27,0.0,106,0.54,0.0,212
2,BG,Brig,BG-01,Detention cell,cell_wall_cot_toilet,cell,Wall Cot Toilet,floor,1,3000,2600,1935,Secure detention furniture and control equipment for the brig.,"A cell module with wall cot and toilet is the secure room; it stands in the south-west corner with its back to two walls so the only way out is through its front, which faces the guard post.",1612,180,1130000,1612,180,1130000
2,BG,Brig,BG-02,Cell door and observation,cell_door_forcefield,cell,Door Forcefield,floor,1,1880,2600,315,Secure detention furniture and control equipment for the brig.,"A force-field door closes the cell front; the guard opens it from the desk, and cameras let him watch the cell while seated.",175.9,34,132000,175.9,34,132000
2,BG,Brig,BG-03,Guard post,chair_swivel_office_chair,chair,Swivel Office Chair,floor,1,623,1125,625,Seating for desks and tables.,"The guard's desk stands against the west wall beside the corridor door, so every visitor is seen on entry; the terminal and the camera monitor stack above it control the cell field and door locks and show the cell and the security office.",8.48,0.0,459,8.48,0.0,459
2,BG,Brig,BG-03,Guard post,desk_computer_desk,desk,Computer Desk,floor,1,1380,1271,650,Work surface for paperwork and terminals.,"The guard's desk stands against the west wall beside the corridor door, so every visitor is seen on entry; the terminal and the camera monitor stack above it control the cell field and door locks and show the cell and the security office.",29.6,0.0,1400,29.6,0.0,1400
2,BG,Brig,BG-03,Guard post,display_triple_stack,display,Triple Stack,wall,1,850,1550,83,"Shows status, plans and sensor data to people in the room.","The guard's desk stands against the west wall beside the corridor door, so every visitor is seen on entry; the terminal and the camera monitor stack above it control the cell field and door locks and show the cell and the security office.",7.29,61,12300,7.29,61,12300
2,BG,Brig,BG-03,Guard post,terminal_desk_terminal,terminal,Desk Terminal,table,1,370,403,265,Data entry and information access.,"The guard's desk stands against the west wall beside the corridor door, so every visitor is seen on entry; the terminal and the camera monitor stack above it control the cell field and door locks and show the cell and the security office.",9.45,18,12600,9.45,18,12600
2,BG,Brig,BG-04,Holding bench and restraint chair,bench_locker_room_bench,bench,Locker Room Bench,floor,1,1600,465,500,Fixed seating along walls so the floor stays free for circulation.,"New detainees wait cuffed to the holding bench on the south-east facet, beside the door to the security office, before they are searched and booked; the restraint chair next to it is for violent or intoxicated persons.",19.1,0.0,910,19.1,0.0,910
2,BG,Brig,BG-05,Property and guard lockers,cell_property_locker,cell,Property Locker,floor,1,920,1900,665,Secure detention furniture and control equipment for the brig.,"A detainee's belongings are locked away before he enters the cell, and the guard's sidearm is kept in a pistol locker that detainees cannot reach; all three cabinets stand on the north-east facet within reach of the guard desk.",134.2,32,120000,134.2,32,120000
2,BG,Brig,BG-05,Property and guard lockers,safety_first_aid_cabinet,safety,First Aid Cabinet,wall,1,420,520,205,"Fire, first-aid, breach and emergency gear required by regulation.","A detainee's belongings are locked away before he enters the cell, and the guard's sidearm is kept in a pistol locker that detainees cannot reach; all three cabinets stand on the north-east facet within reach of the guard desk.",4.13,0.0,666,4.13,0.0,666
2,BG,Brig,BG-06,Cameras and control,camera_card_reader,camera,Card Reader,wall,2,110,201,58,Surveillance and access control for the security department.,Ceiling domes cover the cell and the door; a motion sensor at the cell alerts the guard if a detainee approaches the field.,0.18,8.5,167,0.36,17.0,334
2,BG,Brig,BG-06,Cameras and control,camera_dome_ceiling,camera,Dome Ceiling,ceiling,1,318,150,318,Surveillance and access control for the security department.,Ceiling domes cover the cell and the door; a motion sensor at the cell alerts the guard if a detainee approaches the field.,2.21,10,1520,2.21,10,1520
2,BG,Brig,BG-06,Cameras and control,camera_pan_tilt_ceiling,camera,Pan Tilt Ceiling,ceiling,1,260,450,310,Surveillance and access control for the security department.,Ceiling domes cover the cell and the door; a motion sensor at the cell alerts the guard if a detainee approaches the field.,4.89,13,3580,4.89,13,3580
2,BG,Brig,BG-07,Safety and signs,sign_dept_security,sign,Dept Security,wall,1,1000,400,60,Wayfinding and hazard marking.,"Extinguisher by the guard post, security sign at the corridor door, status board with the detention register.",1.35,0.0,104,1.35,0.0,104
2,BG,Brig,BG-08,Ceiling lighting,ceilinglight_triple_spot_rail,ceilinglight,Triple Spot Rail,ceiling,1,1100,220,156,General lighting sized to the task in the room.,"Sealed, vandal-resistant light panels; one directly over the cell front.",5.37,15,1350,5.37,15,1350
2,SO,Security Office,SO-01,Monitor wall,display_alert_board,display,Alert Board,wall,1,1000,1020,105,"Shows status, plans and sensor data to people in the room.","Tactical wall screens, a schematics wall and status boards fill the long south wall above the duty consoles, at a 1.9 m centre height so every seat in the room can read them; they show camera feeds, the ship plan and alert status.",6.55,66,12200,6.55,66,12200
2,SO,Security Office,SO-01,Monitor wall,display_schematics_wall,display,Schematics Wall,wall,1,2500,1635,160,"Shows status, plans and sensor data to people in the room.","Tactical wall screens, a schematics wall and status boards fill the long south wall above the duty consoles, at a 1.9 m centre height so every seat in the room can read them; they show camera feeds, the ship plan and alert status.",44.1,260,78500,44.1,260,78500
2,SO,Security Office,SO-01,Monitor wall,display_status_board,display,Status Board,wall,1,1500,1055,95,"Shows status, plans and sensor data to people in the room.","Tactical wall screens, a schematics wall and status boards fill the long south wall above the duty consoles, at a 1.9 m centre height so every seat in the room can read them; they show camera feeds, the ship plan and alert status.",10.1,83,18000,10.1,83,18000
2,SO,Security Office,SO-01,Monitor wall,display_tactical_wall_screen,display,Tactical Wall Screen,wall,2,1990,1395,180,"Shows status, plans and sensor data to people in the room.","Tactical wall screens, a schematics wall and status boards fill the long south wall above the duty consoles, at a 1.9 m centre height so every seat in the room can read them; they show camera feeds, the ship plan and alert status.",33.2,190,55500,66.4,380,111000
2,SO,Security Office,SO-02,Duty consoles,console_sensor,console,Sensor,floor,1,1618,1390,875,Operator station with displays and controls for one ship function.,"Three consoles against the south wall - tactical, sensor and a triple-screen station - are the watch-standers' working positions; each operator sits facing the monitor wall and each console has its chair tucked in front.",263.1,410,378000,263.1,410,378000
2,SO,Security Office,SO-02,Duty consoles,console_sloped_triple_screen,console,Sloped Triple Screen,floor,1,2016,1623,949,Operator station with displays and controls for one ship function.,"Three consoles against the south wall - tactical, sensor and a triple-screen station - are the watch-standers' working positions; each operator sits facing the monitor wall and each console has its chair tucked in front.",396.1,560,552000,396.1,560,552000
2,SO,Security Office,SO-02,Duty consoles,console_tactical,console,Tactical,floor,1,1816,1469,954,Operator station with displays and controls for one ship function.,"Three consoles against the south wall - tactical, sensor and a triple-screen station - are the watch-standers' working positions; each operator sits facing the monitor wall and each console has its chair tucked in front.",335.2,450,460000,335.2,450,460000
2,SO,Security Office,SO-02,Duty consoles,seat_tactical_chair,seat,Tactical Chair,floor,3,670,1441,683,Operator chair for console positions.,"Three consoles against the south wall - tactical, sensor and a triple-screen station - are the watch-standers' working positions; each operator sits facing the monitor wall and each console has its chair tucked in front.",20.5,0.0,1100,61.5,0.0,3300
2,SO,Security Office,SO-03,Briefing table and seating,chair_folding_chair,chair,Folding Chair,floor,4,440,928,462,Seating for desks and tables.,A holographic briefing table in the middle of the floor lets the watch commander brief six to eight people standing or seated; benches and chairs form an arc on the north side so everyone can see the projection and the monitor wall.,3.34,0.0,217,13.36,0.0,868
2,SO,Security Office,SO-03,Briefing table and seating,chair_swivel_office_chair,chair,Swivel Office Chair,floor,3,623,1125,625,Seating for desks and tables.,A holographic briefing table in the middle of the floor lets the watch commander brief six to eight people standing or seated; benches and chairs form an arc on the north side so everyone can see the projection and the monitor wall.,8.48,0.0,459,25.44,0.0,1377
2,SO,Security Office,SO-03,Briefing table and seating,holo_briefing_table,holo,Briefing Table,floor,1,1594,1790,1594,Three-dimensional display for briefings and tactical planning.,A holographic briefing table in the middle of the floor lets the watch commander brief six to eight people standing or seated; benches and chairs form an arc on the north side so everyone can see the projection and the monitor wall.,600.4,2600,841000,600.4,2600,841000
2,SO,Security Office,SO-04,Duty desks on the hull facets,chair_swivel_office_chair,chair,Swivel Office Chair,floor,3,623,1125,625,Seating for desks and tables.,"Three officers' desks with terminals and swivel chairs use the slanted east hull, which leaves awkward corners for other furniture; the desk occupants see the whole room and the door.",8.48,0.0,459,25.44,0.0,1377
2,SO,Security Office,SO-04,Duty desks on the hull facets,desk_officer_desk,desk,Officer Desk,floor,3,1820,1213,862,Work surface for paperwork and terminals.,"Three officers' desks with terminals and swivel chairs use the slanted east hull, which leaves awkward corners for other furniture; the desk occupants see the whole room and the door.",56.8,0.0,2210,170.4,0.0,6630
2,SO,Security Office,SO-05,Evidence store,shelving_cage_lockers,shelving,Cage Lockers,floor,1,2140,2125,600,"Open storage for parts, stores and gear.",Cage lockers and a drawer cabinet hold evidence and seized items; they stand beside the brig door so prisoners' property and evidence are logged and locked away next to where they enter.,204.3,0.0,19000,204.3,0.0,19000
2,SO,Security Office,SO-05,Evidence store,storagebin_drawer_cabinet,storagebin,Drawer Cabinet,floor,1,820,1500,605,Small-parts and tool storage.,Cage lockers and a drawer cabinet hold evidence and seized items; they stand beside the brig door so prisoners' property and evidence are logged and locked away next to where they enter.,32.6,0.0,2960,32.6,0.0,2960
2,SO,Security Office,SO-06,Weapon locker,weaponrack_pistol_locker,weaponrack,Pistol Locker,floor,1,800,1400,415,Secure storage of weapons and protective gear.,"A rifle locker and a pistol locker for the duty shift's sidearms, locked and close to the corridor door.",103.2,28,70900,103.2,28,70900
2,SO,Security Office,SO-06,Weapon locker,weaponrack_rifle_locker,weaponrack,Rifle Locker,floor,1,1000,2000,545,Secure storage of weapons and protective gear.,"A rifle locker and a pistol locker for the duty shift's sidearms, locked and close to the corridor door.",248.2,56,205000,248.2,56,205000
2,SO,Security Office,SO-07,Coffee point,fountain_water_cooler_tower,fountain,Water Cooler Tower,floor,1,360,1290,425,Drinking water for crew.,A coffee machine and water cooler at the north-east corner give the watch a place to stand and talk without leaving the room.,23.1,130,7510,23.1,130,7510
2,SO,Security Office,SO-07,Coffee point,galley_coffee_machine,galley,Coffee Machine,floor,1,900,1725,642,"Food storage, cooking and dish-washing equipment.",A coffee machine and water cooler at the north-east corner give the watch a place to stand and talk without leaving the room.,169.5,2300,57300,169.5,2300,57300
2,SO,Security Office,SO-08,Cameras and access control,camera_dome_ceiling,camera,Dome Ceiling,ceiling,1,318,150,318,Surveillance and access control for the security department.,Dome cameras at the two doors and a card reader beside each door record who enters; the corridor door is the only way in for visitors.,2.21,10,1520,2.21,10,1520
2,SO,Security Office,SO-08,Cameras and access control,camera_pan_tilt_ceiling,camera,Pan Tilt Ceiling,ceiling,1,260,450,310,Surveillance and access control for the security department.,Dome cameras at the two doors and a card reader beside each door record who enters; the corridor door is the only way in for visitors.,4.89,13,3580,4.89,13,3580
2,SO,Security Office,SO-09,Greenery and comfort,plant_bonsai,plant,Bonsai,table,1,431,397,200,Improves wellbeing and air quality.,A bonsai and a succulent on the duty desks soften a room where people work long watches.,2.91,0.0,308,2.91,0.0,308
2,SO,Security Office,SO-09,Greenery and comfort,plant_succulent_set,plant,Succulent Set,table,1,387,149,300,Improves wellbeing and air quality.,A bonsai and a succulent on the duty desks soften a room where people work long watches.,1.52,0.0,314,1.52,0.0,314
2,SO,Security Office,SO-10,"Safety, signs and notices",safety_fire_extinguisher,safety,Fire Extinguisher,wall,2,300,735,199,"Fire, first-aid, breach and emergency gear required by regulation.","Extinguishers and a first-aid cabinet, a wall clock for the log, and the department sign over the corridor door.",4.26,0.0,869,8.52,0.0,1738
2,SO,Security Office,SO-10,"Safety, signs and notices",safety_first_aid_cabinet,safety,First Aid Cabinet,wall,1,420,520,205,"Fire, first-aid, breach and emergency gear required by regulation.","Extinguishers and a first-aid cabinet, a wall clock for the log, and the department sign over the corridor door.",4.13,0.0,666,4.13,0.0,666
2,SO,Security Office,SO-10,"Safety, signs and notices",sign_dept_security,sign,Dept Security,wall,1,1000,400,60,Wayfinding and hazard marking.,"Extinguishers and a first-aid cabinet, a wall clock for the log, and the department sign over the corridor door.",1.35,0.0,104,1.35,0.0,104
2,SO,Security Office,SO-11,Ceiling lighting,ceilinglight_cove_tray,ceilinglight,Cove Tray,ceiling,1,1600,170,500,General lighting sized to the task in the room.,Bright lighting (350 lux) on a 3.5 m grid with the brig door and the briefing table lit separately.,20.2,24,5770,20.2,24,5770
2,SO,Security Office,SO-11,Ceiling lighting,ceilinglight_linear_fixture_1_2,ceilinglight,Linear Fixture 1.2,ceiling,1,1250,62,160,General lighting sized to the task in the room.,Bright lighting (350 lux) on a 3.5 m grid with the brig door and the briefing table lit separately.,1.62,12,487,1.62,12,487
2,SO,Security Office,SO-11,Ceiling lighting,ceilinglight_recessed_hex_cells,ceilinglight,Recessed Hex Cells,ceiling,1,994,73,866,General lighting sized to the task in the room.,Bright lighting (350 lux) on a 3.5 m grid with the brig door and the briefing table lit separately.,9.03,16,2560,9.03,16,2560
2,SO,Security Office,SO-11,Ceiling lighting,ceilinglight_square_panel_1x1,ceilinglight,Square Panel 1X1,ceiling,2,1000,79,1000,General lighting sized to the task in the room.,Bright lighting (350 lux) on a 3.5 m grid with the brig door and the briefing table lit separately.,10.6,18,3360,21.2,36,6720
2,MB,Medical Bay,MB-01,Treatment beds,medbed_diagnostic_biobed,medbed,Diagnostic Biobed,floor,4,1320,1710,2050,"Examination, treatment and recovery of patients.",Four diagnostic biobeds with heads to the north wall give a ward for routine treatment; each has a vitals monitor above it and 0.58 m between beds for a privacy curtain.  The beds are the first thing a stretcher reaches from the door.,575.1,570,987000,2300.4,2280,3948000
2,MB,Medical Bay,MB-01,Treatment beds,medsupply_wall_patient_monitor,medsupply,Wall Patient Monitor,wall,4,875,765,140,Consumables and patient-care accessories.,Four diagnostic biobeds with heads to the north wall give a ward for routine treatment; each has a vitals monitor above it and 0.58 m between beds for a privacy curtain.  The beds are the first thing a stretcher reaches from the door.,6.37,0.0,12600,25.48,0.0,50400
2,MB,Medical Bay,MB-02,Isolation bed,medbed_isolation_bed,medbed,Isolation Bed,floor,1,1200,2346,2117,"Examination, treatment and recovery of patients.","A sealed isolation bed in the north-east corner, far from the door, for contagious patients; its distance from the ward and the window to the hull make it the natural place for quarantine.",638.8,720,1380000,638.8,720,1380000
2,MB,Medical Bay,MB-03,Bedside equipment,cylinder_portable_o2_unit,cylinder,Portable O2 Unit,floor,2,502,705,430,"Stores compressed or liquefied gases (breathing oxygen, nitrogen) for life support and work.",IV stands stand next to the bed heads so a drip can follow the patient when a bed is moved.,61.1,0.0,27500,122.2,0.0,55000
2,MB,Medical Bay,MB-03,Bedside equipment,medsupply_iv_stand,medsupply,Iv Stand,floor,2,644,2012,678,Consumables and patient-care accessories.,IV stands stand next to the bed heads so a drip can follow the patient when a bed is moved.,64.0,0.0,150000,128.0,0.0,300000
2,MB,Medical Bay,MB-04,Drug and instrument stores,medcabinet_drug_dispensing_cabinet,medcabinet,Drug Dispensing Cabinet,floor,1,1020,1800,670,"Drugs, sterile instruments and consumables, locked and labelled.","Drug dispensing, medicine, sample fridge and instrument cabinets line the north end of the west wall, next to the door and the doctor, locked, cold where needed and within one step of the beds.",173.9,390,370000,173.9,390,370000
2,MB,Medical Bay,MB-04,Drug and instrument stores,medcabinet_instrument_tray_cabinet,medcabinet,Instrument Tray Cabinet,floor,1,940,1580,640,"Drugs, sterile instruments and consumables, locked and labelled.","Drug dispensing, medicine, sample fridge and instrument cabinets line the north end of the west wall, next to the door and the doctor, locked, cold where needed and within one step of the beds.",128.7,330,253000,128.7,330,253000
2,MB,Medical Bay,MB-04,Drug and instrument stores,medcabinet_medicine_cabinet,medcabinet,Medicine Cabinet,floor,1,920,1920,465,"Drugs, sterile instruments and consumables, locked and labelled.","Drug dispensing, medicine, sample fridge and instrument cabinets line the north end of the west wall, next to the door and the doctor, locked, cold where needed and within one step of the beds.",125.5,310,254000,125.5,310,254000
2,MB,Medical Bay,MB-04,Drug and instrument stores,medcabinet_sample_fridge,medcabinet,Sample Fridge,floor,1,820,1830,780,"Drugs, sterile instruments and consumables, locked and labelled.","Drug dispensing, medicine, sample fridge and instrument cabinets line the north end of the west wall, next to the door and the doctor, locked, cold where needed and within one step of the beds.",158.8,390,289000,158.8,390,289000
2,MB,Medical Bay,MB-05,Doctor's desk,chair_swivel_office_chair,chair,Swivel Office Chair,floor,1,623,1125,625,Seating for desks and tables.,"The doctor's desk with terminal stands against the west wall south of the door: the doctor sees everyone entering, reaches the stores and keeps the records.",8.48,0.0,459,8.48,0.0,459
2,MB,Medical Bay,MB-05,Doctor's desk,desk_officer_desk,desk,Officer Desk,floor,1,1820,1213,862,Work surface for paperwork and terminals.,"The doctor's desk with terminal stands against the west wall south of the door: the doctor sees everyone entering, reaches the stores and keeps the records.",56.8,0.0,2210,56.8,0.0,2210
2,MB,Medical Bay,MB-05,Doctor's desk,terminal_desk_terminal,terminal,Desk Terminal,table,1,370,403,265,Data entry and information access.,"The doctor's desk with terminal stands against the west wall south of the door: the doctor sees everyone entering, reaches the stores and keeps the records.",9.45,18,12600,9.45,18,12600
2,MB,Medical Bay,MB-06,Diagnostic scanners,medscanner_mri_ring_scanner,medscanner,Mri Ring Scanner,floor,1,2200,2250,2650,Imaging and analysis for diagnosis.,"A whole-body scanner arch and an MRI ring stand side by side on the south wall, each with clear floor in front so a bed can be rolled in from the aisle; the heavy, shielded equipment sits away from the windows and near the power trunks.",2928,21000,5670000,2928,21000,5670000
2,MB,Medical Bay,MB-06,Diagnostic scanners,medscanner_whole_body_scanner_arch,medscanner,Whole-Body Scanner Arch,floor,1,2335,2150,3000,Imaging and analysis for diagnosis.,"A whole-body scanner arch and an MRI ring stand side by side on the south wall, each with clear floor in front so a bed can be rolled in from the aisle; the heavy, shielded equipment sits away from the windows and near the power trunks.",3373,22000,6690000,3373,22000,6690000
2,MB,Medical Bay,MB-07,Stasis and cryo,cryo_cryo_stasis_pod,cryo,Cryo-Stasis Pod,floor,2,1000,1380,2865,Preserves patients and samples at cryogenic temperature.,Two stasis pods and a control pillar hold patients in emergency stasis and shield them while a surgeon is found; they stand against the south wall next to the scanners that identify who needs them.,1033,6200,1870000,2066,12400,3740000
2,MB,Medical Bay,MB-08,Surgical table and equipment,labbench_wet_bench_sink,labbench,Wet Bench Sink,floor,1,2000,1707,790,"Benches, hoods and stools for safe wet and dry lab work.","The operating table in the south-east corner has an overhead surgical light, an anesthesia machine at the head, a robotic arm beyond the head and a defibrillator cart at the side; it stays 1.0 m from the scrub sink and away from the stretcher aisle.",247.8,0.0,11400,247.8,0.0,11400
2,MB,Medical Bay,MB-08,Surgical table and equipment,medbed_surgical_table,medbed,Surgical Table,floor,1,900,2630,2500,"Examination, treatment and recovery of patients.","The operating table in the south-east corner has an overhead surgical light, an anesthesia machine at the head, a robotic arm beyond the head and a defibrillator cart at the side; it stays 1.0 m from the scrub sink and away from the stretcher aisle.",655.1,640,1540000,655.1,640,1540000
2,MB,Medical Bay,MB-08,Surgical table and equipment,medtool_surgical_instrument_tray,medtool,Surgical Instrument Tray,table,1,372,59,252,Hand instruments and kits at the bedside.,"The operating table in the south-east corner has an overhead surgical light, an anesthesia machine at the head, a robotic arm beyond the head and a defibrillator cart at the side; it stays 1.0 m from the scrub sink and away from the stretcher aisle.",1.02,0.0,2510,1.02,0.0,2510
2,MB,Medical Bay,MB-08,Surgical table and equipment,surgical_anesthesia_machine,surgical,Anesthesia Machine,floor,1,870,1737,680,Operating-theatre machines.,"The operating table in the south-east corner has an overhead surgical light, an anesthesia machine at the head, a robotic arm beyond the head and a defibrillator cart at the side; it stays 1.0 m from the scrub sink and away from the stretcher aisle.",183.4,910,367000,183.4,910,367000
2,MB,Medical Bay,MB-08,Surgical table and equipment,surgical_defibrillator_cart,surgical,Defibrillator Cart,floor,1,740,1087,550,Operating-theatre machines.,"The operating table in the south-east corner has an overhead surgical light, an anesthesia machine at the head, a robotic arm beyond the head and a defibrillator cart at the side; it stays 1.0 m from the scrub sink and away from the stretcher aisle.",75.3,470,131000,75.3,470,131000
2,MB,Medical Bay,MB-08,Surgical table and equipment,surgical_overhead_surgical_light_boom,surgical,Overhead Surgical Light Boom,ceiling,1,2100,965,900,Operating-theatre machines.,"The operating table in the south-east corner has an overhead surgical light, an anesthesia machine at the head, a robotic arm beyond the head and a defibrillator cart at the side; it stays 1.0 m from the scrub sink and away from the stretcher aisle.",313.1,1700,781000,313.1,1700,781000
2,MB,Medical Bay,MB-08,Surgical table and equipment,surgical_surgical_robotic_arm_unit,surgical,Surgical Robotic Arm Unit,floor,1,1000,2039,1400,Operating-theatre machines.,"The operating table in the south-east corner has an overhead surgical light, an anesthesia machine at the head, a robotic arm beyond the head and a defibrillator cart at the side; it stays 1.0 m from the scrub sink and away from the stretcher aisle.",520.7,2500,1250000,520.7,2500,1250000
2,MB,Medical Bay,MB-09,"Sharps, biohazard and first aid",medcabinet_wall_first_aid_station,medcabinet,Wall First-Aid Station,wall,1,600,730,215,"Drugs, sterile instruments and consumables, locked and labelled.","Sharps container and biohazard bin at the scrub sink, a wall first-aid station by the door and a defibrillator station in the ward, so contaminated waste never crosses the clean area.",14.1,66,25000,14.1,66,25000
2,MB,Medical Bay,MB-09,"Sharps, biohazard and first aid",medsupply_sharps_container,medsupply,Sharps Container,wall,1,300,335,230,Consumables and patient-care accessories.,"Sharps container and biohazard bin at the scrub sink, a wall first-aid station by the door and a defibrillator station in the ward, so contaminated waste never crosses the clean area.",1.57,0.0,3780,1.57,0.0,3780
2,MB,Medical Bay,MB-10,Oxygen and gases,cylinder_emergency_air_bottle,cylinder,Emergency Air Bottle,floor,2,520,1260,605,"Stores compressed or liquefied gases (breathing oxygen, nitrogen) for life support and work.","Two emergency air bottles and a portable oxygen unit stand on the west wall by the door, ready to go with a stretcher; they are chained to the wall as required.",171.4,0.0,98700,342.8,0.0,197400
2,MB,Medical Bay,MB-11,Window benches,bench_mess_bench,bench,Mess Bench,floor,1,2000,467,400,Fixed seating along walls so the floor stays free for circulation.,"A low bench (0.47 m, below the sill) under the north starboard window give recovering patients and visitors a place to sit and look out; nothing tall stands in front of the glass.",22.1,0.0,1030,22.1,0.0,1030
2,MB,Medical Bay,MB-12,"Safety, signs and cleaning",clock_digital_clock,clock,Digital Clock,wall,1,500,200,76,Shared time reference for watch changes.,"Extinguisher by the door, department sign over it, and a cleaning drone to keep the floor sterile between shifts.",0.7,2.1,983,0.7,2.1,983
2,MB,Medical Bay,MB-12,"Safety, signs and cleaning",sign_dept_medical,sign,Dept Medical,wall,1,1000,400,48,Wayfinding and hazard marking.,"Extinguisher by the door, department sign over it, and a cleaning drone to keep the floor sterile between shifts.",1.02,0.0,88.1,1.02,0.0,88.1
2,MB,Medical Bay,MB-13,Ceiling lighting,ceilinglight_cage_light,ceilinglight,Cage Light,ceiling,1,214,232,220,General lighting sized to the task in the room.,"Shadow-free panels (500 lux) over the ward and surgical corner, dimmer panels over the recovery area.",1.54,10,606,1.54,10,606
2,MB,Medical Bay,MB-13,Ceiling lighting,ceilinglight_emergency_fixture,ceilinglight,Emergency Fixture,ceiling,1,560,185,171,General lighting sized to the task in the room.,"Shadow-free panels (500 lux) over the ward and surgical corner, dimmer panels over the recovery area.",2.29,13,784,2.29,13,784
2,MB,Medical Bay,MB-13,Ceiling lighting,ceilinglight_flush_dome,ceilinglight,Flush Dome,ceiling,1,638,176,638,General lighting sized to the task in the room.,"Shadow-free panels (500 lux) over the ward and surgical corner, dimmer panels over the recovery area.",10.2,20,2400,10.2,20,2400
2,MB,Medical Bay,MB-13,Ceiling lighting,ceilinglight_panel_troffer_0_6x1_2,ceilinglight,Panel Troffer 0.6X1.2,ceiling,1,620,98,1260,General lighting sized to the task in the room.,"Shadow-free panels (500 lux) over the ward and surgical corner, dimmer panels over the recovery area.",10.6,21,2470,10.6,21,2470
2,MB,Medical Bay,MB-13,Ceiling lighting,ceilinglight_ring_light,ceilinglight,Ring Light,ceiling,2,960,136,960,General lighting sized to the task in the room.,"Shadow-free panels (500 lux) over the ward and surgical corner, dimmer panels over the recovery area.",17.1,24,4380,34.2,48,8760
2,MB,Medical Bay,MB-13,Ceiling lighting,ceilinglight_round_downlight,ceilinglight,Round Downlight,ceiling,1,338,110,338,General lighting sized to the task in the room.,"Shadow-free panels (500 lux) over the ward and surgical corner, dimmer panels over the recovery area.",1.81,12,638,1.81,12,638
2,MB,Medical Bay,MB-13,Ceiling lighting,ceilinglight_triple_spot_rail,ceilinglight,Triple Spot Rail,ceiling,1,1100,220,156,General lighting sized to the task in the room.,"Shadow-free panels (500 lux) over the ward and surgical corner, dimmer panels over the recovery area.",5.37,15,1350,5.37,15,1350
2,RG,Recreation & Gym,RG-01,Treadmills and exercise bikes,display_status_board,display,Status Board,wall,1,1500,1055,95,"Shows status, plans and sensor data to people in the room.","Three treadmills and two bikes stand in a row against the north wall, backs to the room and faces toward the wall, so the runner looks at a wall display and the rest of the room stays in view of the gym attendant; the row is far from the lounge to keep noise down.",10.1,83,18000,10.1,83,18000
2,RG,Recreation & Gym,RG-01,Treadmills and exercise bikes,gym_exercise_bike,gym,Exercise Bike,floor,2,700,1260,1080,Keeps the crew fit during long voyages.,"Three treadmills and two bikes stand in a row against the north wall, backs to the room and faces toward the wall, so the runner looks at a wall display and the rest of the room stays in view of the gym attendant; the row is far from the lounge to keep noise down.",67.8,0.0,2350,135.6,0.0,4700
2,RG,Recreation & Gym,RG-01,Treadmills and exercise bikes,gym_treadmill,gym,Treadmill,floor,3,880,1245,1960,Keeps the crew fit during long voyages.,"Three treadmills and two bikes stand in a row against the north wall, backs to the room and faces toward the wall, so the runner looks at a wall display and the rest of the room stays in view of the gym attendant; the row is far from the lounge to keep noise down.",150.7,0.0,6210,452.1,0.0,18630
2,RG,Recreation & Gym,RG-02,Rowing machines,gym_rowing_machine,gym,Rowing Machine,floor,2,530,980,2060,Keeps the crew fit during long voyages.,"Two rowing machines need 2.1 m of length, so they run north-south beside the bikes, clear of the main route from the door to the lounge.",82.3,0.0,3190,164.6,0.0,6380
2,RG,Recreation & Gym,RG-03,Free weights and punching bag,gym_dumbbell_rack,gym,Dumbbell Rack,floor,1,1460,895,505,Keeps the crew fit during long voyages.,"Weight bench with rack and the dumbbell rack sit on the south wall, the punching bag in the south-east corner where swing space is free; heavy, noisy equipment stays far from the quarters' wall.",55.6,0.0,2940,55.6,0.0,2940
2,RG,Recreation & Gym,RG-03,Free weights and punching bag,gym_punching_bag,gym,Punching Bag,floor,1,900,2160,915,Keeps the crew fit during long voyages.,"Weight bench with rack and the dumbbell rack sit on the south wall, the punching bag in the south-east corner where swing space is free; heavy, noisy equipment stays far from the quarters' wall.",125.4,0.0,4380,125.4,0.0,4380
2,RG,Recreation & Gym,RG-03,Free weights and punching bag,gym_weight_bench_and_rack,gym,Weight Bench And Rack,floor,1,1900,1400,1420,Keeps the crew fit during long voyages.,"Weight bench with rack and the dumbbell rack sit on the south wall, the punching bag in the south-east corner where swing space is free; heavy, noisy equipment stays far from the quarters' wall.",277.2,0.0,10800,277.2,0.0,10800
2,RG,Recreation & Gym,RG-04,Yoga mats and benches,gym_yoga_mat_rack,gym,Yoga Mat Rack,floor,1,1410,1045,450,Keeps the crew fit during long voyages.,A yoga mat rack on the south wall gives a stretching area with clear floor in front of it.,54.1,0.0,2220,54.1,0.0,2220
2,RG,Recreation & Gym,RG-05,Lounge seating facing the window,couch_lounge_armchair,couch,Lounge Armchair,floor,2,1020,1272,1020,Soft seating for rest and informal meetings.,"A three-seater sofa faces the port window with a coffee table between, and two armchairs close the conversation group; the view of space is the main attraction of the room.",39.1,0.0,1540,78.2,0.0,3080
2,RG,Recreation & Gym,RG-05,Lounge seating facing the window,couch_three_seater_sofa,couch,Three-Seater Sofa,floor,1,2300,980,970,Soft seating for rest and informal meetings.,"A three-seater sofa faces the port window with a coffee table between, and two armchairs close the conversation group; the view of space is the main attraction of the room.",67.6,0.0,2840,67.6,0.0,2840
2,RG,Recreation & Gym,RG-05,Lounge seating facing the window,table_coffee_table,table,Coffee Table,floor,1,1120,422,620,"Work, meeting or dining surface.","A three-seater sofa faces the port window with a coffee table between, and two armchairs close the conversation group; the view of space is the main attraction of the room.",9.37,0.0,417,9.37,0.0,417
2,RG,Recreation & Gym,RG-05,Lounge seating facing the window,tableware_cups_and_mugs,tableware,Cups And Mugs,table,1,318,100,283,"Plates, cups and condiments on tables.","A three-seater sofa faces the port window with a coffee table between, and two armchairs close the conversation group; the view of space is the main attraction of the room.",2.52,0.0,957,2.52,0.0,957
2,RG,Recreation & Gym,RG-06,Games table,chair_folding_chair,chair,Folding Chair,floor,3,440,928,462,Seating for desks and tables.,"A bolted table with four chairs in the south-west corner for cards and board games, near the vending machines.",3.34,0.0,217,10.02,0.0,651
2,RG,Recreation & Gym,RG-06,Games table,table_bolted_table,table,Bolted Table,floor,1,1500,787,810,"Work, meeting or dining surface.","A bolted table with four chairs in the south-west corner for cards and board games, near the vending machines.",30.7,0.0,1460,30.7,0.0,1460
2,RG,Recreation & Gym,RG-06,Games table,tableware_bottle_and_glasses,tableware,Bottle And Glasses,table,1,260,315,160,"Plates, cups and condiments on tables.","A bolted table with four chairs in the south-west corner for cards and board games, near the vending machines.",3.88,0.0,1380,3.88,0.0,1380
2,RG,Recreation & Gym,RG-07,"Vending, water and display",display_holo_frame_panel,display,Holo Frame Panel,wall,1,1490,860,85,"Shows status, plans and sensor data to people in the room.",Drink and snack machines and a water fountain on the south wall serve both zones; a wall display over them shows the ship's news and the day's exercise schedule.,6.51,65,10100,6.51,65,10100
2,RG,Recreation & Gym,RG-07,"Vending, water and display",fountain_drinking_fountain_wall_unit,fountain,Drinking Fountain Wall Unit,wall,1,500,540,312,Drinking water for crew.,Drink and snack machines and a water fountain on the south wall serve both zones; a wall display over them shows the ship's news and the day's exercise schedule.,10.1,87,3510,10.1,87,3510
2,RG,Recreation & Gym,RG-07,"Vending, water and display",vending_drink_machine,vending,Drink Machine,floor,1,950,1900,907,"Snacks, drinks and small parts for crew.",Drink and snack machines and a water fountain on the south wall serve both zones; a wall display over them shows the ship's news and the day's exercise schedule.,250.6,570,99600,250.6,570,99600
2,RG,Recreation & Gym,RG-07,"Vending, water and display",vending_snack_machine,vending,Snack Machine,floor,1,900,1900,847,"Snacks, drinks and small parts for crew.",Drink and snack machines and a water fountain on the south wall serve both zones; a wall display over them shows the ship's news and the day's exercise schedule.,208.4,520,67800,208.4,520,67800
2,RG,Recreation & Gym,RG-08,Lockers and bench,locker_double_locker_bank,locker,Double Locker Bank,floor,3,1040,1850,557,Secure storage for personal gear and issue equipment.,A bank of double lockers with a bench along the north wall west of the gym lets people stow kit before they train; a wall mirror cabinet sits at the end.,91.3,0.0,3540,273.9,0.0,10620
2,RG,Recreation & Gym,RG-09,Plants and notices,noticeboard_cork_bulletin_board,noticeboard,Cork Bulletin Board,wall,1,1200,908,80,Duty rosters and notices.,A ficus by the lounge and a notice board with the activity roster bring life to the room and tell people what is on.,5.39,43,8920,5.39,43,8920
2,RG,Recreation & Gym,RG-10,Safety and signs,clock_dual_time_ship_clock,clock,Dual Time Ship Clock,wall,1,900,420,98,Shared time reference for watch changes.,"Extinguisher, first-aid cabinet and a sign over the corridor door; a wall clock shows the session time.",3.44,2.0,3610,3.44,2.0,3610
2,RG,Recreation & Gym,RG-10,Safety and signs,safety_fire_extinguisher,safety,Fire Extinguisher,wall,1,300,735,199,"Fire, first-aid, breach and emergency gear required by regulation.","Extinguisher, first-aid cabinet and a sign over the corridor door; a wall clock shows the session time.",4.26,0.0,869,4.26,0.0,869
2,RG,Recreation & Gym,RG-10,Safety and signs,sign_dept_quarters,sign,Dept Quarters,wall,1,1000,400,52,Wayfinding and hazard marking.,"Extinguisher, first-aid cabinet and a sign over the corridor door; a wall clock shows the session time.",1.17,0.0,114,1.17,0.0,114
2,RG,Recreation & Gym,RG-11,Ceiling lighting,ceilinglight_cage_light,ceilinglight,Cage Light,ceiling,1,214,232,220,General lighting sized to the task in the room.,Bright light over the gym (400 lux) and warm light over the lounge.,1.54,10,606,1.54,10,606
2,RG,Recreation & Gym,RG-11,Ceiling lighting,ceilinglight_cove_tray,ceilinglight,Cove Tray,ceiling,1,1600,170,500,General lighting sized to the task in the room.,Bright light over the gym (400 lux) and warm light over the lounge.,20.2,24,5770,20.2,24,5770
2,RG,Recreation & Gym,RG-11,Ceiling lighting,ceilinglight_emergency_fixture,ceilinglight,Emergency Fixture,ceiling,1,560,185,171,General lighting sized to the task in the room.,Bright light over the gym (400 lux) and warm light over the lounge.,2.29,13,784,2.29,13,784
2,RG,Recreation & Gym,RG-11,Ceiling lighting,ceilinglight_panel_troffer_0_6x1_2,ceilinglight,Panel Troffer 0.6X1.2,ceiling,1,620,98,1260,General lighting sized to the task in the room.,Bright light over the gym (400 lux) and warm light over the lounge.,10.6,21,2470,10.6,21,2470
2,RG,Recreation & Gym,RG-11,Ceiling lighting,ceilinglight_recessed_hex_cells,ceilinglight,Recessed Hex Cells,ceiling,1,994,73,866,General lighting sized to the task in the room.,Bright light over the gym (400 lux) and warm light over the lounge.,9.03,16,2560,9.03,16,2560
2,RG,Recreation & Gym,RG-11,Ceiling lighting,ceilinglight_triple_spot_rail,ceilinglight,Triple Spot Rail,ceiling,1,1100,220,156,General lighting sized to the task in the room.,Bright light over the gym (400 lux) and warm light over the lounge.,5.37,15,1350,5.37,15,1350
2,CW,Crew Quarters,CW-01,Bunk row on the north wall,bed_bunk_bed,bed,Bunk Bed,floor,5,1085,1950,2060,Sleeping place for crew off shift.,"Five double bunks stand with their heads to the north wall - the quietest, darkest wall, furthest from the corridor door - giving ten berths.  Each bunk has its own tall vented locker beside it.",39.7,0.0,1920,198.5,0.0,9600
2,CW,Crew Quarters,CW-01,Bunk row on the north wall,locker_tall_vented_locker,locker,Tall Vented Locker,floor,5,520,1885,547,Secure storage for personal gear and issue equipment.,"Five double bunks stand with their heads to the north wall - the quietest, darkest wall, furthest from the corridor door - giving ten berths.  Each bunk has its own tall vented locker beside it.",47.8,0.0,2090,239.0,0.0,10450
2,CW,Crew Quarters,CW-02,Bunks on the east and south walls,bed_bunk_bed,bed,Bunk Bed,floor,2,1085,1950,2060,Sleeping place for crew off shift.,Two more double bunks - one on the east wall south of the door and one in the gap between the two south portholes - raise the total to fourteen berths before the single.,39.7,0.0,1920,79.4,0.0,3840
2,CW,Crew Quarters,CW-03,Single bunk on the port side,bed_single_bunk,bed,Single Bunk,floor,1,920,800,2077,Sleeping place for crew off shift.,"The tapering port side is too narrow for a double bunk; a single bunk with its head to the hull uses the space, gives the fifteenth berth and is away from the corridor noise.",13.4,0.0,693,13.4,0.0,693
2,CW,Crew Quarters,CW-04,Under-bed drawers and shoe rack,locker_wall_cabinet,locker,Wall Cabinet,wall,1,900,641,342,Secure storage for personal gear and issue equipment.,"Under-bed drawers take folded clothing, a shoe rack and wall cabinet keep boots out of the aisle and the bunks tidy.",15.9,0.0,724,15.9,0.0,724
2,CW,Crew Quarters,CW-05,Common table,chair_mess_chair,chair,Mess Chair,floor,4,420,890,460,Seating for desks and tables.,"A bolted table with four chairs in the middle of the room is where crew eat off-watch snacks, play cards and write; its position leaves more than 1.0 m on all sides.",3.41,0.0,220,13.64,0.0,880
2,CW,Crew Quarters,CW-05,Common table,table_bolted_table,table,Bolted Table,floor,1,1500,787,810,"Work, meeting or dining surface.","A bolted table with four chairs in the middle of the room is where crew eat off-watch snacks, play cards and write; its position leaves more than 1.0 m on all sides.",30.7,0.0,1460,30.7,0.0,1460
2,CW,Crew Quarters,CW-05,Common table,tableware_cups_and_mugs,tableware,Cups And Mugs,table,1,318,100,283,"Plates, cups and condiments on tables.","A bolted table with four chairs in the middle of the room is where crew eat off-watch snacks, play cards and write; its position leaves more than 1.0 m on all sides.",2.52,0.0,957,2.52,0.0,957
2,CW,Crew Quarters,CW-05,Common table,tableware_cutlery_set,tableware,Cutlery Set,table,1,200,30,240,"Plates, cups and condiments on tables.","A bolted table with four chairs in the middle of the room is where crew eat off-watch snacks, play cards and write; its position leaves more than 1.0 m on all sides.",0.4,0.0,174,0.4,0.0,174
2,CW,Crew Quarters,CW-06,Desk nook,chair_swivel_office_chair,chair,Swivel Office Chair,floor,1,623,1125,625,Seating for desks and tables.,"A writing desk with terminal and chair in the north-east corner by the corridor for letters, study and the duty roster; a table lamp lets the reader work without waking sleepers.",8.48,0.0,459,8.48,0.0,459
2,CW,Crew Quarters,CW-06,Desk nook,desk_writing_desk,desk,Writing Desk,floor,1,1200,953,600,Work surface for paperwork and terminals.,"A writing desk with terminal and chair in the north-east corner by the corridor for letters, study and the duty roster; a table lamp lets the reader work without waking sleepers.",19.5,0.0,797,19.5,0.0,797
2,CW,Crew Quarters,CW-06,Desk nook,lamp_table_lamp,lamp,Table Lamp,table,1,250,472,250,Local task or mood lighting.,"A writing desk with terminal and chair in the north-east corner by the corridor for letters, study and the duty roster; a table lamp lets the reader work without waking sleepers.",2.85,14,1050,2.85,14,1050
2,CW,Crew Quarters,CW-06,Desk nook,terminal_desk_terminal,terminal,Desk Terminal,table,1,370,403,265,Data entry and information access.,"A writing desk with terminal and chair in the north-east corner by the corridor for letters, study and the duty roster; a table lamp lets the reader work without waking sleepers.",9.45,18,12600,9.45,18,12600
2,CW,Crew Quarters,CW-07,Lamps and greenery,lamp_floor_lamp,lamp,Floor Lamp,floor,1,619,1760,320,Local task or mood lighting.,A floor lamp and a small ficus by the table make the room feel like home and give a low night light.,31.1,63,9810,31.1,63,9810
2,CW,Crew Quarters,CW-08,"Safety, signs and notices",noticeboard_duty_roster_display,noticeboard,Duty Roster Display,wall,1,1000,1300,78,Duty rosters and notices.,"Extinguisher and fire blanket near the door, an evacuation map, and the quarters department sign over the corridor door.",6.32,49,9780,6.32,49,9780
2,CW,Crew Quarters,CW-08,"Safety, signs and notices",safety_fire_extinguisher,safety,Fire Extinguisher,wall,1,300,735,199,"Fire, first-aid, breach and emergency gear required by regulation.","Extinguisher and fire blanket near the door, an evacuation map, and the quarters department sign over the corridor door.",4.26,0.0,869,4.26,0.0,869
2,CW,Crew Quarters,CW-08,"Safety, signs and notices",sign_dept_quarters,sign,Dept Quarters,wall,1,1000,400,52,Wayfinding and hazard marking.,"Extinguisher and fire blanket near the door, an evacuation map, and the quarters department sign over the corridor door.",1.17,0.0,114,1.17,0.0,114
2,CW,Crew Quarters,CW-09,Ceiling lighting,ceilinglight_flush_dome,ceilinglight,Flush Dome,ceiling,1,638,176,638,General lighting sized to the task in the room.,"Dim warm lights (150 lux) on a grid for night watch, with a brighter one over the common table.",10.2,20,2400,10.2,20,2400
2,CW,Crew Quarters,CW-09,Ceiling lighting,ceilinglight_linear_fixture_1_2,ceilinglight,Linear Fixture 1.2,ceiling,1,1250,62,160,General lighting sized to the task in the room.,"Dim warm lights (150 lux) on a grid for night watch, with a brighter one over the common table.",1.62,12,487,1.62,12,487
2,CW,Crew Quarters,CW-09,Ceiling lighting,ceilinglight_round_downlight,ceilinglight,Round Downlight,ceiling,1,338,110,338,General lighting sized to the task in the room.,"Dim warm lights (150 lux) on a grid for night watch, with a brighter one over the common table.",1.81,12,638,1.81,12,638
2,SL,Science Laboratory,SL-01,"Fume hood, wet bench and clean bench",labbench_cleanroom_glove_box,labbench,Cleanroom Glove Box,floor,1,2242,1570,850,"Benches, hoods and stools for safe wet and dry lab work.","Fume hood, sink bench, laminar-flow bench and sample-prep table run along the north wall where ducts and water lines come from above; the order follows the workflow - prepare, wash, handle cleanly.",301.2,0.0,13800,301.2,0.0,13800
2,SL,Science Laboratory,SL-01,"Fume hood, wet bench and clean bench",labbench_fume_hood,labbench,Fume Hood,floor,1,1640,3000,911,"Benches, hoods and stools for safe wet and dry lab work.","Fume hood, sink bench, laminar-flow bench and sample-prep table run along the north wall where ducts and water lines come from above; the order follows the workflow - prepare, wash, handle cleanly.",394.7,0.0,17800,394.7,0.0,17800
2,SL,Science Laboratory,SL-01,"Fume hood, wet bench and clean bench",labbench_laminar_flow_bench,labbench,Laminar Flow Bench,floor,1,1400,2307,825,"Benches, hoods and stools for safe wet and dry lab work.","Fume hood, sink bench, laminar-flow bench and sample-prep table run along the north wall where ducts and water lines come from above; the order follows the workflow - prepare, wash, handle cleanly.",242.5,0.0,7580,242.5,0.0,7580
2,SL,Science Laboratory,SL-01,"Fume hood, wet bench and clean bench",labbench_sample_prep_table,labbench,Sample Prep Table,floor,1,1635,1545,800,"Benches, hoods and stools for safe wet and dry lab work.","Fume hood, sink bench, laminar-flow bench and sample-prep table run along the north wall where ducts and water lines come from above; the order follows the workflow - prepare, wash, handle cleanly.",198.9,0.0,8270,198.9,0.0,8270
2,SL,Science Laboratory,SL-01,"Fume hood, wet bench and clean bench",labbench_wet_bench_sink,labbench,Wet Bench Sink,floor,1,2000,1707,790,"Benches, hoods and stools for safe wet and dry lab work.","Fume hood, sink bench, laminar-flow bench and sample-prep table run along the north wall where ducts and water lines come from above; the order follows the workflow - prepare, wash, handle cleanly.",247.8,0.0,11400,247.8,0.0,11400
2,SL,Science Laboratory,SL-02,Benchtop instruments,analyzer_centrifuge,analyzer,Centrifuge,table,1,516,425,533,"Measures and characterises samples (composition, structure, biology) for the science staff.","A microscope, centrifuge and thermal cycler stand on the sample-prep table, so a sample can be examined and spun down without moving it across the room.",42.0,140,116000,42.0,140,116000
2,SL,Science Laboratory,SL-02,Benchtop instruments,analyzer_thermal_cycler,analyzer,Thermal Cycler,table,1,320,250,413,"Measures and characterises samples (composition, structure, biology) for the science staff.","A microscope, centrifuge and thermal cycler stand on the sample-prep table, so a sample can be examined and spun down without moving it across the room.",12.5,120,26300,12.5,120,26300
2,SL,Science Laboratory,SL-02,Benchtop instruments,microscope_optical_microscope,microscope,Optical Microscope,table,1,220,638,285,Magnifies samples for analysis.,"A microscope, centrifuge and thermal cycler stand on the sample-prep table, so a sample can be examined and spun down without moving it across the room.",11.8,42,31900,11.8,42,31900
2,SL,Science Laboratory,SL-03,Island reagent bench and stools,labbench_island_reagent_bench,labbench,Island Reagent Bench,floor,1,2400,1885,1232,"Benches, hoods and stools for safe wet and dry lab work.","The island bench in the middle of the room is the shared working surface for assembling experiments, with stools on both long sides and 1.2 m of clear floor all round.",540.7,0.0,18600,540.7,0.0,18600
2,SL,Science Laboratory,SL-03,Island reagent bench and stools,labbench_lab_stool,labbench,Lab Stool,floor,4,531,735,564,"Benches, hoods and stools for safe wet and dry lab work.","The island bench in the middle of the room is the shared working surface for assembling experiments, with stools on both long sides and 1.2 m of clear floor all round.",21.4,0.0,1210,85.6,0.0,4840
2,SL,Science Laboratory,SL-04,Analysers and incubator,analyzer_co2_incubator,analyzer,Co2 Incubator,floor,1,830,1920,836,"Measures and characterises samples (composition, structure, biology) for the science staff.","Mass spectrometer, CO2 incubator and a materials analyser stand against the south wall, where the cabling can drop from the ceiling trays and heat is exhausted away from the wet benches.",507.8,500,1500000,507.8,500,1500000
2,SL,Science Laboratory,SL-04,Analysers and incubator,analyzer_mass_spectrometer,analyzer,Mass Spectrometer,floor,1,1675,1840,1000,"Measures and characterises samples (composition, structure, biology) for the science staff.","Mass spectrometer, CO2 incubator and a materials analyser stand against the south wall, where the cabling can drop from the ceiling trays and heat is exhausted away from the wet benches.",1239,970,3140000,1239,970,3140000
2,SL,Science Laboratory,SL-04,Analysers and incubator,microscope_electron_microscope,microscope,Electron Microscope,floor,1,1570,1980,733,Magnifies samples for analysis.,"Mass spectrometer, CO2 incubator and a materials analyser stand against the south wall, where the cabling can drop from the ceiling trays and heat is exhausted away from the wet benches.",669.6,1200,1820000,669.6,1200,1820000
2,SL,Science Laboratory,SL-05,Specimens and biocontainment,specimen_biocontainment_cabinet,specimen,Biocontainment Cabinet,floor,1,1610,2600,900,Holds biological and mineral samples safely.,"A biocontainment cabinet holds hazardous samples, a seed vault the reference collection, both in the far corner from the door and out of the traffic route, with a hazard sign on the cabinet wall.",590.6,1900,1680000,590.6,1900,1680000
2,SL,Science Laboratory,SL-05,Specimens and biocontainment,specimen_seed_vault,specimen,Seed Vault,floor,1,1000,1970,769,Holds biological and mineral samples safely.,"A biocontainment cabinet holds hazardous samples, a seed vault the reference collection, both in the far corner from the door and out of the traffic route, with a hazard sign on the cabinet wall.",222.9,880,534000,222.9,880,534000
2,SL,Science Laboratory,SL-06,Instrument cabinets,cabinet_janitor_closet,cabinet,Janitor Closet,floor,1,850,1955,675,Closed storage for supplies the room's staff need daily.,"Cabinets beside the door keep glassware, probe kits and instruments near where they are used; locked as a rule.",152.7,0.0,5250,152.7,0.0,5250
2,SL,Science Laboratory,SL-06,Instrument cabinets,storagebin_drawer_cabinet,storagebin,Drawer Cabinet,floor,1,820,1500,605,Small-parts and tool storage.,"Cabinets beside the door keep glassware, probe kits and instruments near where they are used; locked as a rule.",32.6,0.0,2960,32.6,0.0,2960
2,SL,Science Laboratory,SL-07,Gas cylinder rack,cylinder_nitrogen_cylinder_trio,cylinder,Nitrogen Cylinder Trio,floor,1,1000,1950,700,"Stores compressed or liquefied gases (breathing oxygen, nitrogen) for life support and work.",Nitrogen and breathing-air cylinders in a chained rack between the desks and the incubator supply the analysers; kept together so a leak can be isolated at one valve.,588.4,0.0,266000,588.4,0.0,266000
2,SL,Science Laboratory,SL-08,Emergency shower and eye wash,safety_emergency_shower,safety,Emergency Shower,floor,1,934,2330,800,"Fire, first-aid, breach and emergency gear required by regulation.","A drench shower and eye-wash station stand at the north-east end of the benches, within 3 m of the fume hood and with a clear approach, as regulations require.",160.1,0.0,28000,160.1,0.0,28000
2,SL,Science Laboratory,SL-09,Data desks,chair_swivel_office_chair,chair,Swivel Office Chair,floor,1,623,1125,625,Seating for desks and tables.,A workstation with terminal on the south wall by the window lets researchers enter results without leaving the room; it sits away from wet work and keeps the window view.,8.48,0.0,459,8.48,0.0,459
2,SL,Science Laboratory,SL-09,Data desks,desk_workstation,desk,Workstation,floor,1,1607,1222,750,Work surface for paperwork and terminals.,A workstation with terminal on the south wall by the window lets researchers enter results without leaving the room; it sits away from wet work and keeps the window view.,41.0,0.0,1560,41.0,0.0,1560
2,SL,Science Laboratory,SL-09,Data desks,terminal_desk_terminal,terminal,Desk Terminal,table,1,370,403,265,Data entry and information access.,A workstation with terminal on the south wall by the window lets researchers enter results without leaving the room; it sits away from wet work and keeps the window view.,9.45,18,12600,9.45,18,12600
2,SL,Science Laboratory,SL-10,Display and plants,plant_bonsai,plant,Bonsai,table,1,431,397,200,Improves wellbeing and air quality.,A wall display shows the experiment schedule; a bonsai on the desk keeps the room livable.,2.91,0.0,308,2.91,0.0,308
2,SL,Science Laboratory,SL-11,"Safety, signs and cleaning",sign_dept_science,sign,Dept Science,wall,1,1000,400,56,Wayfinding and hazard marking.,"Extinguisher and first-aid cabinet by the door, a department sign over it, and a spill kit near the fume hood.",1.28,0.0,94.9,1.28,0.0,94.9
2,SL,Science Laboratory,SL-12,Ceiling lighting and extract,ceilinglight_cage_light,ceilinglight,Cage Light,ceiling,1,214,232,220,General lighting sized to the task in the room.,"Daylight-colour panels (500 lux) over benches; an extract diffuser over the fume hood, sprinklers for fire suppression.",1.54,10,606,1.54,10,606
2,SL,Science Laboratory,SL-12,Ceiling lighting and extract,ceilinglight_emergency_fixture,ceilinglight,Emergency Fixture,ceiling,1,560,185,171,General lighting sized to the task in the room.,"Daylight-colour panels (500 lux) over benches; an extract diffuser over the fume hood, sprinklers for fire suppression.",2.29,13,784,2.29,13,784
2,SL,Science Laboratory,SL-12,Ceiling lighting and extract,ceilinglight_flush_dome,ceilinglight,Flush Dome,ceiling,1,638,176,638,General lighting sized to the task in the room.,"Daylight-colour panels (500 lux) over benches; an extract diffuser over the fume hood, sprinklers for fire suppression.",10.2,20,2400,10.2,20,2400
2,SL,Science Laboratory,SL-12,Ceiling lighting and extract,ceilinglight_linear_fixture_1_2,ceilinglight,Linear Fixture 1.2,ceiling,1,1250,62,160,General lighting sized to the task in the room.,"Daylight-colour panels (500 lux) over benches; an extract diffuser over the fume hood, sprinklers for fire suppression.",1.62,12,487,1.62,12,487
2,SL,Science Laboratory,SL-12,Ceiling lighting and extract,ceilinglight_ring_light,ceilinglight,Ring Light,ceiling,1,960,136,960,General lighting sized to the task in the room.,"Daylight-colour panels (500 lux) over benches; an extract diffuser over the fume hood, sprinklers for fire suppression.",17.1,24,4380,17.1,24,4380
2,SL,Science Laboratory,SL-12,Ceiling lighting and extract,ceilinglight_square_panel_1x1,ceilinglight,Square Panel 1X1,ceiling,1,1000,79,1000,General lighting sized to the task in the room.,"Daylight-colour panels (500 lux) over benches; an extract diffuser over the fume hood, sprinklers for fire suppression.",10.6,18,3360,10.6,18,3360
2,SL,Science Laboratory,SL-12,Ceiling lighting and extract,duct_ceiling_round_vent,duct,Ceiling Round Vent,ceiling,1,584,160,584,Moves conditioned air to and from the room.,"Daylight-colour panels (500 lux) over benches; an extract diffuser over the fume hood, sprinklers for fire suppression.",3.92,0.0,2610,3.92,0.0,2610
2,SL,Science Laboratory,SL-12,Ceiling lighting and extract,safety_sprinkler_head,safety,Sprinkler Head,ceiling,1,140,148,140,"Fire, first-aid, breach and emergency gear required by regulation.","Daylight-colour panels (500 lux) over benches; an extract diffuser over the fume hood, sprinklers for fire suppression.",0.27,0.0,106,0.27,0.0,106
2,HY,Hydroponics Garden,HY-01,Water tank and pumps,tank_circulation_pump,tank,Circulation Pump,floor,1,1471,971,680,Stores or conditions fluids for ship systems.,"Potable water tank, filtration unit and circulation pump stand along the north wall in one line; the garden's water loop is kept together so a leak is found quickly and the tank's weight sits on the deck's main frame.",563.2,3200,357000,563.2,3200,357000
2,HY,Hydroponics Garden,HY-01,Water tank and pumps,tank_filtration_unit,tank,Filtration Unit,floor,1,1526,1631,766,Stores or conditions fluids for ship systems.,"Potable water tank, filtration unit and circulation pump stand along the north wall in one line; the garden's water loop is kept together so a leak is found quickly and the tank's weight sits on the deck's main frame.",1201,3700,675000,1201,3700,675000
2,HY,Hydroponics Garden,HY-01,Water tank and pumps,watertank_potable_water_tank,watertank,Potable Water Tank,floor,1,1518,2030,1143,"Stores, purifies and recycles water.","Potable water tank, filtration unit and circulation pump stand along the north wall in one line; the garden's water loop is kept together so a leak is found quickly and the tank's weight sits on the deck's main frame.",1004,0.0,552000,1004,0.0,552000
2,HY,Hydroponics Garden,HY-02,Nutrient dosing,barrel_plastic_drum_lidded,barrel,Plastic Drum Lidded,floor,2,675,980,640,"Bulk storage of fluids, chemicals and gases, secured upright so leaks stay contained.",A nutrient tote tank and two dosing drums feed the pumps through metered lines; they stand at the end of the water line so concentrate never travels across the garden.,16.9,0.0,2060,33.8,0.0,4120
2,HY,Hydroponics Garden,HY-03,Growing row one,planter_herb_shelf_rack,planter,Herb Shelf Rack,floor,1,1260,1806,400,Grows food and oxygen-producing plants.,"Wheat trays, a lettuce trough, a herb shelf and a microgreen rack in the first row, at 1.2 m from the water line so workers can walk to the tanks; staple crops sit nearest the door.",127.7,540,64100,127.7,540,64100
2,HY,Hydroponics Garden,HY-03,Growing row one,planter_lettuce_trough,planter,Lettuce Trough,floor,1,1250,865,700,Grows food and oxygen-producing plants.,"Wheat trays, a lettuce trough, a herb shelf and a microgreen rack in the first row, at 1.2 m from the water line so workers can walk to the tanks; staple crops sit nearest the door.",104.9,420,58600,104.9,420,58600
2,HY,Hydroponics Garden,HY-03,Growing row one,planter_microgreen_rack,planter,Microgreen Rack,floor,1,1400,2175,700,Grows food and oxygen-producing plants.,"Wheat trays, a lettuce trough, a herb shelf and a microgreen rack in the first row, at 1.2 m from the water line so workers can walk to the tanks; staple crops sit nearest the door.",293.7,1100,133000,293.7,1100,133000
2,HY,Hydroponics Garden,HY-03,Growing row one,planter_wheat_tray_bed,planter,Wheat Tray Bed,floor,1,1610,2045,700,Grows food and oxygen-producing plants.,"Wheat trays, a lettuce trough, a herb shelf and a microgreen rack in the first row, at 1.2 m from the water line so workers can walk to the tanks; staple crops sit nearest the door.",324.3,1100,175000,324.3,1100,175000
2,HY,Hydroponics Garden,HY-04,Growing row two,planter_mushroom_shelf,planter,Mushroom Shelf,floor,1,1450,1910,750,Grows food and oxygen-producing plants.,"Tomato vine rack, strawberry tiers and a mushroom shelf form the second row, leaving a 1.2 m aisle between rows; row two stays 2 m from the window so nothing tall shades the nook.",304.4,880,134000,304.4,880,134000
2,HY,Hydroponics Garden,HY-04,Growing row two,planter_strawberry_tiered_planter,planter,Strawberry Tiered Planter,floor,1,900,1160,900,Grows food and oxygen-producing plants.,"Tomato vine rack, strawberry tiers and a mushroom shelf form the second row, leaving a 1.2 m aisle between rows; row two stays 2 m from the window so nothing tall shades the nook.",143.4,570,75400,143.4,570,75400
2,HY,Hydroponics Garden,HY-04,Growing row two,planter_tomato_vine_rack,planter,Tomato Vine Rack,floor,1,1400,2050,541,Grows food and oxygen-producing plants.,"Tomato vine rack, strawberry tiers and a mushroom shelf form the second row, leaving a 1.2 m aisle between rows; row two stays 2 m from the window so nothing tall shades the nook.",240.8,830,110000,240.8,830,110000
2,HY,Hydroponics Garden,HY-05,Vertical grow towers,planter_vertical_grow_tower,planter,Vertical Grow Tower,floor,4,700,2460,700,Grows food and oxygen-producing plants.,"Vertical towers along the west wall use height instead of floor for leafy crops, doubling yield per square metre; their pumps are fed from the north-wall water line.",181.6,640,85200,726.4,2560,340800
2,HY,Hydroponics Garden,HY-06,Grow lights,planter_hanging_grow_light_array,planter,Hanging Grow Light Array,ceiling,4,1800,600,430,Grows food and oxygen-producing plants.,Hanging grow-light arrays above the rows give the full spectrum the crops need on a 12 h cycle; fixtures hang over each planter run at 0.6 m above the crop.,55.7,330,29400,222.8,1320,117600
2,HY,Hydroponics Garden,HY-07,Seating nook by the window,bench_mess_bench,bench,Mess Bench,floor,1,2000,467,400,Fixed seating along walls so the floor stays free for circulation.,"A low bench under the stern window, a round table and two armchairs form a quiet corner where crew sit among the plants and look out; the bench stays below the sill and nothing tall blocks the glass.",22.1,0.0,1030,22.1,0.0,1030
2,HY,Hydroponics Garden,HY-07,Seating nook by the window,chair_armchair,chair,Armchair,floor,2,860,995,800,Seating for desks and tables.,"A low bench under the stern window, a round table and two armchairs form a quiet corner where crew sit among the plants and look out; the bench stays below the sill and nothing tall blocks the glass.",12.0,0.0,518,24.0,0.0,1036
2,HY,Hydroponics Garden,HY-07,Seating nook by the window,table_round_mess_table,table,Round Mess Table,floor,1,1228,763,1228,"Work, meeting or dining surface.","A low bench under the stern window, a round table and two armchairs form a quiet corner where crew sit among the plants and look out; the bench stays below the sill and nothing tall blocks the glass.",42.2,0.0,1720,42.2,0.0,1720
2,HY,Hydroponics Garden,HY-07,Seating nook by the window,tableware_cups_and_mugs,tableware,Cups And Mugs,table,1,318,100,283,"Plates, cups and condiments on tables.","A low bench under the stern window, a round table and two armchairs form a quiet corner where crew sit among the plants and look out; the bench stays below the sill and nothing tall blocks the glass.",2.52,0.0,957,2.52,0.0,957
2,HY,Hydroponics Garden,HY-07,Seating nook by the window,tableware_teapot,tableware,Teapot,table,1,353,209,180,"Plates, cups and condiments on tables.","A low bench under the stern window, a round table and two armchairs form a quiet corner where crew sit among the plants and look out; the bench stays below the sill and nothing tall blocks the glass.",3.41,0.0,1350,3.41,0.0,1350
2,HY,Hydroponics Garden,HY-08,Tool storage and cleaning,bin_trash_bin,bin,Trash Bin,floor,1,538,775,549,Collects waste for the recycler; a clean ship stays habitable.,"Tool cabinets and a cleaning drone by the door keep trimming, pruning and cleaning gear where the work starts; a wet bin for trimmings goes to the recycler.",15.8,0.0,750,15.8,0.0,750
2,HY,Hydroponics Garden,HY-08,Tool storage and cleaning,cabinet_janitor_closet,cabinet,Janitor Closet,floor,1,850,1955,675,Closed storage for supplies the room's staff need daily.,"Tool cabinets and a cleaning drone by the door keep trimming, pruning and cleaning gear where the work starts; a wet bin for trimmings goes to the recycler.",152.7,0.0,5250,152.7,0.0,5250
2,HY,Hydroponics Garden,HY-09,Pipes and air,duct_ceiling_square_diffuser,duct,Ceiling Square Diffuser,ceiling,1,700,120,700,Moves conditioned air to and from the room.,"Insulated water pipes run overhead above the tanks, and the air handler supplies humidity-controlled air to the crops; a humidity unit on the north wall keeps the garden at 70 % RH.",4.53,0.0,2390,4.53,0.0,2390
2,HY,Hydroponics Garden,HY-09,Pipes and air,pipe_ceiling_insulated_pair,pipe,Ceiling Insulated Pair,ceiling,1,2015,250,400,"Carries water, coolant or gas.","Insulated water pipes run overhead above the tanks, and the air handler supplies humidity-controlled air to the crops; a humidity unit on the north wall keeps the garden at 70 % RH.",28.0,0.0,721,28.0,0.0,721
2,HY,Hydroponics Garden,HY-09,Pipes and air,pipe_insulated_wrapped,pipe,Insulated Wrapped,wall,2,2050,258,300,"Carries water, coolant or gas.","Insulated water pipes run overhead above the tanks, and the air handler supplies humidity-controlled air to the crops; a humidity unit on the north wall keeps the garden at 70 % RH.",25.0,0.0,793,50.0,0.0,1586
2,HY,Hydroponics Garden,HY-09,Pipes and air,scrubber_humidity_control_unit,scrubber,Humidity Control Unit,floor,1,1085,1500,810,Removes CO2 and contaminants from ship air.,"Insulated water pipes run overhead above the tanks, and the air handler supplies humidity-controlled air to the crops; a humidity unit on the north wall keeps the garden at 70 % RH.",477.7,4300,227000,477.7,4300,227000
2,HY,Hydroponics Garden,HY-10,Plants and notices,plant_hanging_plant,plant,Hanging Plant,ceiling,1,468,1322,478,Improves wellbeing and air quality.,"A ficus, a hanging plant and a notice board with the harvest roster make the garden a pleasant place to pass through.",24.5,0.0,1640,24.5,0.0,1640
2,HY,Hydroponics Garden,HY-11,Safety and signs,safety_sprinkler_head,safety,Sprinkler Head,ceiling,1,140,148,140,"Fire, first-aid, breach and emergency gear required by regulation.","Extinguisher and first-aid cabinet by the door, a department sign over it, and a sprinkler over the rows.",0.27,0.0,106,0.27,0.0,106
2,HY,Hydroponics Garden,HY-11,Safety and signs,sign_dept_science,sign,Dept Science,wall,1,1000,400,56,Wayfinding and hazard marking.,"Extinguisher and first-aid cabinet by the door, a department sign over it, and a sprinkler over the rows.",1.28,0.0,94.9,1.28,0.0,94.9
2,HY,Hydroponics Garden,HY-12,Ceiling lighting,ceilinglight_cove_tray,ceilinglight,Cove Tray,ceiling,1,1600,170,500,General lighting sized to the task in the room.,Warm general lights on a wide grid (200 lux) for people; growth is lit by the grow arrays.,20.2,24,5770,20.2,24,5770
2,HY,Hydroponics Garden,HY-12,Ceiling lighting,ceilinglight_round_downlight,ceilinglight,Round Downlight,ceiling,1,338,110,338,General lighting sized to the task in the room.,Warm general lights on a wide grid (200 lux) for people; growth is lit by the grow arrays.,1.81,12,638,1.81,12,638
3,CF3,Forward Spine Corridor,CF3-01,Ceiling lighting,ceilinglight_linear_fixture_1_2,ceilinglight,Linear Fixture 1.2,ceiling,1,1250,62,160,General lighting sized to the task in the room.,Linear troffers at about 5 m pitch give 200 lux along the escape route without glare.,1.62,12,487,1.62,12,487
3,CF3,Forward Spine Corridor,CF3-01,Ceiling lighting,ceilinglight_panel_troffer_0_6x1_2,ceilinglight,Panel Troffer 0.6X1.2,ceiling,1,620,98,1260,General lighting sized to the task in the room.,Linear troffers at about 5 m pitch give 200 lux along the escape route without glare.,10.6,21,2470,10.6,21,2470
3,CF3,Forward Spine Corridor,CF3-01,Ceiling lighting,ceilinglight_recessed_hex_cells,ceilinglight,Recessed Hex Cells,ceiling,1,994,73,866,General lighting sized to the task in the room.,Linear troffers at about 5 m pitch give 200 lux along the escape route without glare.,9.03,16,2560,9.03,16,2560
3,CF3,Forward Spine Corridor,CF3-01,Ceiling lighting,ceilinglight_square_panel_1x1,ceilinglight,Square Panel 1X1,ceiling,1,1000,79,1000,General lighting sized to the task in the room.,Linear troffers at about 5 m pitch give 200 lux along the escape route without glare.,10.6,18,3360,10.6,18,3360
3,CF3,Forward Spine Corridor,CF3-01,Ceiling lighting,ceilinglight_triple_spot_rail,ceilinglight,Triple Spot Rail,ceiling,1,1100,220,156,General lighting sized to the task in the room.,Linear troffers at about 5 m pitch give 200 lux along the escape route without glare.,5.37,15,1350,5.37,15,1350
3,CF3,Forward Spine Corridor,CF3-02,Emergency lighting and public address,beacon_emergency_lighting_unit,beacon,Emergency Lighting Unit,wall,3,426,160,171,Gives light and visual or audible warning during alarms and power loss.,Battery-backed emergency lights and PA speakers at 6 m stations keep the route lit and announce alerts during a power or pressure emergency.,1.37,6.1,467,4.11,18.3,1401
3,CF3,Forward Spine Corridor,CF3-02,Emergency lighting and public address,beacon_intercom_speaker,beacon,Intercom Speaker,wall,3,300,420,77,Gives light and visual or audible warning during alarms and power loss.,Battery-backed emergency lights and PA speakers at 6 m stations keep the route lit and announce alerts during a power or pressure emergency.,1.1,6.1,543,3.3,18.3,1629
3,CF3,Forward Spine Corridor,CF3-03,Fire extinguishers,safety_fire_extinguisher,safety,Fire Extinguisher,wall,1,300,735,199,"Fire, first-aid, breach and emergency gear required by regulation.",A fire extinguisher within 12 m of any point of the route is the regulation for an occupied corridor.,4.26,0.0,869,4.26,0.0,869
3,CF3,Forward Spine Corridor,CF3-04,Department wayfinding signs,sign_dept_airlock,sign,Dept Airlock,wall,1,1000,400,66,Wayfinding and hazard marking.,"A department sign above each door on the corridor side tells crew what lies behind it, so nobody opens the wrong hatch in an emergency.",1.48,0.0,188,1.48,0.0,188
3,CF3,Forward Spine Corridor,CF3-04,Department wayfinding signs,sign_dept_engineering,sign,Dept Engineering,wall,3,1000,400,52,Wayfinding and hazard marking.,"A department sign above each door on the corridor side tells crew what lies behind it, so nobody opens the wrong hatch in an emergency.",1.2,0.0,158,3.6,0.0,474
3,CF3,Forward Spine Corridor,CF3-05,Overhead cable tray and ventilation trunk,cabletray_covered_led_tray,cabletray,Covered Led Tray,ceiling,3,2000,195,460,"Carries power and data cables overhead or along walls, protected and accessible.",Power and data cable trays plus a ventilation trunk run above the corridor so every room on the deck can be fed without floor penetrations.,17.8,0.0,533,53.4,0.0,1599
3,CF3,Forward Spine Corridor,CF3-05,Overhead cable tray and ventilation trunk,cabletray_fibre_glow_tray,cabletray,Fibre Glow Tray,ceiling,3,2000,150,360,"Carries power and data cables overhead or along walls, protected and accessible.",Power and data cable trays plus a ventilation trunk run above the corridor so every room on the deck can be fed without floor penetrations.,10.7,0.0,335,32.1,0.0,1005
3,CF3,Forward Spine Corridor,CF3-05,Overhead cable tray and ventilation trunk,cabletray_ladder_tray,cabletray,Ladder Tray,ceiling,3,2000,170,460,"Carries power and data cables overhead or along walls, protected and accessible.",Power and data cable trays plus a ventilation trunk run above the corridor so every room on the deck can be fed without floor penetrations.,15.5,0.0,467,46.5,0.0,1401
3,CF3,Forward Spine Corridor,CF3-05,Overhead cable tray and ventilation trunk,cabletray_perforated_trough,cabletray,Perforated Trough,ceiling,2,2000,190,500,"Carries power and data cables overhead or along walls, protected and accessible.",Power and data cable trays plus a ventilation trunk run above the corridor so every room on the deck can be fed without floor penetrations.,20.3,0.0,556,40.6,0.0,1112
3,CF3,Forward Spine Corridor,CF3-06,Deck evacuation map,safety_evac_route_map,safety,Evac Route Map,wall,1,1000,700,60,"Fire, first-aid, breach and emergency gear required by regulation.",Crew must be able to find the nearest stair from any corridor; the route map sits next to the stair lobby.,3.64,0.0,696,3.64,0.0,696
3,CA3,Aft Spine Corridor,CA3-01,Ceiling lighting,ceilinglight_cage_light,ceilinglight,Cage Light,ceiling,1,214,232,220,General lighting sized to the task in the room.,Linear troffers at about 5 m pitch give 200 lux along the escape route without glare.,1.54,10,606,1.54,10,606
3,CA3,Aft Spine Corridor,CA3-01,Ceiling lighting,ceilinglight_flush_dome,ceilinglight,Flush Dome,ceiling,1,638,176,638,General lighting sized to the task in the room.,Linear troffers at about 5 m pitch give 200 lux along the escape route without glare.,10.2,20,2400,10.2,20,2400
3,CA3,Aft Spine Corridor,CA3-01,Ceiling lighting,ceilinglight_triple_spot_rail,ceilinglight,Triple Spot Rail,ceiling,1,1100,220,156,General lighting sized to the task in the room.,Linear troffers at about 5 m pitch give 200 lux along the escape route without glare.,5.37,15,1350,5.37,15,1350
3,CA3,Aft Spine Corridor,CA3-02,Emergency lighting and public address,beacon_emergency_lighting_unit,beacon,Emergency Lighting Unit,wall,2,426,160,171,Gives light and visual or audible warning during alarms and power loss.,Battery-backed emergency lights and PA speakers at 6 m stations keep the route lit and announce alerts during a power or pressure emergency.,1.37,6.1,467,2.74,12.2,934
3,CA3,Aft Spine Corridor,CA3-02,Emergency lighting and public address,beacon_intercom_speaker,beacon,Intercom Speaker,wall,2,300,420,77,Gives light and visual or audible warning during alarms and power loss.,Battery-backed emergency lights and PA speakers at 6 m stations keep the route lit and announce alerts during a power or pressure emergency.,1.1,6.1,543,2.2,12.2,1086
3,CA3,Aft Spine Corridor,CA3-03,Fire extinguishers,safety_fire_extinguisher,safety,Fire Extinguisher,wall,1,300,735,199,"Fire, first-aid, breach and emergency gear required by regulation.",A fire extinguisher within 12 m of any point of the route is the regulation for an occupied corridor.,4.26,0.0,869,4.26,0.0,869
3,CA3,Aft Spine Corridor,CA3-04,Department wayfinding signs,sign_dept_cargo,sign,Dept Cargo,wall,2,1000,400,52,Wayfinding and hazard marking.,"A department sign above each door on the corridor side tells crew what lies behind it, so nobody opens the wrong hatch in an emergency.",1.16,0.0,90.0,2.32,0.0,180.0
3,CA3,Aft Spine Corridor,CA3-04,Department wayfinding signs,sign_dept_engineering,sign,Dept Engineering,wall,2,1000,400,52,Wayfinding and hazard marking.,"A department sign above each door on the corridor side tells crew what lies behind it, so nobody opens the wrong hatch in an emergency.",1.2,0.0,158,2.4,0.0,316
3,CA3,Aft Spine Corridor,CA3-05,Overhead cable tray and ventilation trunk,cabletray_covered_led_tray,cabletray,Covered Led Tray,ceiling,2,2000,195,460,"Carries power and data cables overhead or along walls, protected and accessible.",Power and data cable trays plus a ventilation trunk run above the corridor so every room on the deck can be fed without floor penetrations.,17.8,0.0,533,35.6,0.0,1066
3,CA3,Aft Spine Corridor,CA3-05,Overhead cable tray and ventilation trunk,cabletray_fibre_glow_tray,cabletray,Fibre Glow Tray,ceiling,2,2000,150,360,"Carries power and data cables overhead or along walls, protected and accessible.",Power and data cable trays plus a ventilation trunk run above the corridor so every room on the deck can be fed without floor penetrations.,10.7,0.0,335,21.4,0.0,670
3,CA3,Aft Spine Corridor,CA3-05,Overhead cable tray and ventilation trunk,cabletray_perforated_trough,cabletray,Perforated Trough,ceiling,2,2000,190,500,"Carries power and data cables overhead or along walls, protected and accessible.",Power and data cable trays plus a ventilation trunk run above the corridor so every room on the deck can be fed without floor penetrations.,20.3,0.0,556,40.6,0.0,1112
3,CA3,Aft Spine Corridor,CA3-06,Deck evacuation map,safety_evac_route_map,safety,Evac Route Map,wall,1,1000,700,60,"Fire, first-aid, breach and emergency gear required by regulation.",Crew must be able to find the nearest stair from any corridor; the route map sits next to the stair lobby.,3.64,0.0,696,3.64,0.0,696
3,CA3,Aft Spine Corridor,CA3-07,Drinking fountain,fountain_drinking_fountain_wall_unit,fountain,Drinking Fountain Wall Unit,wall,1,500,540,312,Drinking water for crew.,Crew working aft need water without going to the mess; a wall fountain at wheelchair height is fitted on the aft corridor.,10.1,87,3510,10.1,87,3510
3,LB3,Mid-ship Stair Lobby,LB3-01,Ceiling lighting,ceilinglight_emergency_fixture,ceilinglight,Emergency Fixture,ceiling,1,560,185,171,General lighting sized to the task in the room.,A row of panel lights bright enough (300 lux) to read the signs and safely see the stair entrance.,2.29,13,784,2.29,13,784
3,LB3,Mid-ship Stair Lobby,LB3-01,Ceiling lighting,ceilinglight_recessed_hex_cells,ceilinglight,Recessed Hex Cells,ceiling,1,994,73,866,General lighting sized to the task in the room.,A row of panel lights bright enough (300 lux) to read the signs and safely see the stair entrance.,9.03,16,2560,9.03,16,2560
3,LB3,Mid-ship Stair Lobby,LB3-01,Ceiling lighting,ceilinglight_ring_light,ceilinglight,Ring Light,ceiling,1,960,136,960,General lighting sized to the task in the room.,A row of panel lights bright enough (300 lux) to read the signs and safely see the stair entrance.,17.1,24,4380,17.1,24,4380
3,LB3,Mid-ship Stair Lobby,LB3-02,Waiting benches,bench_padded_wall_bench,bench,Padded Wall Bench,wall,2,1800,1380,460,Fixed seating along walls so the floor stays free for circulation.,Padded benches against the walls give somewhere to wait for the next shift change without blocking the route.,67.5,0.0,2320,135.0,0.0,4640
3,LB3,Mid-ship Stair Lobby,LB3-03,Deck number signs,sign_deck_3,sign,Deck 3,wall,2,800,950,45,Wayfinding and hazard marking.,Large deck numbers above each arch stop crew from taking the wrong flight of stairs.,1.84,0.0,85.4,3.68,0.0,170.8
3,LB3,Mid-ship Stair Lobby,LB3-04,Deck plan boards,display_deck_plan_board,display,Deck Plan Board,wall,2,1100,1675,104,"Shows status, plans and sensor data to people in the room.",A you-are-here plan board at each side of the passage shows the layout of the deck and the two stair locations.,12.7,83,23500,25.4,166,47000
3,LB3,Mid-ship Stair Lobby,LB3-05,Fire fighting and first aid,safety_fire_extinguisher,safety,Fire Extinguisher,wall,2,300,735,199,"Fire, first-aid, breach and emergency gear required by regulation.","Extinguisher and first-aid cabinet sit beside the stairs, the most likely meeting point during an emergency.",4.26,0.0,869,8.52,0.0,1738
3,LB3,Mid-ship Stair Lobby,LB3-06,Notice board and duty roster,noticeboard_duty_roster_display,noticeboard,Duty Roster Display,wall,1,1000,1300,78,Duty rosters and notices.,Watch bills and notices are posted where everybody passes every day.,6.32,49,9780,6.32,49,9780
3,LB3,Mid-ship Stair Lobby,LB3-07,Overhead services,duct_ceiling_square_diffuser,duct,Ceiling Square Diffuser,ceiling,2,700,120,700,Moves conditioned air to and from the room.,Fire-suppression nozzles and air diffusers in the ceiling of the busiest junction of the deck.,4.53,0.0,2390,9.06,0.0,4780
3,SP3,Port Stair Tower,SP3-01,Stair level signage,sign_deck_3,sign,Deck 3,wall,1,800,950,45,Wayfinding and hazard marking.,Deck number plate and exit arrow at the landing tell people which level they are on and where the exit is.,1.84,0.0,85.4,1.84,0.0,85.4
3,SP3,Port Stair Tower,SP3-01,Stair level signage,sign_exit_arrow,sign,Exit Arrow,wall,1,700,240,42,Wayfinding and hazard marking.,Deck number plate and exit arrow at the landing tell people which level they are on and where the exit is.,0.37,0.0,38.1,0.37,0.0,38.1
3,SP3,Port Stair Tower,SP3-02,Fire extinguisher and emergency lighting,beacon_emergency_lighting_unit,beacon,Emergency Lighting Unit,wall,1,426,160,171,Gives light and visual or audible warning during alarms and power loss.,Stair towers are protected escape routes: a hand extinguisher and battery lights are mandatory at every level.,1.37,6.1,467,1.37,6.1,467
3,SP3,Port Stair Tower,SP3-02,Fire extinguisher and emergency lighting,safety_fire_extinguisher,safety,Fire Extinguisher,wall,1,300,735,199,"Fire, first-aid, breach and emergency gear required by regulation.",Stair towers are protected escape routes: a hand extinguisher and battery lights are mandatory at every level.,4.26,0.0,869,4.26,0.0,869
3,SP3,Port Stair Tower,SP3-03,Stair lighting,ceilinglight_round_downlight,ceilinglight,Round Downlight,ceiling,1,338,110,338,General lighting sized to the task in the room.,"Recessed downlights over the deck-level strip and, where the ceiling is solid, over the landing light every tread; the stairs are the main way between decks.",1.81,12,638,1.81,12,638
3,SS3,Starboard Stair Tower,SS3-01,Stair level signage,sign_deck_3,sign,Deck 3,wall,1,800,950,45,Wayfinding and hazard marking.,Deck number plate and exit arrow at the landing tell people which level they are on and where the exit is.,1.84,0.0,85.4,1.84,0.0,85.4
3,SS3,Starboard Stair Tower,SS3-01,Stair level signage,sign_exit_arrow,sign,Exit Arrow,wall,1,700,240,42,Wayfinding and hazard marking.,Deck number plate and exit arrow at the landing tell people which level they are on and where the exit is.,0.37,0.0,38.1,0.37,0.0,38.1
3,SS3,Starboard Stair Tower,SS3-02,Fire extinguisher and emergency lighting,beacon_emergency_lighting_unit,beacon,Emergency Lighting Unit,wall,1,426,160,171,Gives light and visual or audible warning during alarms and power loss.,Stair towers are protected escape routes: a hand extinguisher and battery lights are mandatory at every level.,1.37,6.1,467,1.37,6.1,467
3,SS3,Starboard Stair Tower,SS3-02,Fire extinguisher and emergency lighting,safety_fire_extinguisher,safety,Fire Extinguisher,wall,1,300,735,199,"Fire, first-aid, breach and emergency gear required by regulation.",Stair towers are protected escape routes: a hand extinguisher and battery lights are mandatory at every level.,4.26,0.0,869,4.26,0.0,869
3,SS3,Starboard Stair Tower,SS3-03,Stair lighting,ceilinglight_cage_light,ceilinglight,Cage Light,ceiling,1,214,232,220,General lighting sized to the task in the room.,"Recessed downlights over the deck-level strip and, where the ceiling is solid, over the landing light every tread; the stairs are the main way between decks.",1.54,10,606,1.54,10,606
3,SS3,Starboard Stair Tower,SS3-03,Stair lighting,ceilinglight_flush_dome,ceilinglight,Flush Dome,ceiling,1,638,176,638,General lighting sized to the task in the room.,"Recessed downlights over the deck-level strip and, where the ceiling is solid, over the landing light every tread; the stairs are the main way between decks.",10.2,20,2400,10.2,20,2400
3,LS,Life Support,LS-01,Ceiling lighting,ceilinglight_panel_troffer_0_6x1_2,ceilinglight,Panel Troffer 0.6X1.2,ceiling,1,620,98,1260,General lighting sized to the task in the room.,"Flush troffers give the 300 lux needed to read gauges and label plates; they sit over the service aisles, not over the units.",10.6,21,2470,10.6,21,2470
3,LS,Life Support,LS-02,"CO2 scrubbers (east wall, north of the door)",scrubber_co2_scrubber_tower,scrubber,Co2 Scrubber Tower,floor,1,820,2500,880,Removes CO2 and contaminants from ship air.,"Cabin air returns down the forward trunk and is scrubbed first, so the amine scrubber and the CO2 tower stand on the east wall next to the corridor trunk. They use the north half of the wall, where the wedge still leaves a 1.4 m aisle in front.",638.4,6100,286000,638.4,6100,286000
3,LS,Life Support,LS-02,"CO2 scrubbers (east wall, north of the door)",scrubber_twin_amine_scrubber,scrubber,Twin Amine Scrubber,floor,1,1800,2445,940,Removes CO2 and contaminants from ship air.,"Cabin air returns down the forward trunk and is scrubbed first, so the amine scrubber and the CO2 tower stand on the east wall next to the corridor trunk. They use the north half of the wall, where the wedge still leaves a 1.4 m aisle in front.",1760,14000,895000,1760,14000,895000
3,LS,Life Support,LS-03,"Filter bank (east wall, south of the door)",scrubber_filter_bank_rack,scrubber,Filter Bank Rack,floor,1,1920,1880,725,Removes CO2 and contaminants from ship air.,"The particulate filter rack follows the scrubbers in the air path; its 1.9 m front faces the open floor so cassettes roll out straight onto a cart, and the wall beside the door stays free for the extinguisher and the exit sign.",940.7,8000,603000,940.7,8000,603000
3,LS,Life Support,LS-04,Water reclamation train (south wall),watertank_condensate_collector,watertank,Condensate Collector,floor,1,1095,1890,850,"Stores, purifies and recycles water.","Recycler, condensate collector, reverse-osmosis skid, UV purifier and grey-water processor stand in process order along the south wall so piping between them is short and one operator can walk the whole train on a single service aisle.",479.4,0.0,291000,479.4,0.0,291000
3,LS,Life Support,LS-04,Water reclamation train (south wall),watertank_greywater_processor,watertank,Greywater Processor,floor,1,1610,1530,900,"Stores, purifies and recycles water.","Recycler, condensate collector, reverse-osmosis skid, UV purifier and grey-water processor stand in process order along the south wall so piping between them is short and one operator can walk the whole train on a single service aisle.",528.3,0.0,339000,528.3,0.0,339000
3,LS,Life Support,LS-04,Water reclamation train (south wall),watertank_reverse_osmosis_skid,watertank,Reverse Osmosis Skid,floor,1,1800,1530,616,"Stores, purifies and recycles water.","Recycler, condensate collector, reverse-osmosis skid, UV purifier and grey-water processor stand in process order along the south wall so piping between them is short and one operator can walk the whole train on a single service aisle.",413.2,0.0,188000,413.2,0.0,188000
3,LS,Life Support,LS-04,Water reclamation train (south wall),watertank_uv_water_purifier,watertank,Uv Water Purifier,floor,1,900,1730,570,"Stores, purifies and recycles water.","Recycler, condensate collector, reverse-osmosis skid, UV purifier and grey-water processor stand in process order along the south wall so piping between them is short and one operator can walk the whole train on a single service aisle.",223.1,2000,118000,223.1,2000,118000
3,LS,Life Support,LS-04,Water reclamation train (south wall),watertank_water_recycler,watertank,Water Recycler,floor,1,1220,2340,1020,"Stores, purifies and recycles water.","Recycler, condensate collector, reverse-osmosis skid, UV purifier and grey-water processor stand in process order along the south wall so piping between them is short and one operator can walk the whole train on a single service aisle.",788.8,0.0,367000,788.8,0.0,367000
3,LS,Life Support,LS-05,Monitoring station (south-west facet),console_environmental,console,Environmental,floor,1,1812,1390,854,Operator station with displays and controls for one ship function.,"The life-support engineer watches pressure, oxygen and water quality from a console on the south-west facet; from the chair the whole water train and the door are in view, and the console backs onto the hull where nobody needs to walk.",309.5,370,547000,309.5,370,547000
3,LS,Life Support,LS-05,Monitoring station (south-west facet),seat_ops_chair,seat,Ops Chair,floor,1,635,1025,630,Operator chair for console positions.,"The life-support engineer watches pressure, oxygen and water quality from a console on the south-west facet; from the chair the whole water train and the door are in view, and the console backs onto the hull where nobody needs to walk.",12.9,0.0,808,12.9,0.0,808
3,LS,Life Support,LS-05,Monitoring station (south-west facet),terminal_keyboard,terminal,Keyboard,table,1,420,28,150,Data entry and information access.,"The life-support engineer watches pressure, oxygen and water quality from a console on the south-west facet; from the chair the whole water train and the door are in view, and the console backs onto the hull where nobody needs to walk.",0.46,3.6,1070,0.46,3.6,1070
3,LS,Life Support,LS-06,Potable storage and air processing (west facets),scrubber_atmosphere_processor,scrubber,Atmosphere Processor,floor,1,1700,2200,1000,Removes CO2 and contaminants from ship air.,"The potable tank is a tall heavy vessel, so it sits on a hull facet where the floor load is best; the atmosphere processor (Sabatier / O2 recovery) next to it closes the air loop. Fronts face the centre for a clear service circle.",1366,13000,620000,1366,13000,620000
3,LS,Life Support,LS-06,Potable storage and air processing (west facets),watertank_potable_water_tank,watertank,Potable Water Tank,floor,1,1518,2030,1143,"Stores, purifies and recycles water.","The potable tank is a tall heavy vessel, so it sits on a hull facet where the floor load is best; the atmosphere processor (Sabatier / O2 recovery) next to it closes the air loop. Fronts face the centre for a clear service circle.",1004,0.0,552000,1004,0.0,552000
3,LS,Life Support,LS-07,Oxygen and cryogenic gas store (north facets),cylinder_oxygen_cylinder_rack,cylinder,Oxygen Cylinder Rack,floor,1,1550,1550,531,"Stores compressed or liquefied gases (breathing oxygen, nitrogen) for life support and work.","Oxygen cylinders feed the ship's O2 balance. They are racked together on the bow facets, furthest from the door, so a leak never blocks the escape route; cylinders stand in a rack, never free-standing.",607.7,0.0,274000,607.7,0.0,274000
3,LS,Life Support,LS-08,Filter staging cart,cylinder_cylinder_hand_cart,cylinder,Cylinder Hand Cart,floor,1,700,1247,620,"Stores compressed or liquefied gases (breathing oxygen, nitrogen) for life support and work.",Spent cassettes come out of the banks onto a service cart and go to the recycler; the cart stays in the open floor in front of the filter rack.,238.9,0.0,145000,238.9,0.0,145000
3,LS,Life Support,LS-08,Filter staging cart,engtool_diagnostic_cart,engtool,Diagnostic Cart,floor,1,700,1697,572,"Tools, carts and test gear for maintenance crews.",Spent cassettes come out of the banks onto a service cart and go to the recycler; the cart stays in the open floor in front of the filter rack.,281.6,0.0,194000,281.6,0.0,194000
3,LS,Life Support,LS-09,Overhead ducts and pipework,cabletray_ladder_tray,cabletray,Ladder Tray,ceiling,2,2000,170,460,"Carries power and data cables overhead or along walls, protected and accessible.","Return-air duct along the south wall and water lines overhead run parallel to the walls, dropping to each unit, so the floor stays free.",15.5,0.0,467,31.0,0.0,934
3,LS,Life Support,LS-09,Overhead ducts and pipework,duct_rectangular_duct_run,duct,Rectangular Duct Run,wall,3,2030,480,391,Moves conditioned air to and from the room.,"Return-air duct along the south wall and water lines overhead run parallel to the walls, dropping to each unit, so the floor stays free.",29.6,0.0,14600,88.8,0.0,43800
3,LS,Life Support,LS-09,Overhead ducts and pipework,pipe_ceiling_insulated_pair,pipe,Ceiling Insulated Pair,ceiling,3,2015,250,400,"Carries water, coolant or gas.","Return-air duct along the south wall and water lines overhead run parallel to the walls, dropping to each unit, so the floor stays free.",28.0,0.0,721,84.0,0.0,2163
3,LS,Life Support,LS-10,Wall instrumentation,display_status_board,display,Status Board,wall,1,1500,1055,95,"Shows status, plans and sensor data to people in the room.",A status board on the south-west facet repeats the console readings for anyone at the gas store; the return-air duct above the water train runs the length of the south wall.,10.1,83,18000,10.1,83,18000
3,LS,Life Support,LS-11,Safety and signs,safety_eye_wash_station,safety,Eye Wash Station,wall,1,700,700,480,"Fire, first-aid, breach and emergency gear required by regulation.","Fire extinguisher at the north end, eye wash by the amine scrubber (amine is corrosive), low-oxygen sign at the gas store and exit sign over the door.",22.5,0.0,4500,22.5,0.0,4500
3,LS,Life Support,LS-11,Safety and signs,safety_fire_extinguisher,safety,Fire Extinguisher,wall,1,300,735,199,"Fire, first-aid, breach and emergency gear required by regulation.","Fire extinguisher at the north end, eye wash by the amine scrubber (amine is corrosive), low-oxygen sign at the gas store and exit sign over the door.",4.26,0.0,869,4.26,0.0,869
3,LS,Life Support,LS-11,Safety and signs,sign_emergency_exit,sign,Emergency Exit,wall,1,560,240,84,Wayfinding and hazard marking.,"Fire extinguisher at the north end, eye wash by the amine scrubber (amine is corrosive), low-oxygen sign at the gas store and exit sign over the door.",0.63,0.0,44.2,0.63,0.0,44.2
3,LS,Life Support,LS-11,Safety and signs,sign_hazard_low_oxygen,sign,Hazard Low Oxygen,wall,1,630,400,42,Wayfinding and hazard marking.,"Fire extinguisher at the north end, eye wash by the amine scrubber (amine is corrosive), low-oxygen sign at the gas store and exit sign over the door.",0.62,0.0,33.5,0.62,0.0,33.5
3,CO,Computer Core,CO-01,Ceiling lighting,ceilinglight_flush_dome,ceilinglight,Flush Dome,ceiling,1,638,176,638,General lighting sized to the task in the room.,Cool-white panels over the aisles give 400 lux at the rack fronts; fixtures sit above the aisles so they never shadow a rack label.,10.2,20,2400,10.2,20,2400
3,CO,Computer Core,CO-01,Ceiling lighting,ceilinglight_linear_fixture_1_2,ceilinglight,Linear Fixture 1.2,ceiling,2,1250,62,160,General lighting sized to the task in the room.,Cool-white panels over the aisles give 400 lux at the rack fronts; fixtures sit above the aisles so they never shadow a rack label.,1.62,12,487,3.24,24,974
3,CO,Computer Core,CO-01,Ceiling lighting,ceilinglight_panel_troffer_0_6x1_2,ceilinglight,Panel Troffer 0.6X1.2,ceiling,3,620,98,1260,General lighting sized to the task in the room.,Cool-white panels over the aisles give 400 lux at the rack fronts; fixtures sit above the aisles so they never shadow a rack label.,10.6,21,2470,31.8,63,7410
3,CO,Computer Core,CO-01,Ceiling lighting,ceilinglight_square_panel_1x1,ceilinglight,Square Panel 1X1,ceiling,3,1000,79,1000,General lighting sized to the task in the room.,Cool-white panels over the aisles give 400 lux at the rack fronts; fixtures sit above the aisles so they never shadow a rack label.,10.6,18,3360,31.8,54,10080
3,CO,Computer Core,CO-02,"Compute pod, north rows (blade servers, GPU clusters, quantum racks)",rack_blade_server_rack,rack,Blade Server Rack,floor,6,600,2000,1000,"Houses servers, storage and network gear with cooling.","Two facing rows of 0.6 m racks form the main compute pod: fronts face each other across a 1.35 m cold aisle, backs face the north wall and the hot service aisle. A liquid-cooled cabinet every fifth position takes the densest GPU loads.",244.9,2900,250000,1469.4,17400,1500000
3,CO,Computer Core,CO-02,"Compute pod, north rows (blade servers, GPU clusters, quantum racks)",rack_cryogenic_quantum_rack,rack,Cryogenic Quantum Rack,floor,2,605,2000,1000,"Houses servers, storage and network gear with cooling.","Two facing rows of 0.6 m racks form the main compute pod: fronts face each other across a 1.35 m cold aisle, backs face the north wall and the hot service aisle. A liquid-cooled cabinet every fifth position takes the densest GPU loads.",208.7,2900,231000,417.4,5800,462000
3,CO,Computer Core,CO-02,"Compute pod, north rows (blade servers, GPU clusters, quantum racks)",rack_gpu_cluster_rack,rack,Gpu Cluster Rack,floor,5,600,2000,1000,"Houses servers, storage and network gear with cooling.","Two facing rows of 0.6 m racks form the main compute pod: fronts face each other across a 1.35 m cold aisle, backs face the north wall and the hot service aisle. A liquid-cooled cabinet every fifth position takes the densest GPU loads.",251.2,2900,230000,1256.0,14500,1150000
3,CO,Computer Core,CO-02,"Compute pod, north rows (blade servers, GPU clusters, quantum racks)",rack_liquid_cooled_cabinet,rack,Liquid Cooled Cabinet,floor,3,600,2000,1018,"Houses servers, storage and network gear with cooling.","Two facing rows of 0.6 m racks form the main compute pod: fronts face each other across a 1.35 m cold aisle, backs face the north wall and the hot service aisle. A liquid-cooled cabinet every fifth position takes the densest GPU loads.",235.8,3000,223000,707.4,9000,669000
3,CO,Computer Core,CO-02,"Compute pod, north rows (blade servers, GPU clusters, quantum racks)",rack_network_switch_rack,rack,Network Switch Rack,floor,4,685,2000,1015,"Houses servers, storage and network gear with cooling.","Two facing rows of 0.6 m racks form the main compute pod: fronts face each other across a 1.35 m cold aisle, backs face the north wall and the hot service aisle. A liquid-cooled cabinet every fifth position takes the densest GPU loads.",289.4,3200,259000,1157.6,12800,1036000
3,CO,Computer Core,CO-03,"Storage pod, south rows (arrays and archive towers)",rack_crystal_archive_tower,rack,Crystal Archive Tower,floor,5,708,2270,810,"Houses servers, storage and network gear with cooling.","Bulk storage arrays (row nearest the cross aisle) and the crystal / tape archive towers (against the south wall) face each other across a cold aisle; archive towers are the slowest-changing kit so they sit furthest from the door, where nobody walks past them.",233.7,2800,302000,1168.5,14000,1510000
3,CO,Computer Core,CO-03,"Storage pod, south rows (arrays and archive towers)",rack_network_switch_rack,rack,Network Switch Rack,floor,1,685,2000,1015,"Houses servers, storage and network gear with cooling.","Bulk storage arrays (row nearest the cross aisle) and the crystal / tape archive towers (against the south wall) face each other across a cold aisle; archive towers are the slowest-changing kit so they sit furthest from the door, where nobody walks past them.",289.4,3200,259000,289.4,3200,259000
3,CO,Computer Core,CO-03,"Storage pod, south rows (arrays and archive towers)",rack_photonic_fiber_rack,rack,Photonic Fiber Rack,floor,1,600,2000,1000,"Houses servers, storage and network gear with cooling.","Bulk storage arrays (row nearest the cross aisle) and the crystal / tape archive towers (against the south wall) face each other across a cold aisle; archive towers are the slowest-changing kit so they sit furthest from the door, where nobody walks past them.",251.0,2600,268000,251.0,2600,268000
3,CO,Computer Core,CO-03,"Storage pod, south rows (arrays and archive towers)",rack_storage_array,rack,Storage Array,floor,9,600,2000,1000,"Houses servers, storage and network gear with cooling.","Bulk storage arrays (row nearest the cross aisle) and the crystal / tape archive towers (against the south wall) face each other across a cold aisle; archive towers are the slowest-changing kit so they sit furthest from the door, where nobody walks past them.",251.5,2800,227000,2263.5,25200,2043000
3,CO,Computer Core,CO-03,"Storage pod, south rows (arrays and archive towers)",rack_tape_archive_tower,rack,Tape Archive Tower,floor,4,700,2100,990,"Houses servers, storage and network gear with cooling.","Bulk storage arrays (row nearest the cross aisle) and the crystal / tape archive towers (against the south wall) face each other across a cold aisle; archive towers are the slowest-changing kit so they sit furthest from the door, where nobody walks past them.",282.7,3200,348000,1130.8,12800,1392000
3,CO,Computer Core,CO-03,"Storage pod, south rows (arrays and archive towers)",storage_memory_core_column,storage,Memory Core Column,floor,1,836,2520,836,Archives data and valuables.,"Bulk storage arrays (row nearest the cross aisle) and the crystal / tape archive towers (against the south wall) face each other across a cold aisle; archive towers are the slowest-changing kit so they sit furthest from the door, where nobody walks past them.",974.9,2000,904000,974.9,2000,904000
3,CO,Computer Core,CO-04,Cooling plant (west wall),tank_circulation_pump,tank,Circulation Pump,floor,1,1471,971,680,Stores or conditions fluids for ship systems.,"A shell-and-tube heat exchanger and circulation pump take the heat of the liquid-cooled cabinets to the ship's coolant loop; they stand on the west wall near the loop riser, away from the electronics and with the drain at floor level.",563.2,3200,357000,563.2,3200,357000
3,CO,Computer Core,CO-04,Cooling plant (west wall),tank_shell_and_tube_heat_exchanger,tank,Shell And Tube Heat Exchanger,floor,1,3118,1441,800,Stores or conditions fluids for ship systems.,"A shell-and-tube heat exchanger and circulation pump take the heat of the liquid-cooled cabinets to the ship's coolant loop; they stand on the west wall near the loop riser, away from the electronics and with the drain at floor level.",2380,3500,1260000,2380,3500,1260000
3,CO,Computer Core,CO-05,"UPS battery banks (east wall, north of the door)",capacitor_battery_rack,capacitor,Battery Rack,floor,3,1250,1985,624,Buffers electrical power so systems ride through peaks and brown-outs.,"The core must ride through a power dip, so three battery racks stand on the east wall, near the power riser and out of the cold aisles; their 1.25 m fronts face the cross aisle.",1190,480,1140000,3570,1440,3420000
3,CO,Computer Core,CO-05,"UPS battery banks (east wall, north of the door)",sign_hazard_high_voltage,sign,Hazard High Voltage,wall,1,620,587,38,Wayfinding and hazard marking.,"The core must ride through a power dip, so three battery racks stand on the east wall, near the power riser and out of the cold aisles; their 1.25 m fronts face the cross aisle.",0.77,0.0,35.5,0.77,0.0,35.5
3,CO,Computer Core,CO-06,Administrator console (south-east corner),cabinet_utility_cabinet,cabinet,Utility Cabinet,floor,1,960,1830,580,Closed storage for supplies the room's staff need daily.,"One engineering-status console and chair give the administrator a place to check load, temperature and alarms. It stands by the door end so the whole cross aisle and both cold aisles are in view.",133.3,0.0,4930,133.3,0.0,4930
3,CO,Computer Core,CO-06,Administrator console (south-east corner),console_engineering_status,console,Engineering Status,floor,1,1816,1596,857,Operator station with displays and controls for one ship function.,"One engineering-status console and chair give the administrator a place to check load, temperature and alarms. It stands by the door end so the whole cross aisle and both cold aisles are in view.",344.6,490,679000,344.6,490,679000
3,CO,Computer Core,CO-06,Administrator console (south-east corner),seat_ops_chair,seat,Ops Chair,floor,1,635,1025,630,Operator chair for console positions.,"One engineering-status console and chair give the administrator a place to check load, temperature and alarms. It stands by the door end so the whole cross aisle and both cold aisles are in view.",12.9,0.0,808,12.9,0.0,808
3,CO,Computer Core,CO-06,Administrator console (south-east corner),terminal_keyboard,terminal,Keyboard,table,1,420,28,150,Data entry and information access.,"One engineering-status console and chair give the administrator a place to check load, temperature and alarms. It stands by the door end so the whole cross aisle and both cold aisles are in view.",0.46,3.6,1070,0.46,3.6,1070
3,CO,Computer Core,CO-07,Gas fire suppression,controlpanel_emergency_stop,controlpanel,Emergency Stop,wall,1,240,280,90,"Local controls for doors, lights, environment and power.","Water would destroy the racks, so an inert-gas accumulator tank pair stands on the north wall with nozzles in the ceiling over each aisle; a pre-discharge beacon and abort switch hang by the door.",2.49,20,3450,2.49,20,3450
3,CO,Computer Core,CO-07,Gas fire suppression,safety_suppression_nozzle,safety,Suppression Nozzle,ceiling,5,300,500,300,"Fire, first-aid, breach and emergency gear required by regulation.","Water would destroy the racks, so an inert-gas accumulator tank pair stands on the north wall with nozzles in the ceiling over each aisle; a pre-discharge beacon and abort switch hang by the door.",4.01,0.0,704,20.05,0.0,3520
3,CO,Computer Core,CO-07,Gas fire suppression,tank_accumulator_tank,tank,Accumulator Tank,floor,2,901,1730,800,Stores or conditions fluids for ship systems.,"Water would destroy the racks, so an inert-gas accumulator tank pair stands on the north wall with nozzles in the ceiling over each aisle; a pre-discharge beacon and abort switch hang by the door.",786.6,0.0,388000,1573.2,0.0,776000
3,CO,Computer Core,CO-07,Gas fire suppression,warnlight_red_alert_wall_unit,warnlight,Red Alert Wall Unit,wall,1,360,370,154,Signals hazards and machine states.,"Water would destroy the racks, so an inert-gas accumulator tank pair stands on the north wall with nozzles in the ceiling over each aisle; a pre-discharge beacon and abort switch hang by the door.",2.44,6.4,756,2.44,6.4,756
3,CO,Computer Core,CO-08,Network backbone and cable trays,cabletray_ladder_tray,cabletray,Ladder Tray,ceiling,8,2000,170,460,"Carries power and data cables overhead or along walls, protected and accessible.",Patch panels over the north rack row and wall network cabinets on the west wall terminate the fibre trunks; ladder trays above every row carry power and data so nothing runs on the floor.,15.5,0.0,467,124.0,0.0,3736
3,CO,Computer Core,CO-08,Network backbone and cable trays,pipe_ceiling_insulated_pair,pipe,Ceiling Insulated Pair,ceiling,1,2015,250,400,"Carries water, coolant or gas.",Patch panels over the north rack row and wall network cabinets on the west wall terminate the fibre trunks; ladder trays above every row carry power and data so nothing runs on the floor.,28.0,0.0,721,28.0,0.0,721
3,CO,Computer Core,CO-08,Network backbone and cable trays,router_fiber_junction_box,router,Fiber Junction Box,wall,1,500,740,152,Routes data between ship systems.,Patch panels over the north rack row and wall network cabinets on the west wall terminate the fibre trunks; ladder trays above every row carry power and data so nothing runs on the floor.,16.9,43,16700,16.9,43,16700
3,CO,Computer Core,CO-08,Network backbone and cable trays,router_patch_panel,router,Patch Panel,wall,2,900,555,208,Routes data between ship systems.,Patch panels over the north rack row and wall network cabinets on the west wall terminate the fibre trunks; ladder trays above every row carry power and data so nothing runs on the floor.,30.4,77,37700,60.8,154,75400
3,CO,Computer Core,CO-08,Network backbone and cable trays,router_wall_network_cabinet,router,Wall Network Cabinet,wall,1,700,1010,285,Routes data between ship systems.,Patch panels over the north rack row and wall network cabinets on the west wall terminate the fibre trunks; ladder trays above every row carry power and data so nothing runs on the floor.,58.3,140,72800,58.3,140,72800
3,CO,Computer Core,CO-09,Safety and signs,safety_evac_route_map,safety,Evac Route Map,wall,1,1000,700,60,"Fire, first-aid, breach and emergency gear required by regulation.","CO2 / halon discharge warning and an extinguisher at the door, exit sign above it, evacuation map beside it.",3.64,0.0,696,3.64,0.0,696
3,CO,Computer Core,CO-09,Safety and signs,safety_fire_extinguisher,safety,Fire Extinguisher,wall,1,300,735,199,"Fire, first-aid, breach and emergency gear required by regulation.","CO2 / halon discharge warning and an extinguisher at the door, exit sign above it, evacuation map beside it.",4.26,0.0,869,4.26,0.0,869
3,CO,Computer Core,CO-09,Safety and signs,sign_emergency_exit,sign,Emergency Exit,wall,1,560,240,84,Wayfinding and hazard marking.,"CO2 / halon discharge warning and an extinguisher at the door, exit sign above it, evacuation map beside it.",0.63,0.0,44.2,0.63,0.0,44.2
3,AL,Airlock & EVA Prep,AL-01,Ceiling lighting,ceilinglight_flush_dome,ceilinglight,Flush Dome,ceiling,1,638,176,638,General lighting sized to the task in the room.,"Bright neutral-white panels (500 lux) for suit checks, where a missed seal is a life-safety problem.",10.2,20,2400,10.2,20,2400
3,AL,Airlock & EVA Prep,AL-01,Ceiling lighting,ceilinglight_square_panel_1x1,ceilinglight,Square Panel 1X1,ceiling,1,1000,79,1000,General lighting sized to the task in the room.,"Bright neutral-white panels (500 lux) for suit checks, where a missed seal is a life-safety problem.",10.6,18,3360,10.6,18,3360
3,AL,Airlock & EVA Prep,AL-02,Outer airlock hatch (bow tip),beacon_airlock_status_light,beacon,Airlock Status Light,wall,1,160,555,76,Gives light and visual or audible warning during alarms and power loss.,"The pressure hatch is cut in the bow tip, the only hull wall of the room without a viewport; the hatch wheel and the red/green state lights either side of it show at a glance whether the outside is safe to open.",0.75,6.4,221,0.75,6.4,221
3,AL,Airlock & EVA Prep,AL-02,Outer airlock hatch (bow tip),beacon_rotating_beacon,beacon,Rotating Beacon,wall,1,180,180,200,Gives light and visual or audible warning during alarms and power loss.,"The pressure hatch is cut in the bow tip, the only hull wall of the room without a viewport; the hatch wheel and the red/green state lights either side of it show at a glance whether the outside is safe to open.",0.71,5.8,257,0.71,5.8,257
3,AL,Airlock & EVA Prep,AL-02,Outer airlock hatch (bow tip),controlpanel_airlock_control,controlpanel,Airlock Control,wall,1,360,500,69,"Local controls for doors, lights, environment and power.","The pressure hatch is cut in the bow tip, the only hull wall of the room without a viewport; the hatch wheel and the red/green state lights either side of it show at a glance whether the outside is safe to open.",5.77,38,7570,5.77,38,7570
3,AL,Airlock & EVA Prep,AL-02,Outer airlock hatch (bow tip),hatch_oval_pressure,hatch,Oval Pressure,wall,1,844,1236,160,"Sealable access to ducts, tanks and compartments.","The pressure hatch is cut in the bow tip, the only hull wall of the room without a viewport; the hatch wheel and the red/green state lights either side of it show at a glance whether the outside is safe to open.",45.4,0.0,1230,45.4,0.0,1230
3,AL,Airlock & EVA Prep,AL-03,Decontamination arch,suitrack_decontamination_arch,suitrack,Decontamination Arch,floor,1,1870,2000,840,Stores and dresses pressure suits and breathing kit.,Every returning EVA crew member walks through the arch to shed dust and radiation contamination before entering the ship; it stands at the mouth of the chamber so it cannot be bypassed; the red/green lights interlock the hatch with the inner door.,337.9,960,67300,337.9,960,67300
3,AL,Airlock & EVA Prep,AL-04,EVA suit lockers and oxygen packs (south wall),locker_wardrobe,locker,Wardrobe,floor,2,1160,2060,687,Secure storage for personal gear and issue equipment.,"Wardrobe lockers hold the hard suits, glove/boot lockers the small items, and the oxygen-pack rack charges four packs. They stand on the south wall in suit-up order so a crew member walks along the row from suit to pack to boots, then north to the arch.",134.3,0.0,4540,268.6,0.0,9080
3,AL,Airlock & EVA Prep,AL-04,EVA suit lockers and oxygen packs (south wall),suitrack_glove_boot_locker,suitrack,Glove Boot Locker,floor,2,1100,1900,515,Stores and dresses pressure suits and breathing kit.,"Wardrobe lockers hold the hard suits, glove/boot lockers the small items, and the oxygen-pack rack charges four packs. They stand on the south wall in suit-up order so a crew member walks along the row from suit to pack to boots, then north to the arch.",116.0,0.0,22600,232.0,0.0,45200
3,AL,Airlock & EVA Prep,AL-04,EVA suit lockers and oxygen packs (south wall),suitrack_oxygen_pack_rack,suitrack,Oxygen Pack Rack,floor,1,1800,1700,600,Stores and dresses pressure suits and breathing kit.,"Wardrobe lockers hold the hard suits, glove/boot lockers the small items, and the oxygen-pack rack charges four packs. They stand on the south wall in suit-up order so a crew member walks along the row from suit to pack to boots, then north to the arch.",204.6,0.0,30500,204.6,0.0,30500
3,AL,Airlock & EVA Prep,AL-05,Suit-up bench,suitrack_suit_up_bench,suitrack,Suit Up Bench,floor,1,2200,1830,545,Stores and dresses pressure suits and breathing kit.,A padded bench facing the lockers lets two crew sit to pull on boots and seal suits; A 0.9 m aisle is kept between it and the locker doors.,215.7,0.0,35200,215.7,0.0,35200
3,AL,Airlock & EVA Prep,AL-06,"Airlock control console and O2 reserve (west wall, south of the door)",console_compact_aux,console,Compact Aux,floor,1,1016,1311,777,Operator station with displays and controls for one ship function.,"The cycle console sits beside the inner door so the EVA supervisor can open and close the pressure door and hatch and read the chamber pressure. Next to it the reserve oxygen rack has a helmet shelf above it, so a helmet and its air are together.",145.0,280,286000,145.0,280,286000
3,AL,Airlock & EVA Prep,AL-06,"Airlock control console and O2 reserve (west wall, south of the door)",cylinder_oxygen_cylinder_rack,cylinder,Oxygen Cylinder Rack,floor,1,1550,1550,531,"Stores compressed or liquefied gases (breathing oxygen, nitrogen) for life support and work.","The cycle console sits beside the inner door so the EVA supervisor can open and close the pressure door and hatch and read the chamber pressure. Next to it the reserve oxygen rack has a helmet shelf above it, so a helmet and its air are together.",607.7,0.0,274000,607.7,0.0,274000
3,AL,Airlock & EVA Prep,AL-06,"Airlock control console and O2 reserve (west wall, south of the door)",suitrack_eva_helmet_rack,suitrack,Eva Helmet Rack,wall,1,1500,915,360,Stores and dresses pressure suits and breathing kit.,"The cycle console sits beside the inner door so the EVA supervisor can open and close the pressure door and hatch and read the chamber pressure. Next to it the reserve oxygen rack has a helmet shelf above it, so a helmet and its air are together.",53.3,0.0,9100,53.3,0.0,9100
3,AL,Airlock & EVA Prep,AL-06,"Airlock control console and O2 reserve (west wall, south of the door)",warnlight_door_state_light,warnlight,Door State Light,wall,1,340,120,75,Signals hazards and machine states.,"The cycle console sits beside the inner door so the EVA supervisor can open and close the pressure door and hatch and read the chamber pressure. Next to it the reserve oxygen rack has a helmet shelf above it, so a helmet and its air are together.",0.33,5.8,139,0.33,5.8,139
3,AL,Airlock & EVA Prep,AL-07,"Tool belts (west wall, north of the door)",suitrack_tool_belt_board,suitrack,Tool Belt Board,wall,1,1200,935,125,Stores and dresses pressure suits and breathing kit.,"Tool belts and tethers hang on the west wall beside the arch, where crew pass them on the way to the chamber.",14.8,0.0,2990,14.8,0.0,2990
3,AL,Airlock & EVA Prep,AL-08,Decontamination shower and first aid (south-east corner),safety_fire_extinguisher,safety,Fire Extinguisher,wall,1,300,735,199,"Fire, first-aid, breach and emergency gear required by regulation.","An emergency shower at the south-east facet serves both decontamination and chemical splashes; the first-aid cabinet and extinguisher are beside it, in view of the bench.",4.26,0.0,869,4.26,0.0,869
3,AL,Airlock & EVA Prep,AL-09,Overhead services and signs,cabletray_ladder_tray,cabletray,Ladder Tray,ceiling,1,2000,170,460,"Carries power and data cables overhead or along walls, protected and accessible.",Air-return duct and cable tray run overhead; an airlock department sign and an emergency-exit sign mark the door and the hatch.,15.5,0.0,467,15.5,0.0,467
3,AL,Airlock & EVA Prep,AL-09,Overhead services and signs,duct_rectangular_duct_run,duct,Rectangular Duct Run,wall,3,2030,480,391,Moves conditioned air to and from the room.,Air-return duct and cable tray run overhead; an airlock department sign and an emergency-exit sign mark the door and the hatch.,29.6,0.0,14600,88.8,0.0,43800
3,AL,Airlock & EVA Prep,AL-09,Overhead services and signs,sign_dept_airlock,sign,Dept Airlock,wall,1,1000,400,66,Wayfinding and hazard marking.,Air-return duct and cable tray run overhead; an airlock department sign and an emergency-exit sign mark the door and the hatch.,1.48,0.0,188,1.48,0.0,188
3,AL,Airlock & EVA Prep,AL-09,Overhead services and signs,sign_hazard_low_oxygen,sign,Hazard Low Oxygen,wall,1,630,400,42,Wayfinding and hazard marking.,Air-return duct and cable tray run overhead; an airlock department sign and an emergency-exit sign mark the door and the hatch.,0.62,0.0,33.5,0.62,0.0,33.5
3,ME,Main Engineering,ME-01,Ceiling lighting,ceilinglight_flush_dome,ceilinglight,Flush Dome,ceiling,2,638,176,638,General lighting sized to the task in the room.,High-output panels at 3.6 m pitch light the aisles evenly; the blue-white colour matches the reactor glow and keeps status lamps legible.,10.2,20,2400,20.4,40,4800
3,ME,Main Engineering,ME-01,Ceiling lighting,ceilinglight_linear_fixture_1_2,ceilinglight,Linear Fixture 1.2,ceiling,3,1250,62,160,General lighting sized to the task in the room.,High-output panels at 3.6 m pitch light the aisles evenly; the blue-white colour matches the reactor glow and keeps status lamps legible.,1.62,12,487,4.86,36,1461
3,ME,Main Engineering,ME-01,Ceiling lighting,ceilinglight_panel_troffer_0_6x1_2,ceilinglight,Panel Troffer 0.6X1.2,ceiling,2,620,98,1260,General lighting sized to the task in the room.,High-output panels at 3.6 m pitch light the aisles evenly; the blue-white colour matches the reactor glow and keeps status lamps legible.,10.6,21,2470,21.2,42,4940
3,ME,Main Engineering,ME-01,Ceiling lighting,ceilinglight_square_panel_1x1,ceilinglight,Square Panel 1X1,ceiling,2,1000,79,1000,General lighting sized to the task in the room.,High-output panels at 3.6 m pitch light the aisles evenly; the blue-white colour matches the reactor glow and keeps status lamps legible.,10.6,18,3360,21.2,36,6720
3,ME,Main Engineering,ME-02,Fusion reactor core,reactor_fusion_core_reactor,reactor,Fusion Core Reactor,floor,1,2524,3040,2524,Main and auxiliary power generation.,"The fusion core is the heart of the room and sits at its middle, so its magnetic coils, conduits and shielding are equidistant from every bank and the plant can be serviced from all four sides. It is 3.0 m tall and fits under the 3.4 m ceiling with room for the overhead trays.",23818,130000,45500000,23818,130000,45500000
3,ME,Main Engineering,ME-03,Reactor guard rail,railing_guard_balusters,railing,Guard Balusters,floor,7,2100,1055,160,Stops falls near drops and hazards.,"A 4.2 m square railing keeps people 0.85 m away from the shielded vessel and marks the exclusion zone; the only opening is a 2.1 m service gate on the west side, facing the entry approach and the consoles, which stays shut while the plant is live.",47.3,0.0,1150,331.1,0.0,8050
3,ME,Main Engineering,ME-04,Reactor control pillar,reactor_reactor_control_pillar,reactor,Reactor Control Pillar,floor,1,952,2430,1090,Main and auxiliary power generation.,"The reactor's local control pillar (scram, coil current, containment readouts) stands just outside the rail at its south-west corner of the entry approach so an engineer can reach it from the consoles and still see the vessel.",3131,1500,2730000,3131,1500,2730000
3,ME,Main Engineering,ME-05,Engineering status consoles,console_damage_control,console,Damage Control,floor,1,1716,1390,907,Operator station with displays and controls for one ship function.,"Three consoles in two groups face west with operators' seats behind them, so the crew watch both their screens and the reactor beyond. The groups are split to leave the 3.5 m wide entry approach between them; consoles stand 1.5 m clear of the rail.",282.3,450,421000,282.3,450,421000
3,ME,Main Engineering,ME-05,Engineering status consoles,console_engineering_status,console,Engineering Status,floor,2,1816,1596,857,Operator station with displays and controls for one ship function.,"Three consoles in two groups face west with operators' seats behind them, so the crew watch both their screens and the reactor beyond. The groups are split to leave the 3.5 m wide entry approach between them; consoles stand 1.5 m clear of the rail.",344.6,490,679000,689.2,980,1358000
3,ME,Main Engineering,ME-05,Engineering status consoles,seat_ops_chair,seat,Ops Chair,floor,3,635,1025,630,Operator chair for console positions.,"Three consoles in two groups face west with operators' seats behind them, so the crew watch both their screens and the reactor beyond. The groups are split to leave the 3.5 m wide entry approach between them; consoles stand 1.5 m clear of the rail.",12.9,0.0,808,38.7,0.0,2424
3,ME,Main Engineering,ME-05,Engineering status consoles,terminal_keyboard,terminal,Keyboard,table,2,420,28,150,Data entry and information access.,"Three consoles in two groups face west with operators' seats behind them, so the crew watch both their screens and the reactor beyond. The groups are split to leave the 3.5 m wide entry approach between them; consoles stand 1.5 m clear of the rail.",0.46,3.6,1070,0.92,7.2,2140
3,ME,Main Engineering,ME-06,Plasma and warp coils (forward wall),coil_helical_plasma_coil,coil,Helical Plasma Coil,floor,2,1100,2345,1094,Generates or channels plasma and field energy for propulsion.,"The plasma leaves the reactor on the forward side, so the injector and warp coils stand on the north wall in the order of the plasma path, each with its discharge tower beside it; the row keeps a 1.2 m service aisle.",2316,740000,1450000,4632,1480000,2900000
3,ME,Main Engineering,ME-06,Plasma and warp coils (forward wall),coil_plasma_manifold,coil,Plasma Manifold,floor,1,1700,1871,700,Generates or channels plasma and field energy for propulsion.,"The plasma leaves the reactor on the forward side, so the injector and warp coils stand on the north wall in the order of the plasma path, each with its discharge tower beside it; the row keeps a 1.2 m service aisle.",1944,320000,1510000,1944,320000,1510000
3,ME,Main Engineering,ME-06,Plasma and warp coils (forward wall),coil_warp_coil_stack,coil,Warp Coil Stack,floor,2,1000,2680,1000,Generates or channels plasma and field energy for propulsion.,"The plasma leaves the reactor on the forward side, so the injector and warp coils stand on the north wall in the order of the plasma path, each with its discharge tower beside it; the row keeps a 1.2 m service aisle.",2481,740000,1730000,4962,1480000,3460000
3,ME,Main Engineering,ME-07,Capacitor banks (outboard wall),capacitor_capacitor_bank_rack,capacitor,Capacitor Bank Rack,floor,2,1100,1960,616,Buffers electrical power so systems ride through peaks and brown-outs.,Energy-storage banks stand on the east wall next to the plasma trunk so the discharge cables stay short; three racks give the buffer for one jump pulse and the aisle behind them is the maintenance walk.,1093,27,1050000,2186,54,2100000
3,ME,Main Engineering,ME-07,Capacitor banks (outboard wall),capacitor_marx_bank,capacitor,Marx Bank,floor,1,900,1879,604,Buffers electrical power so systems ride through peaks and brown-outs.,Energy-storage banks stand on the east wall next to the plasma trunk so the discharge cables stay short; three racks give the buffer for one jump pulse and the aisle behind them is the maintenance walk.,750.6,20,685000,750.6,20,685000
3,ME,Main Engineering,ME-08,Coolant and heat rejection (north-east facets),generator_inverter_cabinet,generator,Inverter Cabinet,floor,1,820,1910,650,Produces and conditions electrical power for the ship.,"Buffer and condenser tanks with the coolant pump take heat off the coils and the turbine loop; they stand on the outboard hull facets, closest to the radiator trunk.",1371,2400,1220000,1371,2400,1220000
3,ME,Main Engineering,ME-08,Coolant and heat rejection (north-east facets),tank_buffer_tank_with_level_tube,tank,Buffer Tank With Level Tube,floor,1,1070,1900,1000,Stores or conditions fluids for ship systems.,"Buffer and condenser tanks with the coolant pump take heat off the coils and the turbine loop; they stand on the outboard hull facets, closest to the radiator trunk.",1263,0.0,561000,1263,0.0,561000
3,ME,Main Engineering,ME-08,Coolant and heat rejection (north-east facets),tank_circulation_pump,tank,Circulation Pump,floor,1,1471,971,680,Stores or conditions fluids for ship systems.,"Buffer and condenser tanks with the coolant pump take heat off the coils and the turbine loop; they stand on the outboard hull facets, closest to the radiator trunk.",563.2,3200,357000,563.2,3200,357000
3,ME,Main Engineering,ME-08,Coolant and heat rejection (north-east facets),tank_condenser,tank,Condenser,floor,1,1388,2440,1000,Stores or conditions fluids for ship systems.,"Buffer and condenser tanks with the coolant pump take heat off the coils and the turbine loop; they stand on the outboard hull facets, closest to the radiator trunk.",2028,3300,912000,2028,3300,912000
3,ME,Main Engineering,ME-09,Turbines and generators (south wall),generator_motor_generator_set,generator,Motor Generator Set,floor,1,2000,970,800,Produces and conditions electrical power for the ship.,"The steam-loop turbine, motor-generator and flywheel convert and smooth the reactor output; rotating plant is kept on the quiet south wall, away from the control stations, with a 1.5 m aisle between it and the rail.",1993,2200,1750000,1993,2200,1750000
3,ME,Main Engineering,ME-09,Turbines and generators (south wall),turbine_flywheel,turbine,Flywheel,floor,1,1500,1660,640,Rotating machinery for power and fluid movement.,"The steam-loop turbine, motor-generator and flywheel convert and smooth the reactor output; rotating plant is kept on the quiet south wall, away from the control stations, with a 1.5 m aisle between it and the rail.",2232,94,2090000,2232,94,2090000
3,ME,Main Engineering,ME-09,Turbines and generators (south wall),turbine_steam_turbine,turbine,Steam Turbine,floor,1,2959,1821,1017,Rotating machinery for power and fluid movement.,"The steam-loop turbine, motor-generator and flywheel convert and smooth the reactor output; rotating plant is kept on the quiet south wall, away from the control stations, with a 1.5 m aisle between it and the rail.",7794,7500,6470000,7794,7500,6470000
3,ME,Main Engineering,ME-10,Tool locker and workstation (south-west),engtool_rolling_toolbox,engtool,Rolling Toolbox,floor,1,820,1130,550,"Tools, carts and test gear for maintenance crews.",A tool locker and a rolling toolbox hold the engineers' own kit for quick repairs; they stand by the door end where tools are taken in and out.,226.5,0.0,163000,226.5,0.0,163000
3,ME,Main Engineering,ME-10,Tool locker and workstation (south-west),locker_double_locker_bank,locker,Double Locker Bank,floor,1,1040,1850,557,Secure storage for personal gear and issue equipment.,A tool locker and a rolling toolbox hold the engineers' own kit for quick repairs; they stand by the door end where tools are taken in and out.,91.3,0.0,3540,91.3,0.0,3540
3,ME,Main Engineering,ME-11,"Wall junctions, breakers and displays",display_power_board,display,Power Board,wall,1,1400,900,116,"Shows status, plans and sensor data to people in the room.",Breaker panels and bus-bar risers on the west wall distribute the reactor's auxiliary supply; a schematic board and power board let the watch see load and coil status at a glance from any seat.,10.3,80,17800,10.3,80,17800
3,ME,Main Engineering,ME-11,"Wall junctions, breakers and displays",display_schematics_wall,display,Schematics Wall,wall,1,2500,1635,160,"Shows status, plans and sensor data to people in the room.",Breaker panels and bus-bar risers on the west wall distribute the reactor's auxiliary supply; a schematic board and power board let the watch see load and coil status at a glance from any seat.,44.1,260,78500,44.1,260,78500
3,ME,Main Engineering,ME-11,"Wall junctions, breakers and displays",junction_breaker_panel,junction,Breaker Panel,wall,1,600,900,183,Distributes and protects power and data circuits.,Breaker panels and bus-bar risers on the west wall distribute the reactor's auxiliary supply; a schematic board and power board let the watch see load and coil status at a glance from any seat.,26.8,14,24500,26.8,14,24500
3,ME,Main Engineering,ME-11,"Wall junctions, breakers and displays",junction_bus_bar_riser,junction,Bus Bar Riser,wall,1,500,2000,150,Distributes and protects power and data circuits.,Breaker panels and bus-bar risers on the west wall distribute the reactor's auxiliary supply; a schematic board and power board let the watch see load and coil status at a glance from any seat.,36.0,20,35600,36.0,20,35600
3,ME,Main Engineering,ME-11,"Wall junctions, breakers and displays",junction_meter_panel,junction,Meter Panel,wall,1,900,550,129,Distributes and protects power and data circuits.,Breaker panels and bus-bar risers on the west wall distribute the reactor's auxiliary supply; a schematic board and power board let the watch see load and coil status at a glance from any seat.,17.9,11,23800,17.9,11,23800
3,ME,Main Engineering,ME-12,"Overhead trays, pipes and ducts",cabletray_ladder_tray,cabletray,Ladder Tray,ceiling,4,2000,170,460,"Carries power and data cables overhead or along walls, protected and accessible.","Cable trays leave the reactor head towards the banks, and coolant pipes and a ventilation duct run beside them; all are overhead so the floor is free for the aisles.",15.5,0.0,467,62.0,0.0,1868
3,ME,Main Engineering,ME-12,"Overhead trays, pipes and ducts",pipe_ceiling_flanged_twin,pipe,Ceiling Flanged Twin,ceiling,4,2000,238,380,"Carries water, coolant or gas.","Cable trays leave the reactor head towards the banks, and coolant pipes and a ventilation duct run beside them; all are overhead so the floor is free for the aisles.",26.7,0.0,1020,106.8,0.0,4080
3,ME,Main Engineering,ME-12,"Overhead trays, pipes and ducts",pipe_ceiling_insulated_pair,pipe,Ceiling Insulated Pair,ceiling,3,2015,250,400,"Carries water, coolant or gas.","Cable trays leave the reactor head towards the banks, and coolant pipes and a ventilation duct run beside them; all are overhead so the floor is free for the aisles.",28.0,0.0,721,84.0,0.0,2163
3,ME,Main Engineering,ME-13,Radiation and fire safety,safety_eye_wash_station,safety,Eye Wash Station,wall,1,700,700,480,"Fire, first-aid, breach and emergency gear required by regulation.","A radiation shelter panel by the door, eye-wash beside the breaker panels, extinguishers at both ends of the room and radiation / high-voltage signs on the rail and the coil bank - the usual marks of a power plant.",22.5,0.0,4500,22.5,0.0,4500
3,ME,Main Engineering,ME-13,Radiation and fire safety,safety_fire_extinguisher,safety,Fire Extinguisher,wall,2,300,735,199,"Fire, first-aid, breach and emergency gear required by regulation.","A radiation shelter panel by the door, eye-wash beside the breaker panels, extinguishers at both ends of the room and radiation / high-voltage signs on the rail and the coil bank - the usual marks of a power plant.",4.26,0.0,869,8.52,0.0,1738
3,ME,Main Engineering,ME-13,Radiation and fire safety,safety_radiation_shelter_panel,safety,Radiation Shelter Panel,wall,1,1300,1000,95,"Fire, first-aid, breach and emergency gear required by regulation.","A radiation shelter panel by the door, eye-wash beside the breaker panels, extinguishers at both ends of the room and radiation / high-voltage signs on the rail and the coil bank - the usual marks of a power plant.",11.3,0.0,1800,11.3,0.0,1800
3,ME,Main Engineering,ME-13,Radiation and fire safety,sign_emergency_exit,sign,Emergency Exit,wall,1,560,240,84,Wayfinding and hazard marking.,"A radiation shelter panel by the door, eye-wash beside the breaker panels, extinguishers at both ends of the room and radiation / high-voltage signs on the rail and the coil bank - the usual marks of a power plant.",0.63,0.0,44.2,0.63,0.0,44.2
3,ME,Main Engineering,ME-13,Radiation and fire safety,sign_hazard_high_voltage,sign,Hazard High Voltage,wall,1,620,587,38,Wayfinding and hazard marking.,"A radiation shelter panel by the door, eye-wash beside the breaker panels, extinguishers at both ends of the room and radiation / high-voltage signs on the rail and the coil bank - the usual marks of a power plant.",0.77,0.0,35.5,0.77,0.0,35.5
3,ME,Main Engineering,ME-13,Radiation and fire safety,sign_hazard_radiation,sign,Hazard Radiation,wall,1,638,638,43,Wayfinding and hazard marking.,"A radiation shelter panel by the door, eye-wash beside the breaker panels, extinguishers at both ends of the room and radiation / high-voltage signs on the rail and the coil bank - the usual marks of a power plant.",1.05,0.0,188,1.05,0.0,188
3,WS,Engineering Workshop,WS-01,Ceiling lighting,ceilinglight_flush_dome,ceilinglight,Flush Dome,ceiling,1,638,176,638,General lighting sized to the task in the room.,Warm-white panels at 3.3 m pitch give 500 lux for precision work; extra task light comes from the bench tool boards.,10.2,20,2400,10.2,20,2400
3,WS,Engineering Workshop,WS-01,Ceiling lighting,ceilinglight_linear_fixture_1_2,ceilinglight,Linear Fixture 1.2,ceiling,1,1250,62,160,General lighting sized to the task in the room.,Warm-white panels at 3.3 m pitch give 500 lux for precision work; extra task light comes from the bench tool boards.,1.62,12,487,1.62,12,487
3,WS,Engineering Workshop,WS-01,Ceiling lighting,ceilinglight_panel_troffer_0_6x1_2,ceilinglight,Panel Troffer 0.6X1.2,ceiling,2,620,98,1260,General lighting sized to the task in the room.,Warm-white panels at 3.3 m pitch give 500 lux for precision work; extra task light comes from the bench tool boards.,10.6,21,2470,21.2,42,4940
3,WS,Engineering Workshop,WS-01,Ceiling lighting,ceilinglight_square_panel_1x1,ceilinglight,Square Panel 1X1,ceiling,2,1000,79,1000,General lighting sized to the task in the room.,Warm-white panels at 3.3 m pitch give 500 lux for precision work; extra task light comes from the bench tool boards.,10.6,18,3360,21.2,36,6720
3,WS,Engineering Workshop,WS-02,Work benches with vises (north wall),engtool_hand_tool_set,engtool,Hand Tool Set,table,2,520,90,353,"Tools, carts and test gear for maintenance crews.",Three fixed benches along the quiet north wall give one station per engineer; each has its own vise and a tool board above so a tool is never further than an arm's length. They stand against the wall so the 1.9 m floor in front is free for the work.,6.44,0.0,4140,12.88,0.0,8280
3,WS,Engineering Workshop,WS-02,Work benches with vises (north wall),engtool_tool_rack,engtool,Tool Rack,wall,1,1400,1045,160,"Tools, carts and test gear for maintenance crews.",Three fixed benches along the quiet north wall give one station per engineer; each has its own vise and a tool board above so a tool is never further than an arm's length. They stand against the wall so the 1.9 m floor in front is free for the work.,113.2,0.0,69600,113.2,0.0,69600
3,WS,Engineering Workshop,WS-02,Work benches with vises (north wall),engtool_tool_wall_board,engtool,Tool Wall Board,wall,2,1710,1060,120,"Tools, carts and test gear for maintenance crews.",Three fixed benches along the quiet north wall give one station per engineer; each has its own vise and a tool board above so a tool is never further than an arm's length. They stand against the wall so the 1.9 m floor in front is free for the work.,90.8,0.0,60900,181.6,0.0,121800
3,WS,Engineering Workshop,WS-02,Work benches with vises (north wall),engtool_work_bench_with_vise,engtool,Work Bench With Vise,floor,2,1800,1180,1057,"Tools, carts and test gear for maintenance crews.",Three fixed benches along the quiet north wall give one station per engineer; each has its own vise and a tool board above so a tool is never further than an arm's length. They stand against the wall so the 1.9 m floor in front is free for the work.,911.6,0.0,519000,1823.2,0.0,1038000
3,WS,Engineering Workshop,WS-02,Work benches with vises (north wall),hangartool_avionics_bench,hangartool,Avionics Bench,floor,1,2020,1850,820,"Servicing, fuelling, launch and safety gear for craft.",Three fixed benches along the quiet north wall give one station per engineer; each has its own vise and a tool board above so a tool is never further than an arm's length. They stand against the wall so the 1.9 m floor in front is free for the work.,542.6,0.0,98600,542.6,0.0,98600
3,WS,Engineering Workshop,WS-02,Work benches with vises (north wall),toolbox_tabletop_toolbox,toolbox,Tabletop Toolbox,table,2,480,300,260,Portable hand tools.,Three fixed benches along the quiet north wall give one station per engineer; each has its own vise and a tool board above so a tool is never further than an arm's length. They stand against the wall so the 1.9 m floor in front is free for the work.,11.0,0.0,7610,22.0,0.0,15220
3,WS,Engineering Workshop,WS-03,Central work island and hoist,engtool_chain_hoist_gantry,engtool,Chain Hoist Gantry,floor,1,1800,2360,900,"Tools, carts and test gear for maintenance crews.",A free-standing bench in the middle takes jobs too big for the wall stations; a chain-hoist gantry beside the south aisle lifts pumps and engine parts on to it. Both sit off the door axis so the 2 m main route stays open.,1568,0.0,833000,1568,0.0,833000
3,WS,Engineering Workshop,WS-03,Central work island and hoist,engtool_creeper_board,engtool,Creeper Board,floor,1,500,215,1050,"Tools, carts and test gear for maintenance crews.",A free-standing bench in the middle takes jobs too big for the wall stations; a chain-hoist gantry beside the south aisle lifts pumps and engine parts on to it. Both sit off the door axis so the 2 m main route stays open.,49.6,0.0,25000,49.6,0.0,25000
3,WS,Engineering Workshop,WS-03,Central work island and hoist,engtool_rolling_toolbox,engtool,Rolling Toolbox,floor,2,820,1130,550,"Tools, carts and test gear for maintenance crews.",A free-standing bench in the middle takes jobs too big for the wall stations; a chain-hoist gantry beside the south aisle lifts pumps and engine parts on to it. Both sit off the door axis so the 2 m main route stays open.,226.5,0.0,163000,453.0,0.0,326000
3,WS,Engineering Workshop,WS-03,Central work island and hoist,engtool_work_bench_with_vise,engtool,Work Bench With Vise,floor,1,1800,1180,1057,"Tools, carts and test gear for maintenance crews.",A free-standing bench in the middle takes jobs too big for the wall stations; a chain-hoist gantry beside the south aisle lifts pumps and engine parts on to it. Both sit off the door axis so the 2 m main route stays open.,911.6,0.0,519000,911.6,0.0,519000
3,WS,Engineering Workshop,WS-04,Welding bay (west wall),barrel_gas_cylinder_rack,barrel,Gas Cylinder Rack,floor,1,910,1350,610,"Bulk storage of fluids, chemicals and gases, secured upright so leaks stay contained.","Welding and cutting are at the hull end of the room with the extraction duct overhead; the rig, torch cart and gas racks are together so the gas hoses are short, and the racks stand against the wall secured, never loose on the floor.",30.5,0.0,3210,30.5,0.0,3210
3,WS,Engineering Workshop,WS-04,Welding bay (west wall),cylinder_nitrogen_cylinder_trio,cylinder,Nitrogen Cylinder Trio,floor,1,1000,1950,700,"Stores compressed or liquefied gases (breathing oxygen, nitrogen) for life support and work.","Welding and cutting are at the hull end of the room with the extraction duct overhead; the rig, torch cart and gas racks are together so the gas hoses are short, and the racks stand against the wall secured, never loose on the floor.",588.4,0.0,266000,588.4,0.0,266000
3,WS,Engineering Workshop,WS-04,Welding bay (west wall),engtool_oxy_torch_cart,engtool,Oxy Torch Cart,floor,1,902,1360,607,"Tools, carts and test gear for maintenance crews.","Welding and cutting are at the hull end of the room with the extraction duct overhead; the rig, torch cart and gas racks are together so the gas hoses are short, and the racks stand against the wall secured, never loose on the floor.",322.1,0.0,231000,322.1,0.0,231000
3,WS,Engineering Workshop,WS-04,Welding bay (west wall),engtool_welding_rig,engtool,Welding Rig,floor,1,1316,1440,635,"Tools, carts and test gear for maintenance crews.","Welding and cutting are at the hull end of the room with the extraction duct overhead; the rig, torch cart and gas racks are together so the gas hoses are short, and the racks stand against the wall secured, never loose on the floor.",507.5,0.0,326000,507.5,0.0,326000
3,WS,Engineering Workshop,WS-04,Welding bay (west wall),safety_fire_blanket_box,safety,Fire Blanket Box,wall,1,280,390,120,"Fire, first-aid, breach and emergency gear required by regulation.","Welding and cutting are at the hull end of the room with the extraction duct overhead; the rig, torch cart and gas racks are together so the gas hoses are short, and the racks stand against the wall secured, never loose on the floor.",1.18,0.0,235,1.18,0.0,235
3,WS,Engineering Workshop,WS-04,Welding bay (west wall),sign_hazard_high_voltage,sign,Hazard High Voltage,wall,1,620,587,38,Wayfinding and hazard marking.,"Welding and cutting are at the hull end of the room with the extraction duct overhead; the rig, torch cart and gas racks are together so the gas hoses are short, and the racks stand against the wall secured, never loose on the floor.",0.77,0.0,35.5,0.77,0.0,35.5
3,WS,Engineering Workshop,WS-05,Parts shelving (south wall),hangartool_air_compressor,hangartool,Air Compressor,floor,1,1400,1493,900,"Servicing, fuelling, launch and safety gear for craft.","Bins, pigeonholes and heavy-duty racking hold fasteners, seals and small assemblies; they are on the south wall next to the cargo bay, and a PPE locker beside them holds gloves, goggles and aprons.",403.2,0.0,81500,403.2,0.0,81500
3,WS,Engineering Workshop,WS-05,Parts shelving (south wall),locker_double_locker_bank,locker,Double Locker Bank,floor,1,1040,1850,557,Secure storage for personal gear and issue equipment.,"Bins, pigeonholes and heavy-duty racking hold fasteners, seals and small assemblies; they are on the south wall next to the cargo bay, and a PPE locker beside them holds gloves, goggles and aprons.",91.3,0.0,3540,91.3,0.0,3540
3,WS,Engineering Workshop,WS-05,Parts shelving (south wall),shelving_heavy_boxes,shelving,Heavy Boxes,floor,1,2240,2300,690,"Open storage for parts, stores and gear.","Bins, pigeonholes and heavy-duty racking hold fasteners, seals and small assemblies; they are on the south wall next to the cargo bay, and a PPE locker beside them holds gloves, goggles and aprons.",269.2,0.0,27500,269.2,0.0,27500
3,WS,Engineering Workshop,WS-05,Parts shelving (south wall),shelving_parts_bins_rack,shelving,Parts Bins Rack,floor,2,1640,2000,540,"Open storage for parts, stores and gear.","Bins, pigeonholes and heavy-duty racking hold fasteners, seals and small assemblies; they are on the south wall next to the cargo bay, and a PPE locker beside them holds gloves, goggles and aprons.",134.2,0.0,11800,268.4,0.0,23600
3,WS,Engineering Workshop,WS-06,Work-order desk (east wall),chair_swivel_office_chair,chair,Swivel Office Chair,floor,1,623,1125,625,Seating for desks and tables.,Engineers book jobs and look up procedures at a desk and terminal by the door; the cork board above holds the job cards.,8.48,0.0,459,8.48,0.0,459
3,WS,Engineering Workshop,WS-06,Work-order desk (east wall),desk_workstation,desk,Workstation,floor,1,1607,1222,750,Work surface for paperwork and terminals.,Engineers book jobs and look up procedures at a desk and terminal by the door; the cork board above holds the job cards.,41.0,0.0,1560,41.0,0.0,1560
3,WS,Engineering Workshop,WS-06,Work-order desk (east wall),noticeboard_cork_bulletin_board,noticeboard,Cork Bulletin Board,wall,1,1200,908,80,Duty rosters and notices.,Engineers book jobs and look up procedures at a desk and terminal by the door; the cork board above holds the job cards.,5.39,43,8920,5.39,43,8920
3,WS,Engineering Workshop,WS-06,Work-order desk (east wall),terminal_desk_terminal,terminal,Desk Terminal,table,1,370,403,265,Data entry and information access.,Engineers book jobs and look up procedures at a desk and terminal by the door; the cork board above holds the job cards.,9.45,18,12600,9.45,18,12600
3,WS,Engineering Workshop,WS-06,Work-order desk (east wall),terminal_keyboard,terminal,Keyboard,table,1,420,28,150,Data entry and information access.,Engineers book jobs and look up procedures at a desk and terminal by the door; the cork board above holds the job cards.,0.46,3.6,1070,0.46,3.6,1070
3,WS,Engineering Workshop,WS-07,Safety equipment,safety_eye_wash_station,safety,Eye Wash Station,wall,1,700,700,480,"Fire, first-aid, breach and emergency gear required by regulation.","Eye wash and extinguishers by the door and at the benches: the two hazards are splashes (degreaser, coolant) and fire (welding).",22.5,0.0,4500,22.5,0.0,4500
3,WS,Engineering Workshop,WS-07,Safety equipment,safety_fire_extinguisher,safety,Fire Extinguisher,wall,2,300,735,199,"Fire, first-aid, breach and emergency gear required by regulation.","Eye wash and extinguishers by the door and at the benches: the two hazards are splashes (degreaser, coolant) and fire (welding).",4.26,0.0,869,8.52,0.0,1738
3,WS,Engineering Workshop,WS-07,Safety equipment,safety_first_aid_cabinet,safety,First Aid Cabinet,wall,1,420,520,205,"Fire, first-aid, breach and emergency gear required by regulation.","Eye wash and extinguishers by the door and at the benches: the two hazards are splashes (degreaser, coolant) and fire (welding).",4.13,0.0,666,4.13,0.0,666
3,WS,Engineering Workshop,WS-07,Safety equipment,sign_emergency_exit,sign,Emergency Exit,wall,1,560,240,84,Wayfinding and hazard marking.,"Eye wash and extinguishers by the door and at the benches: the two hazards are splashes (degreaser, coolant) and fire (welding).",0.63,0.0,44.2,0.63,0.0,44.2
3,WS,Engineering Workshop,WS-08,"Overhead extraction, pipes and trays",cabletray_ladder_tray,cabletray,Ladder Tray,ceiling,5,2000,170,460,"Carries power and data cables overhead or along walls, protected and accessible.",A fume extraction duct runs over the welding bay and along the benches; compressed-air pipe and a cable tray follow it so outlets can drop to each station.,15.5,0.0,467,77.5,0.0,2335
3,WS,Engineering Workshop,WS-08,"Overhead extraction, pipes and trays",duct_rectangular_duct_run,duct,Rectangular Duct Run,wall,5,2030,480,391,Moves conditioned air to and from the room.,A fume extraction duct runs over the welding bay and along the benches; compressed-air pipe and a cable tray follow it so outlets can drop to each station.,29.6,0.0,14600,148.0,0.0,73000
3,WS,Engineering Workshop,WS-08,"Overhead extraction, pipes and trays",pipe_ceiling_hanger_run,pipe,Ceiling Hanger Run,ceiling,5,2000,314,222,"Carries water, coolant or gas.",A fume extraction duct runs over the welding bay and along the benches; compressed-air pipe and a cable tray follow it so outlets can drop to each station.,22.0,0.0,764,110.0,0.0,3820
3,CB,Cargo Bay,CB-01,Ceiling lighting,ceilinglight_flush_dome,ceilinglight,Flush Dome,ceiling,1,638,176,638,General lighting sized to the task in the room.,Bright panels (300 lux) along the lanes so labels and hazard marks can be read at forklift speed.,10.2,20,2400,10.2,20,2400
3,CB,Cargo Bay,CB-01,Ceiling lighting,ceilinglight_linear_fixture_1_2,ceilinglight,Linear Fixture 1.2,ceiling,1,1250,62,160,General lighting sized to the task in the room.,Bright panels (300 lux) along the lanes so labels and hazard marks can be read at forklift speed.,1.62,12,487,1.62,12,487
3,CB,Cargo Bay,CB-01,Ceiling lighting,ceilinglight_square_panel_1x1,ceilinglight,Square Panel 1X1,ceiling,1,1000,79,1000,General lighting sized to the task in the room.,Bright panels (300 lux) along the lanes so labels and hazard marks can be read at forklift speed.,10.6,18,3360,10.6,18,3360
3,CB,Cargo Bay,CB-02,Pallet racking (north wall),pallet_rack_bay_low_wire,pallet,Rack Bay Low Wire,floor,1,2760,3200,1180,Unit load for forklift handling.,"Low-bay racking on the north wall stores pallets three high-ish in the least-used wall space, out of the forklift lanes; the rack near the door holds the fast-moving items, the west rack the slow stock.",385.8,0.0,43000,385.8,0.0,43000
3,CB,Cargo Bay,CB-02,Pallet racking (north wall),shelving_heavy_boxes,shelving,Heavy Boxes,floor,1,2240,2300,690,"Open storage for parts, stores and gear.","Low-bay racking on the north wall stores pallets three high-ish in the least-used wall space, out of the forklift lanes; the rack near the door holds the fast-moving items, the west rack the slow stock.",269.2,0.0,27500,269.2,0.0,27500
3,CB,Cargo Bay,CB-03,Marked pallet bays (west),pallet_crates_banded,pallet,Crates Banded,floor,1,1250,1105,1050,Unit load for forklift handling.,"Loaded pallets stand in marked 1.25 x 1.05 m bays north-west of the lane, with 0.9 m walking aisle in front of the racking; each bay has its floor stencil so the forklift driver can see at a glance whether a bay is free.",50.9,0.0,5730,50.9,0.0,5730
3,CB,Cargo Bay,CB-03,Marked pallet bays (west),pallet_drums_banded,pallet,Drums Banded,floor,1,1250,1029,1090,Unit load for forklift handling.,"Loaded pallets stand in marked 1.25 x 1.05 m bays north-west of the lane, with 0.9 m walking aisle in front of the racking; each bay has its floor stencil so the forklift driver can see at a glance whether a bay is free.",49.7,0.0,4700,49.7,0.0,4700
3,CB,Cargo Bay,CB-03,Marked pallet bays (west),sign_dept_cargo,sign,Dept Cargo,wall,1,1000,400,52,Wayfinding and hazard marking.,"Loaded pallets stand in marked 1.25 x 1.05 m bays north-west of the lane, with 0.9 m walking aisle in front of the racking; each bay has its floor stencil so the forklift driver can see at a glance whether a bay is free.",1.16,0.0,90.0,1.16,0.0,90.0
3,CB,Cargo Bay,CB-03,Marked pallet bays (west),sign_floor_marking,sign,Floor Marking,floor,1,1700,16,500,Wayfinding and hazard marking.,"Loaded pallets stand in marked 1.25 x 1.05 m bays north-west of the lane, with 0.9 m walking aisle in front of the racking; each bay has its floor stencil so the forklift driver can see at a glance whether a bay is free.",0.74,0.0,45.6,0.74,0.0,45.6
3,CB,Cargo Bay,CB-04,Pallet bays (south-west) and boxed stock,pallet_boxes_layered,pallet,Boxes Layered,floor,1,1240,1106,1030,Unit load for forklift handling.,A second pair of bays stands against the south wall beside the hangar opening so freight from the hangar is only a few metres from its first bay; the remaining 4 m of opening is the lane.,52.0,0.0,4320,52.0,0.0,4320
3,CB,Cargo Bay,CB-04,Pallet bays (south-west) and boxed stock,pallet_wrapped_stack,pallet,Wrapped Stack,floor,1,1240,1364,1052,Unit load for forklift handling.,A second pair of bays stands against the south wall beside the hangar opening so freight from the hangar is only a few metres from its first bay; the remaining 4 m of opening is the lane.,64.9,0.0,7360,64.9,0.0,7360
3,CB,Cargo Bay,CB-05,Forklift and pallet jack (south-east),loader_hand_pallet_jack,loader,Hand Pallet Jack,floor,1,800,1141,1437,Moves pallets and containers without crew strain.,"The platform forklift is parked next to the door so it is ready for the depot run, nose out; the hand jack covers short moves inside the bays. Both park clear of the lanes and the door.",205.7,530,36500,205.7,530,36500
3,CB,Cargo Bay,CB-05,Forklift and pallet jack (south-east),loader_platform_forklift,loader,Platform Forklift,floor,1,1212,2095,2808,Moves pallets and containers without crew strain.,"The platform forklift is parked next to the door so it is ready for the depot run, nose out; the hand jack covers short moves inside the bays. Both park clear of the lanes and the door.",1340,2100,214000,1340,2100,214000
3,CB,Cargo Bay,CB-06,Cargo console and manifest desk (south-east corner),console_transporter_control,console,Transporter Control,floor,1,1516,1510,954,Operator station with displays and controls for one ship function.,"The cargo clerk logs every pallet in and out at a console beside the door, where the clerk sees the hangar lane, the door and the bays; a scanner terminal on the top reads pallet tags.",277.9,400,391000,277.9,400,391000
3,CB,Cargo Bay,CB-06,Cargo console and manifest desk (south-east corner),seat_ops_chair,seat,Ops Chair,floor,1,635,1025,630,Operator chair for console positions.,"The cargo clerk logs every pallet in and out at a console beside the door, where the clerk sees the hangar lane, the door and the bays; a scanner terminal on the top reads pallet tags.",12.9,0.0,808,12.9,0.0,808
3,CB,Cargo Bay,CB-06,Cargo console and manifest desk (south-east corner),terminal_desk_terminal,terminal,Desk Terminal,table,1,370,403,265,Data entry and information access.,"The cargo clerk logs every pallet in and out at a console beside the door, where the clerk sees the hangar lane, the door and the bays; a scanner terminal on the top reads pallet tags.",9.45,18,12600,9.45,18,12600
3,CB,Cargo Bay,CB-07,Cylinder rack and east-wall shelving,cylinder_oxygen_cylinder_rack,cylinder,Oxygen Cylinder Rack,floor,1,1550,1550,531,"Stores compressed or liquefied gases (breathing oxygen, nitrogen) for life support and work.",Gas cylinders are chained in a rack by the door where the forklift and the fire party can reach them quickly; parts and packing materials are on the shelving beside the rack.,607.7,0.0,274000,607.7,0.0,274000
3,CB,Cargo Bay,CB-08,Hazardous goods storage (south-west hull),barrel_chemical_drum_hazard,barrel,Chemical Drum Hazard,floor,2,604,935,604,"Bulk storage of fluids, chemicals and gases, secured upright so leaks stay contained.","Chemicals, fuels and biological samples are segregated in the hull corner furthest from the door: hazmat cabinets on the hull wall, a drum and a spill kit in a taped bay, hazard signs on the walls.",13.9,0.0,1460,27.8,0.0,2920
3,CB,Cargo Bay,CB-08,Hazardous goods storage (south-west hull),safety_hazmat_cabinet,safety,Hazmat Cabinet,floor,2,900,2000,575,"Fire, first-aid, breach and emergency gear required by regulation.","Chemicals, fuels and biological samples are segregated in the hull corner furthest from the door: hazmat cabinets on the hull wall, a drum and a spill kit in a taped bay, hazard signs on the walls.",96.1,0.0,20400,192.2,0.0,40800
3,CB,Cargo Bay,CB-08,Hazardous goods storage (south-west hull),safety_spill_kit_bin,safety,Spill Kit Bin,floor,1,640,1113,630,"Fire, first-aid, breach and emergency gear required by regulation.","Chemicals, fuels and biological samples are segregated in the hull corner furthest from the door: hazmat cabinets on the hull wall, a drum and a spill kit in a taped bay, hazard signs on the walls.",42.0,0.0,8030,42.0,0.0,8030
3,CB,Cargo Bay,CB-08,Hazardous goods storage (south-west hull),sign_hazard_biohazard,sign,Hazard Biohazard,wall,1,600,600,61,Wayfinding and hazard marking.,"Chemicals, fuels and biological samples are segregated in the hull corner furthest from the door: hazmat cabinets on the hull wall, a drum and a spill kit in a taped bay, hazard signs on the walls.",1.21,0.0,212,1.21,0.0,212
3,CB,Cargo Bay,CB-09,Safety,safety_fire_extinguisher,safety,Fire Extinguisher,wall,2,300,735,199,"Fire, first-aid, breach and emergency gear required by regulation.","Extinguishers at the door and on the north wall, and an eye wash near the hazmat cabinets.",4.26,0.0,869,8.52,0.0,1738
3,CB,Cargo Bay,CB-09,Safety,sign_emergency_exit,sign,Emergency Exit,wall,1,560,240,84,Wayfinding and hazard marking.,"Extinguishers at the door and on the north wall, and an eye wash near the hazmat cabinets.",0.63,0.0,44.2,0.63,0.0,44.2
3,CB,Cargo Bay,CB-10,Overhead services,cabletray_ladder_tray,cabletray,Ladder Tray,ceiling,5,2000,170,460,"Carries power and data cables overhead or along walls, protected and accessible.",Sprinkler lines and cable tray run along the lanes overhead.,15.5,0.0,467,77.5,0.0,2335
3,CB,Cargo Bay,CB-10,Overhead services,pipe_ceiling_hanger_run,pipe,Ceiling Hanger Run,ceiling,5,2000,314,222,"Carries water, coolant or gas.",Sprinkler lines and cable tray run along the lanes overhead.,22.0,0.0,764,110.0,0.0,3820
3,PD,Power Distribution,PD-01,Ceiling lighting,ceilinglight_flush_dome,ceilinglight,Flush Dome,ceiling,1,638,176,638,General lighting sized to the task in the room.,Panels over the aisles light the cabinet fronts (300 lux) without reflecting in the meter glass.,10.2,20,2400,10.2,20,2400
3,PD,Power Distribution,PD-01,Ceiling lighting,ceilinglight_linear_fixture_1_2,ceilinglight,Linear Fixture 1.2,ceiling,2,1250,62,160,General lighting sized to the task in the room.,Panels over the aisles light the cabinet fronts (300 lux) without reflecting in the meter glass.,1.62,12,487,3.24,24,974
3,PD,Power Distribution,PD-01,Ceiling lighting,ceilinglight_panel_troffer_0_6x1_2,ceilinglight,Panel Troffer 0.6X1.2,ceiling,2,620,98,1260,General lighting sized to the task in the room.,Panels over the aisles light the cabinet fronts (300 lux) without reflecting in the meter glass.,10.6,21,2470,21.2,42,4940
3,PD,Power Distribution,PD-01,Ceiling lighting,ceilinglight_square_panel_1x1,ceilinglight,Square Panel 1X1,ceiling,1,1000,79,1000,General lighting sized to the task in the room.,Panels over the aisles light the cabinet fronts (300 lux) without reflecting in the meter glass.,10.6,18,3360,10.6,18,3360
3,PD,Power Distribution,PD-02,Transformers and conditioning (north wall),coil_discharge_coil_tower,coil,Discharge Coil Tower,floor,1,1099,1940,1117,Generates or channels plasma and field energy for propulsion.,"Step-down transformers, rectifier and inverter cabinets stand on the north wall nearest the trunk from Engineering, in the order the power flows: distribution cabinet, two pad transformers, regulator, rectifier, inverter, then the discharge coil that protects the bus against surges. Fronts face the 1.4 m aisle.",2355,370000,1640000,2355,370000,1640000
3,PD,Power Distribution,PD-02,Transformers and conditioning (north wall),generator_inverter_cabinet,generator,Inverter Cabinet,floor,1,820,1910,650,Produces and conditions electrical power for the ship.,"Step-down transformers, rectifier and inverter cabinets stand on the north wall nearest the trunk from Engineering, in the order the power flows: distribution cabinet, two pad transformers, regulator, rectifier, inverter, then the discharge coil that protects the bus against surges. Fronts face the 1.4 m aisle.",1371,2400,1220000,1371,2400,1220000
3,PD,Power Distribution,PD-02,Transformers and conditioning (north wall),generator_pad_transformer,generator,Pad Transformer,floor,2,1690,1390,900,Produces and conditions electrical power for the ship.,"Step-down transformers, rectifier and inverter cabinets stand on the north wall nearest the trunk from Engineering, in the order the power flows: distribution cabinet, two pad transformers, regulator, rectifier, inverter, then the discharge coil that protects the bus against surges. Fronts face the 1.4 m aisle.",2775,5100,2190000,5550,10200,4380000
3,PD,Power Distribution,PD-02,Transformers and conditioning (north wall),generator_power_distribution_cabinet,generator,Power Distribution Cabinet,floor,1,1120,2010,570,Produces and conditions electrical power for the ship.,"Step-down transformers, rectifier and inverter cabinets stand on the north wall nearest the trunk from Engineering, in the order the power flows: distribution cabinet, two pad transformers, regulator, rectifier, inverter, then the discharge coil that protects the bus against surges. Fronts face the 1.4 m aisle.",1615,3100,1670000,1615,3100,1670000
3,PD,Power Distribution,PD-02,Transformers and conditioning (north wall),generator_rectifier_cabinet,generator,Rectifier Cabinet,floor,1,920,2110,705,Produces and conditions electrical power for the ship.,"Step-down transformers, rectifier and inverter cabinets stand on the north wall nearest the trunk from Engineering, in the order the power flows: distribution cabinet, two pad transformers, regulator, rectifier, inverter, then the discharge coil that protects the bus against surges. Fronts face the 1.4 m aisle.",1749,3300,1620000,1749,3300,1620000
3,PD,Power Distribution,PD-02,Transformers and conditioning (north wall),generator_regulator_tower,generator,Regulator Tower,floor,1,840,2520,840,Produces and conditions electrical power for the ship.,"Step-down transformers, rectifier and inverter cabinets stand on the north wall nearest the trunk from Engineering, in the order the power flows: distribution cabinet, two pad transformers, regulator, rectifier, inverter, then the discharge coil that protects the bus against surges. Fronts face the 1.4 m aisle.",2464,4300,2490000,2464,4300,2490000
3,PD,Power Distribution,PD-03,"Capacitor banks (middle row, north face)",capacitor_capacitor_bank_rack,capacitor,Capacitor Bank Rack,floor,3,1100,1960,616,Buffers electrical power so systems ride through peaks and brown-outs.,Capacitor and Marx banks buffer the load swings of the ship's systems; they form the north half of the middle double row so a technician can reach their fronts from the aisle beside the transformers.,1093,27,1050000,3279,81,3150000
3,PD,Power Distribution,PD-03,"Capacitor banks (middle row, north face)",capacitor_marx_bank,capacitor,Marx Bank,floor,2,900,1879,604,Buffers electrical power so systems ride through peaks and brown-outs.,Capacitor and Marx banks buffer the load swings of the ship's systems; they form the north half of the middle double row so a technician can reach their fronts from the aisle beside the transformers.,750.6,20,685000,1501.2,40,1370000
3,PD,Power Distribution,PD-03,"Capacitor banks (middle row, north face)",capacitor_power_cell_locker,capacitor,Power Cell Locker,floor,1,920,1910,555,Buffers electrical power so systems ride through peaks and brown-outs.,Capacitor and Marx banks buffer the load swings of the ship's systems; they form the north half of the middle double row so a technician can reach their fronts from the aisle beside the transformers.,684.5,280,733000,684.5,280,733000
3,PD,Power Distribution,PD-04,"Switchgear (middle row, south face)",junction_control_cabinet_with_lights,junction,Control Cabinet With Lights,floor,1,820,1810,510,Distributes and protects power and data circuits.,"Switchgear, marshalling and relay cabinets stand back-to-back with the capacitor banks, sharing their cable trench, and face the main switching aisle where the console is.",194.2,83,195000,194.2,83,195000
3,PD,Power Distribution,PD-04,"Switchgear (middle row, south face)",junction_marshalling_cabinet,junction,Marshalling Cabinet,floor,1,1190,1910,688,Distributes and protects power and data circuits.,"Switchgear, marshalling and relay cabinets stand back-to-back with the capacitor banks, sharing their cable trench, and face the main switching aisle where the console is.",427.6,160,562000,427.6,160,562000
3,PD,Power Distribution,PD-04,"Switchgear (middle row, south face)",junction_relay_cabinet,junction,Relay Cabinet,floor,1,720,1710,450,Distributes and protects power and data circuits.,"Switchgear, marshalling and relay cabinets stand back-to-back with the capacitor banks, sharing their cable trench, and face the main switching aisle where the console is.",145.9,57,190000,145.9,57,190000
3,PD,Power Distribution,PD-04,"Switchgear (middle row, south face)",junction_switchgear,junction,Switchgear,floor,3,1020,2010,713,Distributes and protects power and data circuits.,"Switchgear, marshalling and relay cabinets stand back-to-back with the capacitor banks, sharing their cable trench, and face the main switching aisle where the console is.",367.8,150,332000,1103.4,450,996000
3,PD,Power Distribution,PD-05,Generator sets (south wall),generator_diesel_genset,generator,Diesel Genset,floor,1,1950,1830,909,Produces and conditions electrical power for the ship.,"The gas turbine genset, diesel standby set, motor-generator and micro-fusion unit give independent supply if the reactor is down; they are on the south wall, furthest from the delicate controls, with exhaust and fuel service behind the wall.",4205,4200,3160000,4205,4200,3160000
3,PD,Power Distribution,PD-05,Generator sets (south wall),generator_gas_turbine_genset,generator,Gas Turbine Genset,floor,1,2910,1700,924,Produces and conditions electrical power for the ship.,"The gas turbine genset, diesel standby set, motor-generator and micro-fusion unit give independent supply if the reactor is down; they are on the south wall, furthest from the delicate controls, with exhaust and fuel service behind the wall.",5764,5700,6090000,5764,5700,6090000
3,PD,Power Distribution,PD-05,Generator sets (south wall),generator_micro_fusion_generator,generator,Micro Fusion Generator,floor,1,1100,1360,1170,Produces and conditions electrical power for the ship.,"The gas turbine genset, diesel standby set, motor-generator and micro-fusion unit give independent supply if the reactor is down; they are on the south wall, furthest from the delicate controls, with exhaust and fuel service behind the wall.",2309,36000,2710000,2309,36000,2710000
3,PD,Power Distribution,PD-05,Generator sets (south wall),generator_motor_generator_set,generator,Motor Generator Set,floor,1,2000,970,800,Produces and conditions electrical power for the ship.,"The gas turbine genset, diesel standby set, motor-generator and micro-fusion unit give independent supply if the reactor is down; they are on the south wall, furthest from the delicate controls, with exhaust and fuel service behind the wall.",1993,2200,1750000,1993,2200,1750000
3,PD,Power Distribution,PD-06,Monitoring console (east wall),coil_wall_coil_bank,coil,Wall Coil Bank,wall,1,1300,1600,355,Generates or channels plasma and field energy for propulsion.,"The technician watches bus voltages and breaker states from a console at the east end of the main switching aisle, facing the length of the room, with a chair so a long watch is bearable.",679.9,130000,452000,679.9,130000,452000
3,PD,Power Distribution,PD-06,Monitoring console (east wall),console_engineering_status,console,Engineering Status,floor,1,1816,1596,857,Operator station with displays and controls for one ship function.,"The technician watches bus voltages and breaker states from a console at the east end of the main switching aisle, facing the length of the room, with a chair so a long watch is bearable.",344.6,490,679000,344.6,490,679000
3,PD,Power Distribution,PD-06,Monitoring console (east wall),display_power_board,display,Power Board,wall,1,1400,900,116,"Shows status, plans and sensor data to people in the room.","The technician watches bus voltages and breaker states from a console at the east end of the main switching aisle, facing the length of the room, with a chair so a long watch is bearable.",10.3,80,17800,10.3,80,17800
3,PD,Power Distribution,PD-06,Monitoring console (east wall),junction_distribution_board,junction,Distribution Board,wall,1,1200,1400,235,Distributes and protects power and data circuits.,"The technician watches bus voltages and breaker states from a console at the east end of the main switching aisle, facing the length of the room, with a chair so a long watch is bearable.",103.0,45,123000,103.0,45,123000
3,PD,Power Distribution,PD-06,Monitoring console (east wall),seat_ops_chair,seat,Ops Chair,floor,1,635,1025,630,Operator chair for console positions.,"The technician watches bus voltages and breaker states from a console at the east end of the main switching aisle, facing the length of the room, with a chair so a long watch is bearable.",12.9,0.0,808,12.9,0.0,808
3,PD,Power Distribution,PD-06,Monitoring console (east wall),terminal_keyboard,terminal,Keyboard,table,1,420,28,150,Data entry and information access.,"The technician watches bus voltages and breaker states from a console at the east end of the main switching aisle, facing the length of the room, with a chair so a long watch is bearable.",0.46,3.6,1070,0.46,3.6,1070
3,PD,Power Distribution,PD-07,"Tool cabinet and spares (west wall, south of the door)",cabinet_utility_cabinet,cabinet,Utility Cabinet,floor,1,960,1830,580,Closed storage for supplies the room's staff need daily.,"A utility cabinet and a rolling toolbox hold the insulated tools and fuses needed for switching and repairs, by the door so tools are checked in and out.",133.3,0.0,4930,133.3,0.0,4930
3,PD,Power Distribution,PD-07,"Tool cabinet and spares (west wall, south of the door)",engtool_rolling_toolbox,engtool,Rolling Toolbox,floor,1,820,1130,550,"Tools, carts and test gear for maintenance crews.","A utility cabinet and a rolling toolbox hold the insulated tools and fuses needed for switching and repairs, by the door so tools are checked in and out.",226.5,0.0,163000,226.5,0.0,163000
3,PD,Power Distribution,PD-08,"Breaker panels and first aid (west wall, north of the door)",controlpanel_breaker_bank,controlpanel,Breaker Bank,wall,1,500,900,83,"Local controls for doors, lights, environment and power.","Breaker banks and a fuse box sit next to the door for the local supply isolation; a first-aid cabinet is next to them, since electric shock is the room's main injury risk.",18.8,0.0,20600,18.8,0.0,20600
3,PD,Power Distribution,PD-08,"Breaker panels and first aid (west wall, north of the door)",controlpanel_fuse_box,controlpanel,Fuse Box,wall,1,400,558,100,"Local controls for doors, lights, environment and power.","Breaker banks and a fuse box sit next to the door for the local supply isolation; a first-aid cabinet is next to them, since electric shock is the room's main injury risk.",9.95,0.0,9610,9.95,0.0,9610
3,PD,Power Distribution,PD-09,Diagnostic cart and spares trolley (main aisle),capacitor_battery_trolley,capacitor,Battery Trolley,floor,1,1294,1075,700,Buffers electrical power so systems ride through peaks and brown-outs.,"A diagnostic cart and a battery trolley are parked in the main aisle, in front of the console, because every inspection and cell swap starts here; the aisle is 2.5 m so they never block the walk.",711.6,290,709000,711.6,290,709000
3,PD,Power Distribution,PD-09,Diagnostic cart and spares trolley (main aisle),engtool_diagnostic_cart,engtool,Diagnostic Cart,floor,1,700,1697,572,"Tools, carts and test gear for maintenance crews.","A diagnostic cart and a battery trolley are parked in the main aisle, in front of the console, because every inspection and cell swap starts here; the aisle is 2.5 m so they never block the walk.",281.6,0.0,194000,281.6,0.0,194000
3,PD,Power Distribution,PD-10,Overhead cable trays and pipes,cabletray_ladder_tray,cabletray,Ladder Tray,ceiling,3,2000,170,460,"Carries power and data cables overhead or along walls, protected and accessible.",Power and control cable trays run above the aisles to drop into each cabinet; coolant pipes follow the transformers.,15.5,0.0,467,46.5,0.0,1401
3,PD,Power Distribution,PD-10,Overhead cable trays and pipes,pipe_ceiling_insulated_pair,pipe,Ceiling Insulated Pair,ceiling,4,2015,250,400,"Carries water, coolant or gas.",Power and control cable trays run above the aisles to drop into each cabinet; coolant pipes follow the transformers.,28.0,0.0,721,112.0,0.0,2884
3,PD,Power Distribution,PD-11,Danger signs and fire protection,safety_fire_extinguisher,safety,Fire Extinguisher,wall,2,300,735,199,"Fire, first-aid, breach and emergency gear required by regulation.","High-voltage signs above the transformer and generator rows, extinguishers at both ends of the main aisle and a first-aid cabinet by the door.",4.26,0.0,869,8.52,0.0,1738
3,PD,Power Distribution,PD-11,Danger signs and fire protection,safety_first_aid_cabinet,safety,First Aid Cabinet,wall,1,420,520,205,"Fire, first-aid, breach and emergency gear required by regulation.","High-voltage signs above the transformer and generator rows, extinguishers at both ends of the main aisle and a first-aid cabinet by the door.",4.13,0.0,666,4.13,0.0,666
3,PD,Power Distribution,PD-11,Danger signs and fire protection,sign_emergency_exit,sign,Emergency Exit,wall,1,560,240,84,Wayfinding and hazard marking.,"High-voltage signs above the transformer and generator rows, extinguishers at both ends of the main aisle and a first-aid cabinet by the door.",0.63,0.0,44.2,0.63,0.0,44.2
3,PD,Power Distribution,PD-11,Danger signs and fire protection,sign_hazard_high_voltage,sign,Hazard High Voltage,wall,3,620,587,38,Wayfinding and hazard marking.,"High-voltage signs above the transformer and generator rows, extinguishers at both ends of the main aisle and a first-aid cabinet by the door.",0.77,0.0,35.5,2.31,0.0,106.5
3,SD,Spares Depot,SD-01,Ceiling lighting,ceilinglight_flush_dome,ceilinglight,Flush Dome,ceiling,2,638,176,638,General lighting sized to the task in the room.,Panels over the aisles at 400 lux so part numbers on the shelf labels can be read.,10.2,20,2400,20.4,40,4800
3,SD,Spares Depot,SD-01,Ceiling lighting,ceilinglight_square_panel_1x1,ceilinglight,Square Panel 1X1,ceiling,1,1000,79,1000,General lighting sized to the task in the room.,Panels over the aisles at 400 lux so part numbers on the shelf labels can be read.,10.6,18,3360,10.6,18,3360
3,SD,Spares Depot,SD-02,Inventory desk and terminal (north-west corner),chair_swivel_office_chair,chair,Swivel Office Chair,floor,1,623,1125,625,Seating for desks and tables.,Every part issued or returned is logged at the desk beside the door; the terminal holds the stock list and the wall board shows the critical spares and their minimum stock levels.,8.48,0.0,459,8.48,0.0,459
3,SD,Spares Depot,SD-02,Inventory desk and terminal (north-west corner),desk_workstation,desk,Workstation,floor,1,1607,1222,750,Work surface for paperwork and terminals.,Every part issued or returned is logged at the desk beside the door; the terminal holds the stock list and the wall board shows the critical spares and their minimum stock levels.,41.0,0.0,1560,41.0,0.0,1560
3,SD,Spares Depot,SD-02,Inventory desk and terminal (north-west corner),display_status_board,display,Status Board,wall,1,1500,1055,95,"Shows status, plans and sensor data to people in the room.",Every part issued or returned is logged at the desk beside the door; the terminal holds the stock list and the wall board shows the critical spares and their minimum stock levels.,10.1,83,18000,10.1,83,18000
3,SD,Spares Depot,SD-02,Inventory desk and terminal (north-west corner),terminal_desk_terminal,terminal,Desk Terminal,table,1,370,403,265,Data entry and information access.,Every part issued or returned is logged at the desk beside the door; the terminal holds the stock list and the wall board shows the critical spares and their minimum stock levels.,9.45,18,12600,9.45,18,12600
3,SD,Spares Depot,SD-02,Inventory desk and terminal (north-west corner),terminal_keyboard,terminal,Keyboard,table,1,420,28,150,Data entry and information access.,Every part issued or returned is logged at the desk beside the door; the terminal holds the stock list and the wall board shows the critical spares and their minimum stock levels.,0.46,3.6,1070,0.46,3.6,1070
3,SD,Spares Depot,SD-03,Small-parts shelving bays (north wall),engtool_wall_parts_bins,engtool,Wall Parts Bins,wall,1,1300,900,210,"Tools, carts and test gear for maintenance crews.","Heavy-box shelving for bulky spares, parts-bin racks for fasteners and seals, pigeonholes for sensors and cage lockers for valuable parts: five bays in a row along the north wall, each labelled, so a part is always where the list says.",107.8,0.0,67800,107.8,0.0,67800
3,SD,Spares Depot,SD-03,Small-parts shelving bays (north wall),shelving_cage_lockers,shelving,Cage Lockers,floor,1,2140,2125,600,"Open storage for parts, stores and gear.","Heavy-box shelving for bulky spares, parts-bin racks for fasteners and seals, pigeonholes for sensors and cage lockers for valuable parts: five bays in a row along the north wall, each labelled, so a part is always where the list says.",204.3,0.0,19000,204.3,0.0,19000
3,SD,Spares Depot,SD-03,Small-parts shelving bays (north wall),shelving_heavy_boxes,shelving,Heavy Boxes,floor,1,2240,2300,690,"Open storage for parts, stores and gear.","Heavy-box shelving for bulky spares, parts-bin racks for fasteners and seals, pigeonholes for sensors and cage lockers for valuable parts: five bays in a row along the north wall, each labelled, so a part is always where the list says.",269.2,0.0,27500,269.2,0.0,27500
3,SD,Spares Depot,SD-03,Small-parts shelving bays (north wall),shelving_parts_bins_rack,shelving,Parts Bins Rack,floor,1,1640,2000,540,"Open storage for parts, stores and gear.","Heavy-box shelving for bulky spares, parts-bin racks for fasteners and seals, pigeonholes for sensors and cage lockers for valuable parts: five bays in a row along the north wall, each labelled, so a part is always where the list says.",134.2,0.0,11800,134.2,0.0,11800
3,SD,Spares Depot,SD-03,Small-parts shelving bays (north wall),shelving_pigeonhole,shelving,Pigeonhole,floor,1,1700,2015,500,"Open storage for parts, stores and gear.","Heavy-box shelving for bulky spares, parts-bin racks for fasteners and seals, pigeonholes for sensors and cage lockers for valuable parts: five bays in a row along the north wall, each labelled, so a part is always where the list says.",131.5,0.0,14400,131.5,0.0,14400
3,SD,Spares Depot,SD-04,Pallet racking (middle row),pallet_rack_bay_low_wire,pallet,Rack Bay Low Wire,floor,2,2760,3200,1180,Unit load for forklift handling.,"Two low-bay pallet racks stand in a row 1.2 m from the shelving, holding the mid-size spares that are issued every few weeks; both faces are reachable from the aisles.",385.8,0.0,43000,771.6,0.0,86000
3,SD,Spares Depot,SD-05,Power-cell and sealed parts lockers (east wall),capacitor_power_cell_locker,capacitor,Power Cell Locker,floor,2,920,1910,555,Buffers electrical power so systems ride through peaks and brown-outs.,"Charged energy cells and sealed electronic parts are kept in ventilated lockers on the east wall, away from the aisle traffic, with the hull behind them as the heat sink.",684.5,280,733000,1369.0,560,1466000
3,SD,Spares Depot,SD-05,Power-cell and sealed parts lockers (east wall),storagebin_sealed_parts_locker,storagebin,Sealed Parts Locker,floor,1,1040,1980,735,Small-parts and tool storage.,"Charged energy cells and sealed electronic parts are kept in ventilated lockers on the east wall, away from the aisle traffic, with the hull behind them as the heat sink.",67.2,0.0,5530,67.2,0.0,5530
3,SD,Spares Depot,SD-06,"Spare nozzle, coil and palletised spares (south wall, east of the hangar door)",coil_helical_plasma_coil,coil,Helical Plasma Coil,floor,1,1100,2345,1094,Generates or channels plasma and field energy for propulsion.,"Bulky spares for the thrusters and reactor - an ion-drive engine and a plasma coil - stand in marked bays against the south wall next to the hangar door, with a banded pallet of boxed spares beside them, so the loader can take them straight to a craft or down the corridor.",2316,740000,1450000,2316,740000,1450000
3,SD,Spares Depot,SD-06,"Spare nozzle, coil and palletised spares (south wall, east of the hangar door)",nozzle_ion_drive_engine,nozzle,Ion Drive Engine,floor,1,1200,1642,1200,Propulsion hardware (installed or held as spare).,"Bulky spares for the thrusters and reactor - an ion-drive engine and a plasma coil - stand in marked bays against the south wall next to the hangar door, with a banded pallet of boxed spares beside them, so the loader can take them straight to a craft or down the corridor.",2100,5000,1320000,2100,5000,1320000
3,SD,Spares Depot,SD-06,"Spare nozzle, coil and palletised spares (south wall, east of the hangar door)",pallet_crates_banded,pallet,Crates Banded,floor,1,1250,1105,1050,Unit load for forklift handling.,"Bulky spares for the thrusters and reactor - an ion-drive engine and a plasma coil - stand in marked bays against the south wall next to the hangar door, with a banded pallet of boxed spares beside them, so the loader can take them straight to a craft or down the corridor.",50.9,0.0,5730,50.9,0.0,5730
3,SD,Spares Depot,SD-07,"Tool and parts bins, pallet jack (south wall, west of the hangar door)",loader_hand_pallet_jack,loader,Hand Pallet Jack,floor,1,800,1141,1437,Moves pallets and containers without crew strain.,"A parts-bin rack and a drawer cabinet take the everyday spares (fuses, gaskets, filters); beside them a hand pallet jack is parked for the 4 m move of pallets to the hangar door without starting the forklift.",205.7,530,36500,205.7,530,36500
3,SD,Spares Depot,SD-07,"Tool and parts bins, pallet jack (south wall, west of the hangar door)",shelving_parts_bins_rack,shelving,Parts Bins Rack,floor,1,1640,2000,540,"Open storage for parts, stores and gear.","A parts-bin rack and a drawer cabinet take the everyday spares (fuses, gaskets, filters); beside them a hand pallet jack is parked for the 4 m move of pallets to the hangar door without starting the forklift.",134.2,0.0,11800,134.2,0.0,11800
3,SD,Spares Depot,SD-07,"Tool and parts bins, pallet jack (south wall, west of the hangar door)",storagebin_drawer_cabinet,storagebin,Drawer Cabinet,floor,1,820,1500,605,Small-parts and tool storage.,"A parts-bin rack and a drawer cabinet take the everyday spares (fuses, gaskets, filters); beside them a hand pallet jack is parked for the 4 m move of pallets to the hangar door without starting the forklift.",32.6,0.0,2960,32.6,0.0,2960
3,SD,Spares Depot,SD-08,"Safety, signs and services",cabletray_ladder_tray,cabletray,Ladder Tray,ceiling,3,2000,170,460,"Carries power and data cables overhead or along walls, protected and accessible.","An extinguisher by each door, a first-aid cabinet by the desk, exit signs over both doors; cable tray and pipes overhead.",15.5,0.0,467,46.5,0.0,1401
3,SD,Spares Depot,SD-08,"Safety, signs and services",pipe_ceiling_hanger_run,pipe,Ceiling Hanger Run,ceiling,4,2000,314,222,"Carries water, coolant or gas.","An extinguisher by each door, a first-aid cabinet by the desk, exit signs over both doors; cable tray and pipes overhead.",22.0,0.0,764,88.0,0.0,3056
3,SD,Spares Depot,SD-08,"Safety, signs and services",safety_fire_extinguisher,safety,Fire Extinguisher,wall,1,300,735,199,"Fire, first-aid, breach and emergency gear required by regulation.","An extinguisher by each door, a first-aid cabinet by the desk, exit signs over both doors; cable tray and pipes overhead.",4.26,0.0,869,4.26,0.0,869
3,SD,Spares Depot,SD-08,"Safety, signs and services",safety_first_aid_cabinet,safety,First Aid Cabinet,wall,1,420,520,205,"Fire, first-aid, breach and emergency gear required by regulation.","An extinguisher by each door, a first-aid cabinet by the desk, exit signs over both doors; cable tray and pipes overhead.",4.13,0.0,666,4.13,0.0,666
3,SD,Spares Depot,SD-08,"Safety, signs and services",sign_emergency_exit,sign,Emergency Exit,wall,2,560,240,84,Wayfinding and hazard marking.,"An extinguisher by each door, a first-aid cabinet by the desk, exit signs over both doors; cable tray and pipes overhead.",0.63,0.0,44.2,1.26,0.0,88.4
3,HB,Hangar Bay,HB-01,High-bay lighting,ceilinglight_industrial_high_bay,ceilinglight,Industrial High Bay,ceiling,8,868,705,868,General lighting sized to the task in the room.,Industrial high-bay lights on a 5.5 m grid give even 300 lux across the pads without shadowing the craft.,80.6,73,20200,644.8,584,161600
3,HB,Hangar Bay,HB-02,Landing pads and craft,craft_interceptor,craft,Interceptor,floor,1,4800,1716,5286,"Shuttles and pods for transport, rescue and repair outside the hull.","Three small craft sit on marked 6 m pads, noses to the stern opening so each can launch straight out without turning; the interceptor is nearest the cargo lane, the shuttle in the middle and the repair pod on the depot side, where its spares are.",15818,4400,30200000,15818,4400,30200000
3,HB,Hangar Bay,HB-02,Landing pads and craft,craft_repair_pod,craft,Repair Pod,floor,1,2200,3110,3692,"Shuttles and pods for transport, rescue and repair outside the hull.","Three small craft sit on marked 6 m pads, noses to the stern opening so each can launch straight out without turning; the interceptor is nearest the cargo lane, the shuttle in the middle and the repair pod on the depot side, where its spares are.",9167,3300,18200000,9167,3300,18200000
3,HB,Hangar Bay,HB-02,Landing pads and craft,craft_shuttlecraft,craft,Shuttlecraft,floor,1,4380,3529,5459,"Shuttles and pods for transport, rescue and repair outside the hull.","Three small craft sit on marked 6 m pads, noses to the stern opening so each can launch straight out without turning; the interceptor is nearest the cargo lane, the shuttle in the middle and the repair pod on the depot side, where its spares are.",29919,6800,63900000,29919,6800,63900000
3,HB,Hangar Bay,HB-02,Landing pads and craft,hangartool_landing_pad_square,hangartool,Landing Pad Square,floor,3,6000,125,6000,"Servicing, fuelling, launch and safety gear for craft.","Three small craft sit on marked 6 m pads, noses to the stern opening so each can launch straight out without turning; the interceptor is nearest the cargo lane, the shuttle in the middle and the repair pod on the depot side, where its spares are.",927.4,0.0,187000,2782.2,0.0,561000
3,HB,Hangar Bay,HB-03,Ground power units,hangartool_ground_power_unit,hangartool,Ground Power Unit,floor,2,1149,1550,915,"Servicing, fuelling, launch and safety gear for craft.",A ground power unit between each pair of craft keeps systems live without running the engines; each reaches both neighbours on its cable.,327.3,0.0,54200,654.6,0.0,108400
3,HB,Hangar Bay,HB-04,Fuel and servicing,hangartool_fuel_hose_reel,hangartool,Fuel Hose Reel,floor,1,1180,1030,1880,"Servicing, fuelling, launch and safety gear for craft.",A refuelling pump and fuel hose reel on the east facets serve all three pads; an engine stand and hoist stand next to them for beside them.,437.8,0.0,69700,437.8,0.0,69700
3,HB,Hangar Bay,HB-04,Fuel and servicing,hangartool_refuelling_pump,hangartool,Refuelling Pump,floor,1,1402,2060,935,"Servicing, fuelling, launch and safety gear for craft.",A refuelling pump and fuel hose reel on the east facets serve all three pads; an engine stand and hoist stand next to them for beside them.,489.2,0.0,96500,489.2,0.0,96500
3,HB,Hangar Bay,HB-04,Fuel and servicing,hangartool_wheel_chocks,hangartool,Wheel Chocks,floor,1,800,225,555,"Servicing, fuelling, launch and safety gear for craft.",A refuelling pump and fuel hose reel on the east facets serve all three pads; an engine stand and hoist stand next to them for beside them.,17.7,0.0,2620,17.7,0.0,2620
3,HB,Hangar Bay,HB-05,"Tow tug and tool carts (north wall, east of the depot door)",storagebin_toolchest_wheels,storagebin,Toolchest Wheels,floor,1,860,1098,560,Small-parts and tool storage.,The tow tug is parked beside the depot door to move craft; a tool chest and cart sit with it so a crew can start a job from one place.,24.3,0.0,2420,24.3,0.0,2420
3,HB,Hangar Bay,HB-06,"Storage racks (north wall, west)",locker_double_locker_bank,locker,Double Locker Bank,floor,1,1040,1850,557,Secure storage for personal gear and issue equipment.,"Shelving and a drawer cabinet hold the hangar's consumables (seals, fluids, fasteners) next to the cargo opening.",91.3,0.0,3540,91.3,0.0,3540
3,HB,Hangar Bay,HB-06,"Storage racks (north wall, west)",shelving_heavy_boxes,shelving,Heavy Boxes,floor,1,2240,2300,690,"Open storage for parts, stores and gear.","Shelving and a drawer cabinet hold the hangar's consumables (seals, fluids, fasteners) next to the cargo opening.",269.2,0.0,27500,269.2,0.0,27500
3,HB,Hangar Bay,HB-06,"Storage racks (north wall, west)",shelving_parts_bins_rack,shelving,Parts Bins Rack,floor,1,1640,2000,540,"Open storage for parts, stores and gear.","Shelving and a drawer cabinet hold the hangar's consumables (seals, fluids, fasteners) next to the cargo opening.",134.2,0.0,11800,134.2,0.0,11800
3,HB,Hangar Bay,HB-07,Hangar control console,console_flight_control,console,Flight Control,floor,1,1616,1395,954,Operator station with displays and controls for one ship function.,"The flight-deck controller works from a console at the forward wall, facing the pads, with the door and force-field controls in reach.",305.2,430,475000,305.2,430,475000
3,HB,Hangar Bay,HB-07,Hangar control console,seat_ops_chair,seat,Ops Chair,floor,1,635,1025,630,Operator chair for console positions.,"The flight-deck controller works from a console at the forward wall, facing the pads, with the door and force-field controls in reach.",12.9,0.0,808,12.9,0.0,808
3,HB,Hangar Bay,HB-08,Fire fighting and crash equipment (stern),hangartool_crash_cart,hangartool,Crash Cart,floor,1,1000,1375,650,"Servicing, fuelling, launch and safety gear for craft.","The fire cannon and crash cart stand either side of the stern opening, where a crash landing or launch fire is most likely; the door control pillars stand beside them at the field edges.",165.0,0.0,27400,165.0,0.0,27400
3,HB,Hangar Bay,HB-08,Fire fighting and crash equipment (stern),hangartool_door_control_pillar,hangartool,Door Control Pillar,floor,2,500,2985,500,"Servicing, fuelling, launch and safety gear for craft.","The fire cannon and crash cart stand either side of the stern opening, where a crash landing or launch fire is most likely; the door control pillars stand beside them at the field edges.",135.0,0.0,20400,270.0,0.0,40800
3,HB,Hangar Bay,HB-08,Fire fighting and crash equipment (stern),hangartool_fire_cannon,hangartool,Fire Cannon,floor,1,1090,1440,1645,"Servicing, fuelling, launch and safety gear for craft.","The fire cannon and crash cart stand either side of the stern opening, where a crash landing or launch fire is most likely; the door control pillars stand beside them at the field edges.",480.2,0.0,86200,480.2,0.0,86200
3,HB,Hangar Bay,HB-09,Safety bollards and zone markings,hangartool_bollard_set,hangartool,Bollard Set,floor,4,2000,1110,400,"Servicing, fuelling, launch and safety gear for craft.",Bollards mark the edge of the force-field strip and floor stencils show the walking route from the doors to the pads.,171.6,0.0,25700,686.4,0.0,102800
3,HB,Hangar Bay,HB-10,Overhead services and signs,pipe_ceiling_insulated_pair,pipe,Ceiling Insulated Pair,ceiling,10,2015,250,400,"Carries water, coolant or gas.",Air and fuel lines run along the ceiling gantry; hazard and exit signs mark the doors.,28.0,0.0,721,280.0,0.0,7210
3,HB,Hangar Bay,HB-10,Overhead services and signs,safety_fire_extinguisher,safety,Fire Extinguisher,wall,1,300,735,199,"Fire, first-aid, breach and emergency gear required by regulation.",Air and fuel lines run along the ceiling gantry; hazard and exit signs mark the doors.,4.26,0.0,869,4.26,0.0,869
3,HB,Hangar Bay,HB-10,Overhead services and signs,sign_dept_hangar,sign,Dept Hangar,wall,1,1000,400,48,Wayfinding and hazard marking.,Air and fuel lines run along the ceiling gantry; hazard and exit signs mark the doors.,1.08,0.0,96.5,1.08,0.0,96.5
