id,category,class,role,manufacturer,part_number,designation,width_mm,height_mm,depth_mm,mass_kg,power_idle_w,power_typ_w,power_peak_w,supply,output_kw,capacity_kwh,heat_w,price_cr,lead_days,mtbf_h,service_interval_h,life_years,crew,ip,temp_min_c,temp_max_c,noise_dba,interface,software,certifications
analyzer_3d_fabricator,analyzer,science,consumer,Orrery Instruments,ORI-ANA-3345,Laboratory analyser - 3D Fabricator,1000,1755,925,639.4,190,630,1100,120 VAC 1ph,0.0,0.0,580,1960000,113,45200,4380,12,1,IP32,5,40,44,"Lab data bus LDB-1, 1 GbE",engineering,CSA-E24 electrical safety; CSA-LAB2 laboratory
analyzer_centrifuge,analyzer,science,consumer,Orrery Instruments,ORI-ANA-2131,Laboratory analyser - Centrifuge,516,425,533,42.0,43,140,250,48 VDC,0.0,0.0,130,116000,114,70800,4380,12,1,IP32,5,40,42,"Lab data bus LDB-1, 1 GbE",diagnostics,CSA-E24 electrical safety; CSA-LAB2 laboratory
analyzer_co2_incubator,analyzer,science,consumer,Orrery Instruments,ORI-ANA-7476,Laboratory analyser - Co2 Incubator,830,1920,836,507.8,150,500,840,120 VAC 1ph,0.0,0.0,460,1500000,112,38600,4380,12,1,IP32,5,40,44,"Lab data bus LDB-1, 1 GbE",engineering,CSA-E24 electrical safety; CSA-LAB2 laboratory
analyzer_gas_chromatograph,analyzer,science,consumer,Orrery Instruments,ORI-ANA-2000,Laboratory analyser - Gas Chromatograph,620,745,521,92.7,54,180,300,48 VDC,0.0,0.0,170,284000,109,60500,4380,12,1,IP32,5,40,42,"Lab data bus LDB-1, 1 GbE",atmosphere,CSA-E24 electrical safety; CSA-LAB2 laboratory
analyzer_mass_spectrometer,analyzer,science,consumer,Orrery Instruments,ORI-ANA-2171,Laboratory analyser - Mass Spectrometer,1675,1840,1000,1239,290,970,1600,120 VAC 1ph,0.0,0.0,890,3140000,122,46400,4380,12,1,IP32,5,40,45,"Lab data bus LDB-1, 1 GbE",atmosphere,CSA-E24 electrical safety; CSA-LAB2 laboratory
analyzer_materials_tester,analyzer,science,consumer,Orrery Instruments,ORI-ANA-8301,Laboratory analyser - Materials Tester,1048,2150,719,568.9,170,550,940,120 VAC 1ph,0.0,0.0,510,1240000,120,48900,4380,12,1,IP32,5,40,44,"Lab data bus LDB-1, 1 GbE",atmosphere,CSA-E24 electrical safety; CSA-LAB2 laboratory
analyzer_spectrometer,analyzer,science,consumer,Orrery Instruments,ORI-ANA-1926,Laboratory analyser - Spectrometer,1015,470,356,60.2,55,180,310,48 VDC,0.0,0.0,170,186000,108,57100,4380,12,1,IP32,5,40,42,"Lab data bus LDB-1, 1 GbE",science,CSA-E24 electrical safety; CSA-LAB2 laboratory
analyzer_thermal_cycler,analyzer,science,consumer,Orrery Instruments,ORI-ANA-6068,Laboratory analyser - Thermal Cycler,320,250,413,12.5,37,120,210,48 VDC,0.0,0.0,110,26300,101,39300,4380,12,1,IP32,5,40,42,"Lab data bus LDB-1, 1 GbE",atmosphere,CSA-E24 electrical safety; CSA-LAB2 laboratory
antenna_ceiling_antenna_pod,antenna,electronics,consumer,Kestrel Cognitive Systems,KCS-ANT-3830,Antenna - Ceiling Antenna Pod,698,575,698,34.5,14,57,85,48 VDC,0.0,0.0,52,44700,57,63400,8760,10,0,IP30,0,45,29,"Ship data bus SDB-2, 1 GbE",,CSA-E24 electrical safety; CSA-EMC4 compatibility
antenna_ceiling_log_periodic,antenna,electronics,consumer,Kestrel Cognitive Systems,KCS-ANT-7488,Antenna - Ceiling Log Periodic,926,320,1400,50.1,17,68,100,48 VDC,0.0,0.0,63,59100,58,99200,8760,10,0,IP30,0,45,29,"Ship data bus SDB-2, 1 GbE",,CSA-E24 electrical safety; CSA-EMC4 compatibility
antenna_dish_array_demo,antenna,electronics,consumer,Kestrel Cognitive Systems,KCS-ANT-5475,Antenna - Dish Array Demo,2066,1889,1216,660.0,110,430,640,120 VAC 1ph,0.0,0.0,400,680000,65,60700,8760,10,0,IP30,0,45,32,"Ship data bus SDB-2, 1 GbE",comms,CSA-E24 electrical safety; CSA-EMC4 compatibility
antenna_feed_horn_panel,antenna,electronics,consumer,Kestrel Cognitive Systems,KCS-ANT-1537,Antenna - Feed Horn Panel,1000,700,360,28.9,15,60,89,48 VDC,0.0,0.0,55,30600,60,89600,8760,10,0,IP30,0,45,29,"Ship data bus SDB-2, 1 GbE",,CSA-E24 electrical safety; CSA-EMC4 compatibility
antenna_lattice_mast,antenna,electronics,consumer,Kestrel Cognitive Systems,KCS-ANT-6901,Antenna - Lattice Mast,1197,3750,1150,648.1,120,470,700,120 VAC 1ph,0.0,0.0,430,686000,69,76300,8760,10,0,IP30,0,45,32,"Ship data bus SDB-2, 1 GbE",,CSA-E24 electrical safety; CSA-EMC4 compatibility
antenna_phased_array_panel,antenna,electronics,consumer,Kestrel Cognitive Systems,KCS-ANT-2064,Antenna - Phased Array Panel,1300,1559,120,28.5,16,65,97,48 VDC,0.0,0.0,60,32900,57,84400,8760,10,0,IP30,0,45,29,"Ship data bus SDB-2, 1 GbE",,CSA-E24 electrical safety; CSA-EMC4 compatibility
antenna_relay_box,antenna,electronics,consumer,Kestrel Cognitive Systems,KCS-ANT-6500,Antenna - Relay Box,500,1040,235,15.9,13,50,76,48 VDC,0.0,0.0,46,16800,59,65800,8760,10,0,IP30,0,45,29,"Ship data bus SDB-2, 1 GbE",comms,CSA-E24 electrical safety; CSA-EMC4 compatibility
antenna_satellite_dish_pedestal,antenna,electronics,consumer,Kestrel Cognitive Systems,KCS-ANT-2831,Antenna - Satellite Dish Pedestal,1674,2355,1095,515.9,110,420,630,120 VAC 1ph,0.0,0.0,390,467000,70,82500,8760,10,0,IP30,0,45,32,"Ship data bus SDB-2, 1 GbE",,CSA-E24 electrical safety; CSA-EMC4 compatibility
antenna_subspace_relay_coil,antenna,electronics,consumer,Kestrel Cognitive Systems,KCS-ANT-5914,Antenna - Subspace Relay Coil,796,2502,865,216.9,42,170,250,48 VDC,0.0,0.0,160,196000,63,84700,8760,10,0,IP30,0,45,30,"Ship data bus SDB-2, 1 GbE",science,CSA-E24 electrical safety; CSA-EMC4 compatibility
antenna_whip_antenna_cluster,antenna,electronics,consumer,Kestrel Cognitive Systems,KCS-ANT-7081,Antenna - Whip Antenna Cluster,600,2115,500,76.3,24,97,140,48 VDC,0.0,0.0,89,79900,59,96600,8760,10,0,IP30,0,45,29,"Ship data bus SDB-2, 1 GbE",,CSA-E24 electrical safety; CSA-EMC4 compatibility
barrel_canister_cluster,barrel,cargo,passive,Ironwake Heavy Works,IHW-BAR-1269,Barrel / drum - Canister Cluster,832,730,832,22.0,0.0,0.0,0.0,none,0.0,0.0,0,2410,57,509500,8760,25,0,IP54,-40,70,0,,,CSA-C1 cargo handling
barrel_chemical_drum_hazard,barrel,cargo,passive,Ironwake Heavy Works,IHW-BAR-3239,Barrel / drum - Chemical Drum Hazard,604,935,604,13.9,0.0,0.0,0.0,none,0.0,0.0,0,1460,54,528700,8760,25,0,IP54,-40,70,0,,,CSA-C1 cargo handling
barrel_coolant_drums_pallet,barrel,cargo,passive,Ironwake Heavy Works,IHW-BAR-8597,Barrel / drum - Coolant Drums Pallet,1260,1029,1060,63.0,0.0,0.0,0.0,none,0.0,0.0,0,6480,58,398400,8760,25,0,IP54,-40,70,0,,,CSA-C1 cargo handling
barrel_cryo_flask,barrel,cargo,passive,Ironwake Heavy Works,IHW-BAR-3132,Barrel / drum - Cryo Flask,650,1412,655,26.6,0.0,0.0,0.0,none,0.0,0.0,0,2620,59,416600,8760,25,0,IP54,-40,70,0,,,CSA-C1 cargo handling
barrel_cryo_flask_cart,barrel,cargo,passive,Ironwake Heavy Works,IHW-BAR-3438,Barrel / drum - Cryo Flask Cart,1105,1245,680,40.4,0.0,0.0,0.0,none,0.0,0.0,0,4430,55,487200,8760,25,0,IP54,-40,70,0,,,CSA-C1 cargo handling
barrel_gas_cylinder_rack,barrel,cargo,passive,Ironwake Heavy Works,IHW-BAR-6290,Barrel / drum - Gas Cylinder Rack,910,1350,610,30.5,0.0,0.0,0.0,none,0.0,0.0,0,3210,59,392900,8760,25,0,IP54,-40,70,0,,,CSA-C1 cargo handling
barrel_gas_cylinder_trolley,barrel,cargo,passive,Ironwake Heavy Works,IHW-BAR-4915,Barrel / drum - Gas Cylinder Trolley,660,1390,600,20.9,0.0,0.0,0.0,none,0.0,0.0,0,2610,56,363800,8760,25,0,IP54,-40,70,0,,,CSA-C1 cargo handling
barrel_ibc_tote_composite,barrel,cargo,passive,Ironwake Heavy Works,IHW-BAR-7281,Barrel / drum - Ibc Tote Composite,1352,1345,1358,94.7,0.0,0.0,0.0,none,0.0,0.0,0,7680,54,432100,8760,25,0,IP54,-40,70,0,,,CSA-C1 cargo handling
barrel_ibc_tote_steel,barrel,cargo,passive,Ironwake Heavy Works,IHW-BAR-2389,Barrel / drum - Ibc Tote Steel,1004,1320,1358,68.3,0.0,0.0,0.0,none,0.0,0.0,0,5960,54,595400,8760,25,0,IP54,-40,70,0,,,CSA-C1 cargo handling
barrel_jerrycan_rack,barrel,cargo,passive,Ironwake Heavy Works,IHW-BAR-1370,Barrel / drum - Jerrycan Rack,1300,1095,600,33.0,0.0,0.0,0.0,none,0.0,0.0,0,3250,55,539700,8760,25,0,IP54,-40,70,0,,,CSA-C1 cargo handling
barrel_jerrycan_single,barrel,cargo,passive,Ironwake Heavy Works,IHW-BAR-1875,Barrel / drum - Jerrycan Single,340,570,171,1.18,0.0,0.0,0.0,none,0.0,0.0,0,162,46,431600,8760,25,0,IP54,-40,70,0,,,CSA-C1 cargo handling
barrel_plastic_drum_lidded,barrel,cargo,passive,Ironwake Heavy Works,IHW-BAR-6767,Barrel / drum - Plastic Drum Lidded,675,980,640,16.9,0.0,0.0,0.0,none,0.0,0.0,0,2060,52,578800,8760,25,0,IP54,-40,70,0,,,CSA-C1 cargo handling
barrel_powder_keg_cradle,barrel,cargo,passive,Ironwake Heavy Works,IHW-BAR-5202,Barrel / drum - Powder Keg Cradle,1660,1085,800,61.3,0.0,0.0,0.0,none,0.0,0.0,0,6080,54,506400,8760,25,0,IP54,-40,70,0,,,CSA-C1 cargo handling
barrel_steel_drum_blue,barrel,cargo,passive,Ironwake Heavy Works,IHW-BAR-8334,Barrel / drum - Steel Drum Blue,604,915,604,12.6,0.0,0.0,0.0,none,0.0,0.0,0,1210,52,417500,8760,25,0,IP54,-40,70,0,,,CSA-C1 cargo handling
barrel_steel_drum_pair,barrel,cargo,passive,Ironwake Heavy Works,IHW-BAR-2238,Barrel / drum - Steel Drum Pair,1737,915,700,47.2,0.0,0.0,0.0,none,0.0,0.0,0,4170,58,406300,8760,25,0,IP54,-40,70,0,,,CSA-C1 cargo handling
barrel_toxic_drums_sump,barrel,cargo,passive,Ironwake Heavy Works,IHW-BAR-8035,Barrel / drum - Toxic Drums Sump,1024,1005,900,35.4,0.0,0.0,0.0,none,0.0,0.0,0,3580,59,391400,8760,25,0,IP54,-40,70,0,,,CSA-C1 cargo handling
beacon_airlock_status_light,beacon,light,consumer,Tamsin Lighting,TAM-BEA-7788,Signal beacon - Airlock Status Light,160,555,76,0.75,0.32,6.4,7.1,24 VDC,0.0,0.0,5.1,221,33,54400,17520,12,0,IP44,-20,55,0,Lighting bus LB-1 (dimming),,CSA-E24 electrical safety; CSA-L3 photobiological
beacon_emergency_flood,beacon,light,consumer,Tamsin Lighting,TAM-BEA-2981,Signal beacon - Emergency Flood,532,200,256,3.08,0.28,5.7,6.2,24 VDC,0.0,0.0,4.6,775,37,75500,17520,12,0,IP44,-20,55,0,Lighting bus LB-1 (dimming),,CSA-E24 electrical safety; CSA-L3 photobiological
beacon_emergency_lighting_unit,beacon,light,consumer,Tamsin Lighting,TAM-BEA-1175,Signal beacon - Emergency Lighting Unit,426,160,171,1.37,0.3,6.1,6.7,24 VDC,0.0,0.0,4.9,467,32,64000,17520,12,0,IP44,-20,55,0,Lighting bus LB-1 (dimming),,CSA-E24 electrical safety; CSA-L3 photobiological
beacon_evac_light_strip,beacon,light,consumer,Tamsin Lighting,TAM-BEA-4474,Signal beacon - Evac Light Strip,1690,100,42,0.77,0.29,5.7,6.3,24 VDC,0.0,0.0,4.6,237,30,73100,17520,12,0,IP44,-20,55,0,Lighting bus LB-1 (dimming),,CSA-E24 electrical safety; CSA-L3 photobiological
beacon_intercom_speaker,beacon,light,consumer,Tamsin Lighting,TAM-BEA-4479,Signal beacon - Intercom Speaker,300,420,77,1.1,0.3,6.1,6.7,24 VDC,0.0,0.0,4.9,543,33,58700,17520,12,0,IP44,-20,55,0,Lighting bus LB-1 (dimming),,CSA-E24 electrical safety; CSA-L3 photobiological
beacon_red_alert_bar,beacon,light,consumer,Tamsin Lighting,TAM-BEA-8300,Signal beacon - Red Alert Bar,1320,140,160,3.21,0.32,6.4,7.0,24 VDC,0.0,0.0,5.1,1020,35,60100,17520,12,0,IP44,-20,55,0,Lighting bus LB-1 (dimming),,CSA-E24 electrical safety; CSA-L3 photobiological
beacon_rotating_beacon,beacon,light,consumer,Tamsin Lighting,TAM-BEA-3827,Signal beacon - Rotating Beacon,180,180,200,0.71,0.29,5.8,6.4,24 VDC,0.0,0.0,4.6,257,32,61700,17520,12,0,IP44,-20,55,0,Lighting bus LB-1 (dimming),,CSA-E24 electrical safety; CSA-L3 photobiological
beacon_siren_horn,beacon,light,consumer,Tamsin Lighting,TAM-BEA-8780,Signal beacon - Siren Horn,200,340,333,2.67,0.29,5.8,6.3,24 VDC,0.0,0.0,4.6,893,35,63600,17520,12,0,IP44,-20,55,0,Lighting bus LB-1 (dimming),,CSA-E24 electrical safety; CSA-L3 photobiological
beacon_strobe_light,beacon,light,consumer,Tamsin Lighting,TAM-BEA-3555,Signal beacon - Strobe Light,140,100,104,0.16,0.3,6.1,6.7,24 VDC,0.0,0.0,4.9,55.7,29,75100,17520,12,0,IP44,-20,55,0,Lighting bus LB-1 (dimming),,CSA-E24 electrical safety; CSA-L3 photobiological
beacon_yellow_alert_bar,beacon,light,consumer,Tamsin Lighting,TAM-BEA-8490,Signal beacon - Yellow Alert Bar,920,140,220,3.23,0.29,5.7,6.3,24 VDC,0.0,0.0,4.6,1050,38,67300,17520,12,0,IP44,-20,55,0,Lighting bus LB-1 (dimming),,CSA-E24 electrical safety; CSA-L3 photobiological
bed_bunk_bed,bed,furniture,passive,Sable Habitat Furnishings,SHF-BED-9398,Bed - Bunk Bed,1085,1950,2060,39.7,0.0,0.0,0.0,none,0.0,0.0,0,1920,41,780300,8760,30,0,IP20,-20,60,0,,,CSA-F1 fire and smoke
bed_captain_bed,bed,furniture,passive,Sable Habitat Furnishings,SHF-BED-9318,Bed - Captain Bed,2050,1540,2895,85.4,0.0,0.0,0.0,none,0.0,0.0,0,3770,38,728400,8760,30,0,IP20,-20,60,0,,diagnostics,CSA-F1 fire and smoke
bed_couch_bed,bed,furniture,passive,Sable Habitat Furnishings,SHF-BED-6611,Bed - Couch Bed,2360,1128,2100,56.3,0.0,0.0,0.0,none,0.0,0.0,0,2340,35,703700,8760,30,0,IP20,-20,60,0,,,CSA-F1 fire and smoke
bed_fold_down_wall_bed,bed,furniture,passive,Sable Habitat Furnishings,SHF-BED-7371,Bed - Fold-Down Wall Bed,1100,2270,2110,51.9,0.0,0.0,0.0,none,0.0,0.0,0,2160,38,1004600,8760,30,0,IP20,-20,60,0,,,CSA-F1 fire and smoke
bed_folding_cot,bed,furniture,passive,Sable Habitat Furnishings,SHF-BED-6810,Bed - Folding Cot,780,640,1940,9.0,0.0,0.0,0.0,none,0.0,0.0,0,500,30,709800,8760,30,0,IP20,-20,60,0,,,CSA-F1 fire and smoke
bed_hammock_frame,bed,furniture,passive,Sable Habitat Furnishings,SHF-BED-4538,Bed - Hammock Frame,1100,1684,2580,48.5,0.0,0.0,0.0,none,0.0,0.0,0,1990,36,788200,8760,30,0,IP20,-20,60,0,,,CSA-F1 fire and smoke
bed_officer_bed,bed,furniture,passive,Sable Habitat Furnishings,SHF-BED-2770,Bed - Officer Bed,2250,1350,2250,60.2,0.0,0.0,0.0,none,0.0,0.0,0,2620,39,979600,8760,30,0,IP20,-20,60,0,,diagnostics,CSA-F1 fire and smoke
bed_recliner_sleeper,bed,furniture,passive,Sable Habitat Furnishings,SHF-BED-7808,Bed - Recliner Sleeper,1090,1190,2575,34.0,0.0,0.0,0.0,none,0.0,0.0,0,1290,36,1096200,8760,30,0,IP20,-20,60,0,,,CSA-F1 fire and smoke
bed_single_bunk,bed,furniture,passive,Sable Habitat Furnishings,SHF-BED-7236,Bed - Single Bunk,920,800,2077,13.4,0.0,0.0,0.0,none,0.0,0.0,0,693,35,1092500,8760,30,0,IP20,-20,60,0,,,CSA-F1 fire and smoke
bed_sleeping_pod,bed,furniture,passive,Sable Habitat Furnishings,SHF-BED-7079,Bed - Sleeping Pod,1398,1440,2640,50.5,0.0,0.0,0.0,none,0.0,0.0,0,2040,33,1063900,8760,30,0,IP20,-20,60,0,,medical,CSA-F1 fire and smoke
bench_curved_lounge_bench,bench,furniture,passive,Sable Habitat Furnishings,SHF-BEN-4171,Bench - Curved Lounge Bench,2423,750,883,100.4,0.0,0.0,0.0,none,0.0,0.0,0,3530,38,862300,8760,30,0,IP20,-20,60,0,,,CSA-F1 fire and smoke
bench_gym_bench,bench,furniture,passive,Sable Habitat Furnishings,SHF-BEN-4428,Bench - Gym Bench,554,488,1200,18.0,0.0,0.0,0.0,none,0.0,0.0,0,735,40,1024800,8760,30,0,IP20,-20,60,0,,,CSA-F1 fire and smoke
bench_locker_room_bench,bench,furniture,passive,Sable Habitat Furnishings,SHF-BEN-3438,Bench - Locker Room Bench,1600,465,500,19.1,0.0,0.0,0.0,none,0.0,0.0,0,910,39,818100,8760,30,0,IP20,-20,60,0,,,CSA-F1 fire and smoke
bench_mess_bench,bench,furniture,passive,Sable Habitat Furnishings,SHF-BEN-5262,Bench - Mess Bench,2000,467,400,22.1,0.0,0.0,0.0,none,0.0,0.0,0,1030,40,882200,8760,30,0,IP20,-20,60,0,,,CSA-F1 fire and smoke
bench_padded_wall_bench,bench,furniture,passive,Sable Habitat Furnishings,SHF-BEN-1882,Bench - Padded Wall Bench,1800,1380,460,67.5,0.0,0.0,0.0,none,0.0,0.0,0,2320,41,792500,8760,30,0,IP20,-20,60,0,,,CSA-F1 fire and smoke
bench_window_seat,bench,furniture,passive,Sable Habitat Furnishings,SHF-BEN-4119,Bench - Window Seat,1800,860,542,47.9,0.0,0.0,0.0,none,0.0,0.0,0,1730,35,1153300,8760,30,0,IP20,-20,60,0,,,CSA-F1 fire and smoke
bin_incinerator_hatch,bin,furniture,passive,Sable Habitat Furnishings,SHF-BIN-4792,Waste / recycling bin - Incinerator Hatch,800,800,185,8.61,0.0,0.0,0.0,none,0.0,0.0,0,632,38,1050900,8760,30,0,IP20,-20,60,0,,,CSA-F1 fire and smoke
bin_recycling_bin_triple,bin,furniture,passive,Sable Habitat Furnishings,SHF-BIN-1383,Waste / recycling bin - Recycling Bin Triple,1240,965,509,44.1,0.0,0.0,0.0,none,0.0,0.0,0,2000,39,747600,8760,30,0,IP20,-20,60,0,,,CSA-F1 fire and smoke
bin_trash_bin,bin,furniture,passive,Sable Habitat Furnishings,SHF-BIN-1392,Waste / recycling bin - Trash Bin,538,775,549,15.8,0.0,0.0,0.0,none,0.0,0.0,0,750,40,835600,8760,30,0,IP20,-20,60,0,,,CSA-F1 fire and smoke
bin_waste_chute_door,bin,furniture,passive,Sable Habitat Furnishings,SHF-BIN-8647,Waste / recycling bin - Waste Chute Door,600,700,110,3.24,0.0,0.0,0.0,none,0.0,0.0,0,218,34,693200,8760,30,0,IP20,-20,60,0,,,CSA-F1 fire and smoke
cabinet_janitor_closet,cabinet,furniture,passive,Sable Habitat Furnishings,SHF-CAB-5956,Cabinet - Janitor Closet,850,1955,675,152.7,0.0,0.0,0.0,none,0.0,0.0,0,5250,36,1109500,8760,30,0,IP20,-20,60,0,,,CSA-F1 fire and smoke
cabinet_utility_cabinet,cabinet,furniture,passive,Sable Habitat Furnishings,SHF-CAB-9689,Cabinet - Utility Cabinet,960,1830,580,133.3,0.0,0.0,0.0,none,0.0,0.0,0,4930,44,720200,8760,30,0,IP20,-20,60,0,,,CSA-F1 fire and smoke
cabinet_wall_storage_lockers,cabinet,furniture,passive,Sable Habitat Furnishings,SHF-CAB-6254,Cabinet - Wall Storage Lockers,1200,800,400,54.4,0.0,0.0,0.0,none,0.0,0.0,0,2250,41,1025200,8760,30,0,IP20,-20,60,0,,,CSA-F1 fire and smoke
cabletray_conduit_bundle,cabletray,structure,passive,Anvil Fluid Controls,AFC-CAB-4067,Cable tray - Conduit Bundle,2000,260,162,8.91,0.0,0.0,0.0,none,0.0,0.0,0,337,39,1219300,17520,40,0,IP40,-40,80,0,,,CSA-S2 structural
cabletray_covered_led_tray,cabletray,structure,passive,Anvil Fluid Controls,AFC-CAB-7879,Cable tray - Covered Led Tray,2000,195,460,17.8,0.0,0.0,0.0,none,0.0,0.0,0,533,37,1738300,17520,40,0,IP40,-40,80,0,,,CSA-S2 structural
cabletray_fibre_glow_tray,cabletray,structure,passive,Anvil Fluid Controls,AFC-CAB-9538,Cable tray - Fibre Glow Tray,2000,150,360,10.7,0.0,0.0,0.0,none,0.0,0.0,0,335,38,1305800,17520,40,0,IP40,-40,80,0,,,CSA-S2 structural
cabletray_flex_conduit,cabletray,structure,passive,Anvil Fluid Controls,AFC-CAB-4232,Cable tray - Flex Conduit,2020,116,175,4.17,0.0,0.0,0.0,none,0.0,0.0,0,411,42,1738700,17520,40,0,IP40,-40,80,0,,,CSA-S2 structural
cabletray_ladder_tray,cabletray,structure,passive,Anvil Fluid Controls,AFC-CAB-2485,Cable tray - Ladder Tray,2000,170,460,15.5,0.0,0.0,0.0,none,0.0,0.0,0,467,46,1113400,17520,40,0,IP40,-40,80,0,,,CSA-S2 structural
cabletray_perforated_trough,cabletray,structure,passive,Anvil Fluid Controls,AFC-CAB-5649,Cable tray - Perforated Trough,2000,190,500,20.3,0.0,0.0,0.0,none,0.0,0.0,0,556,43,1244700,17520,40,0,IP40,-40,80,0,,,CSA-S2 structural
cabletray_two_tier_tray,cabletray,structure,passive,Anvil Fluid Controls,AFC-CAB-7428,Cable tray - Two Tier Tray,2000,420,350,29.2,0.0,0.0,0.0,none,0.0,0.0,0,920,46,1886700,17520,40,0,IP40,-40,80,0,,,CSA-S2 structural
cabletray_wire_basket,cabletray,structure,passive,Anvil Fluid Controls,AFC-CAB-9949,Cable tray - Wire Basket,2000,480,110,11.4,0.0,0.0,0.0,none,0.0,0.0,0,489,41,1056800,17520,40,0,IP40,-40,80,0,,,CSA-S2 structural
camera_card_reader,camera,security,consumer,Fennick Safety and Security,FSS-CAM-4356,Security sensor - Card Reader,110,201,58,0.18,2.5,8.5,14,24 VDC,0.0,0.0,7.8,167,65,59000,4380,15,0,IP54,-10,55,32,Security bus SEB-1 (encrypted),,CSA-SEC2 security; CSA-E24 electrical safety
camera_cluster_ceiling,camera,security,consumer,Fennick Safety and Security,FSS-CAM-3173,Security sensor - Cluster Ceiling,586,265,504,11.3,4.6,15,25,24 VDC,0.0,0.0,14,8820,68,60500,4380,15,0,IP54,-10,55,32,Security bus SEB-1 (encrypted),,CSA-SEC2 security; CSA-E24 electrical safety
camera_dome_ceiling,camera,security,consumer,Fennick Safety and Security,FSS-CAM-9816,Security sensor - Dome Ceiling,318,150,318,2.21,3.1,10,17,24 VDC,0.0,0.0,9.2,1520,72,82300,4380,15,0,IP54,-10,55,32,Security bus SEB-1 (encrypted),,CSA-SEC2 security; CSA-E24 electrical safety
camera_metal_detector_arch,camera,security,consumer,Fennick Safety and Security,FSS-CAM-5206,Security sensor - Metal Detector Arch,1240,2060,560,183.9,48,160,260,48 VDC,0.0,0.0,150,156000,82,68800,4380,15,0,IP54,-10,55,34,Security bus SEB-1 (encrypted),alert,CSA-SEC2 security; CSA-E24 electrical safety
camera_motion_sensor,camera,security,consumer,Fennick Safety and Security,FSS-CAM-1169,Security sensor - Motion Sensor,160,160,113,0.41,2.4,8.0,13,24 VDC,0.0,0.0,7.4,327,61,82500,4380,15,0,IP54,-10,55,32,Security bus SEB-1 (encrypted),,CSA-SEC2 security; CSA-E24 electrical safety
camera_palm_scanner,camera,security,consumer,Fennick Safety and Security,FSS-CAM-2855,Security sensor - Palm Scanner,300,400,176,2.93,3.1,10,16,24 VDC,0.0,0.0,9.2,2610,66,54500,4380,15,0,IP54,-10,55,32,Security bus SEB-1 (encrypted),,CSA-SEC2 security; CSA-E24 electrical safety
camera_pan_tilt_ceiling,camera,security,consumer,Fennick Safety and Security,FSS-CAM-1526,Security sensor - Pan Tilt Ceiling,260,450,310,4.89,3.8,13,20,24 VDC,0.0,0.0,12,3580,71,85600,4380,15,0,IP54,-10,55,32,Security bus SEB-1 (encrypted),,CSA-SEC2 security; CSA-E24 electrical safety
camera_retina_scanner,camera,security,consumer,Fennick Safety and Security,FSS-CAM-7001,Security sensor - Retina Scanner,240,380,99,1.19,2.6,8.6,14,24 VDC,0.0,0.0,7.9,1010,72,64900,4380,15,0,IP54,-10,55,32,Security bus SEB-1 (encrypted),medical,CSA-SEC2 security; CSA-E24 electrical safety
camera_sentry_sensor_pod,camera,security,consumer,Fennick Safety and Security,FSS-CAM-2407,Security sensor - Sentry Sensor Pod,480,1010,480,37.4,9.8,33,52,24 VDC,0.0,0.0,30,33300,79,87200,4380,15,0,IP54,-10,55,33,Security bus SEB-1 (encrypted),,CSA-SEC2 security; CSA-E24 electrical safety
camera_wall_bracket,camera,security,consumer,Fennick Safety and Security,FSS-CAM-1631,Security sensor - Wall Bracket,150,260,540,2.78,3.3,11,18,24 VDC,0.0,0.0,10,2070,69,79400,4380,15,0,IP54,-10,55,32,Security bus SEB-1 (encrypted),,CSA-SEC2 security; CSA-E24 electrical safety
capacitor_battery_rack,capacitor,power,energy storage,Halvorsen Power Systems,HPS-CAP-1463,Energy storage - Battery Rack,1250,1985,624,1190,240,480,960,400 VDC,476,238,1200,1140000,161,53700,4000,25,2,IP54,-20,55,78,Power management bus PMB-1,,CSA-M5 machinery safety; CSA-E24 electrical safety
capacitor_battery_trolley,capacitor,power,energy storage,Halvorsen Power Systems,HPS-CAP-1963,Energy storage - Battery Trolley,1294,1075,700,711.6,140,290,580,400 VDC,285,142,720,709000,163,41200,4000,25,2,IP54,-20,55,77,Power management bus PMB-1,,CSA-M5 machinery safety; CSA-E24 electrical safety
capacitor_capacitor_bank_rack,capacitor,power,energy storage,Halvorsen Power Systems,HPS-CAP-4659,Energy storage - Capacitor Bank Rack,1100,1960,616,1093,13,27,54,400 VDC,656,10.9,1300,1050000,159,50900,4000,25,2,IP54,-20,55,79,Power management bus PMB-1,,CSA-M5 machinery safety; CSA-E24 electrical safety
capacitor_capacitor_wall_array,capacitor,power,energy storage,Halvorsen Power Systems,HPS-CAP-9917,Energy storage - Capacitor Wall Array,1200,1200,295,331.9,5.8,12,23,48 VDC,199,3.32,400,361000,154,55500,4000,25,2,IP54,-20,55,76,Power management bus PMB-1,,CSA-M5 machinery safety; CSA-E24 electrical safety
capacitor_cell_charging_dock,capacitor,power,consumer,Halvorsen Power Systems,HPS-CAP-8542,Energy storage - Cell Charging Dock,1000,700,240,126.6,110,570,740,120 VAC 1ph,0.0,0.0,520,121000,155,62800,4000,25,2,IP54,-20,55,72,Power management bus PMB-1,,CSA-M5 machinery safety; CSA-E24 electrical safety
capacitor_cell_tray,capacitor,power,energy storage,Halvorsen Power Systems,HPS-CAP-2877,Energy storage - Cell Tray,550,142,200,11.8,4.9,9.7,19,48 VDC,4.72,2.36,14,12600,146,35300,4000,25,2,IP54,-20,55,69,Power management bus PMB-1,,CSA-M5 machinery safety; CSA-E24 electrical safety
capacitor_charging_cradle,capacitor,power,consumer,Halvorsen Power Systems,HPS-CAP-3145,Energy storage - Charging Cradle,600,435,401,73.9,130,630,810,120 VAC 1ph,0.0,0.0,580,76200,157,61200,4000,25,2,IP54,-20,55,72,Power management bus PMB-1,,CSA-M5 machinery safety; CSA-E24 electrical safety
capacitor_energy_cell,capacitor,power,energy storage,Halvorsen Power Systems,HPS-CAP-8013,Energy storage - Energy Cell,136,340,140,4.39,3.4,6.8,14,48 VDC,1.76,0.878,6.9,4250,148,41000,4000,25,2,IP54,-20,55,69,Power management bus PMB-1,,CSA-M5 machinery safety; CSA-E24 electrical safety
capacitor_energy_cell_crate,capacitor,power,energy storage,Halvorsen Power Systems,HPS-CAP-5848,Energy storage - Energy Cell Crate,990,800,644,358.7,74,150,300,400 VDC,143,71.7,360,288000,161,60900,4000,25,2,IP54,-20,55,75,Power management bus PMB-1,,CSA-M5 machinery safety; CSA-E24 electrical safety
capacitor_fuel_cell_stack,capacitor,power,producer,Halvorsen Power Systems,HPS-CAP-1751,Energy storage - Fuel Cell Stack,1650,1075,700,955.5,640,1300,1900,400 VAC 3ph,159,0.0,9500,1020000,163,48700,4000,25,2,IP54,-20,55,76,Power management bus PMB-1,,CSA-M5 machinery safety; CSA-E24 electrical safety
capacitor_fuel_cell_tower,capacitor,power,producer,Halvorsen Power Systems,HPS-CAP-7442,Energy storage - Fuel Cell Tower,1085,2638,994,2059,1300,2700,4000,400 VAC 3ph,332,0.0,20000,2110000,161,58900,4000,25,2,IP54,-20,55,77,Power management bus PMB-1,,CSA-M5 machinery safety; CSA-E24 electrical safety
capacitor_high_voltage_capacitor,capacitor,power,energy storage,Halvorsen Power Systems,HPS-CAP-5585,Energy storage - High Voltage Capacitor,911,1600,830,912.1,12,23,46,48 VDC,547,9.12,1100,843000,161,52700,4000,25,2,IP54,-20,55,78,Power management bus PMB-1,,CSA-M5 machinery safety; CSA-E24 electrical safety
capacitor_marx_bank,capacitor,power,energy storage,Halvorsen Power Systems,HPS-CAP-7162,Energy storage - Marx Bank,900,1879,604,750.6,10,20,40,48 VDC,450,7.51,910,685000,155,63800,4000,25,2,IP54,-20,55,78,Power management bus PMB-1,,CSA-M5 machinery safety; CSA-E24 electrical safety
capacitor_power_cell_locker,capacitor,power,energy storage,Halvorsen Power Systems,HPS-CAP-5778,Energy storage - Power Cell Locker,920,1910,555,684.5,140,280,560,400 VDC,274,137,690,733000,159,50600,4000,25,2,IP54,-20,55,77,Power management bus PMB-1,,CSA-M5 machinery safety; CSA-E24 electrical safety
capacitor_power_cell_pack,capacitor,power,energy storage,Halvorsen Power Systems,HPS-CAP-9997,Energy storage - Power Cell Pack,345,220,146,7.65,4.0,8.1,16,48 VDC,3.06,1.53,10,8130,152,41500,4000,25,2,IP54,-20,55,69,Power management bus PMB-1,,CSA-M5 machinery safety; CSA-E24 electrical safety
capacitor_power_core,capacitor,power,energy storage,Halvorsen Power Systems,HPS-CAP-8980,Energy storage - Power Core,986,1390,986,1015,13,25,51,400 VDC,609,10.2,1200,1050000,163,57600,4000,25,2,IP54,-20,55,78,Power management bus PMB-1,,CSA-M5 machinery safety; CSA-E24 electrical safety
capacitor_supercapacitor_cluster,capacitor,power,energy storage,Halvorsen Power Systems,HPS-CAP-1084,Energy storage - Supercapacitor Cluster,1240,1865,1380,2275,25,50,100,400 VDC,1360,22.8,2700,1980000,158,61000,4000,25,2,IP54,-20,55,80,Power management bus PMB-1,,CSA-M5 machinery safety; CSA-E24 electrical safety
capacitor_wall_battery_cabinet,capacitor,power,energy storage,Halvorsen Power Systems,HPS-CAP-2403,Energy storage - Wall Battery Cabinet,900,1400,365,337.9,70,140,280,400 VDC,135,67.6,340,285000,154,38800,4000,25,2,IP54,-20,55,75,Power management bus PMB-1,power,CSA-M5 machinery safety; CSA-E24 electrical safety
ceilinglight_cage_light,ceilinglight,light,consumer,Tamsin Lighting,TAM-CEI-1708,Ceiling luminaire - Cage Light,214,232,220,1.54,0.51,10,11,24 VDC,0.0,0.0,8.0,606,30,53600,17520,12,0,IP44,-20,55,0,Lighting bus LB-1 (dimming),,CSA-E24 electrical safety; CSA-L3 photobiological
ceilinglight_cove_tray,ceilinglight,light,consumer,Tamsin Lighting,TAM-CEI-5284,Ceiling luminaire - Cove Tray,1600,170,500,20.2,1.2,24,26,24 VDC,0.0,0.0,19,5770,42,58900,17520,12,0,IP44,-20,55,0,Lighting bus LB-1 (dimming),,CSA-E24 electrical safety; CSA-L3 photobiological
ceilinglight_drum_pendant,ceilinglight,light,consumer,Tamsin Lighting,TAM-CEI-7762,Ceiling luminaire - Drum Pendant,624,715,624,41.0,2.1,42,47,24 VDC,0.0,0.0,34,11500,38,67500,17520,12,0,IP44,-20,55,0,Lighting bus LB-1 (dimming),,CSA-E24 electrical safety; CSA-L3 photobiological
ceilinglight_emergency_fixture,ceilinglight,light,consumer,Tamsin Lighting,TAM-CEI-9907,Ceiling luminaire - Emergency Fixture,560,185,171,2.29,0.65,13,14,24 VDC,0.0,0.0,10,784,32,66300,17520,12,0,IP44,-20,55,0,Lighting bus LB-1 (dimming),,CSA-E24 electrical safety; CSA-L3 photobiological
ceilinglight_flush_dome,ceilinglight,light,consumer,Tamsin Lighting,TAM-CEI-1964,Ceiling luminaire - Flush Dome,638,176,638,10.2,0.99,20,22,24 VDC,0.0,0.0,16,2400,36,71900,17520,12,0,IP44,-20,55,0,Lighting bus LB-1 (dimming),,CSA-E24 electrical safety; CSA-L3 photobiological
ceilinglight_industrial_high_bay,ceilinglight,light,consumer,Tamsin Lighting,TAM-CEI-7805,Ceiling luminaire - Industrial High Bay,868,705,868,80.6,3.7,73,80,120 VAC 1ph,0.0,0.0,58,20200,44,73500,17520,12,0,IP44,-20,55,0,Lighting bus LB-1 (dimming),,CSA-E24 electrical safety; CSA-L3 photobiological
ceilinglight_linear_fixture_1_2,ceilinglight,light,consumer,Tamsin Lighting,TAM-CEI-4312,Ceiling luminaire - Linear Fixture 1.2,1250,62,160,1.62,0.59,12,13,24 VDC,0.0,0.0,9.6,487,31,71500,17520,12,0,IP44,-20,55,0,Lighting bus LB-1 (dimming),,CSA-E24 electrical safety; CSA-L3 photobiological
ceilinglight_lounge_chandelier_ring,ceilinglight,light,consumer,Tamsin Lighting,TAM-CEI-2282,Ceiling luminaire - Lounge Chandelier Ring,1060,899,1070,153.4,6.1,120,130,120 VAC 1ph,0.0,0.0,96,38900,45,76500,17520,12,0,IP44,-20,55,0,Lighting bus LB-1 (dimming),,CSA-E24 electrical safety; CSA-L3 photobiological
ceilinglight_panel_troffer_0_6x1_2,ceilinglight,light,consumer,Tamsin Lighting,TAM-CEI-4864,Ceiling luminaire - Panel Troffer 0.6X1.2,620,98,1260,10.6,1.0,21,23,24 VDC,0.0,0.0,17,2470,36,58400,17520,12,0,IP44,-20,55,0,Lighting bus LB-1 (dimming),,CSA-E24 electrical safety; CSA-L3 photobiological
ceilinglight_pendant_globe,ceilinglight,light,consumer,Tamsin Lighting,TAM-CEI-4123,Ceiling luminaire - Pendant Globe,380,1020,380,19.9,1.4,28,30,24 VDC,0.0,0.0,22,6040,34,57600,17520,12,0,IP44,-20,55,0,Lighting bus LB-1 (dimming),,CSA-E24 electrical safety; CSA-L3 photobiological
ceilinglight_recessed_hex_cells,ceilinglight,light,consumer,Tamsin Lighting,TAM-CEI-8117,Ceiling luminaire - Recessed Hex Cells,994,73,866,9.03,0.79,16,17,24 VDC,0.0,0.0,13,2560,38,43200,17520,12,0,IP44,-20,55,0,Lighting bus LB-1 (dimming),,CSA-E24 electrical safety; CSA-L3 photobiological
ceilinglight_ring_light,ceilinglight,light,consumer,Tamsin Lighting,TAM-CEI-7174,Ceiling luminaire - Ring Light,960,136,960,17.1,1.2,24,26,24 VDC,0.0,0.0,19,4380,42,60700,17520,12,0,IP44,-20,55,0,Lighting bus LB-1 (dimming),,CSA-E24 electrical safety; CSA-L3 photobiological
ceilinglight_round_downlight,ceilinglight,light,consumer,Tamsin Lighting,TAM-CEI-6264,Ceiling luminaire - Round Downlight,338,110,338,1.81,0.58,12,13,24 VDC,0.0,0.0,9.6,638,36,46900,17520,12,0,IP44,-20,55,0,Lighting bus LB-1 (dimming),,CSA-E24 electrical safety; CSA-L3 photobiological
ceilinglight_square_panel_1x1,ceilinglight,light,consumer,Tamsin Lighting,TAM-CEI-1875,Ceiling luminaire - Square Panel 1X1,1000,79,1000,10.6,0.91,18,20,24 VDC,0.0,0.0,14,3360,33,71000,17520,12,0,IP44,-20,55,0,Lighting bus LB-1 (dimming),,CSA-E24 electrical safety; CSA-L3 photobiological
ceilinglight_triple_spot_rail,ceilinglight,light,consumer,Tamsin Lighting,TAM-CEI-8820,Ceiling luminaire - Triple Spot Rail,1100,220,156,5.37,0.74,15,16,24 VDC,0.0,0.0,12,1350,31,44400,17520,12,0,IP44,-20,55,0,Lighting bus LB-1 (dimming),,CSA-E24 electrical safety; CSA-L3 photobiological
ceilinglight_twin_linear_2_4,ceilinglight,light,consumer,Tamsin Lighting,TAM-CEI-4503,Ceiling luminaire - Twin Linear 2.4,2460,120,280,10.7,1.0,21,23,24 VDC,0.0,0.0,17,3230,38,74400,17520,12,0,IP44,-20,55,0,Lighting bus LB-1 (dimming),,CSA-E24 electrical safety; CSA-L3 photobiological
ceilingpanel_access_1x1,ceilingpanel,structure,passive,Calder-Okonkwo Industries,COI-CEI-1524,Ceiling panel - Access 1X1,1000,75,1000,5.02,0.0,0.0,0.0,none,0.0,0.0,0,209,40,1652000,17520,40,0,IP40,-40,80,0,,,CSA-S2 structural
ceilingpanel_cable_cover_1x1,ceilingpanel,structure,passive,Calder-Okonkwo Industries,COI-CEI-8391,Ceiling panel - Cable Cover 1X1,1000,132,1000,8.88,0.0,0.0,0.0,none,0.0,0.0,0,295,42,1509100,17520,40,0,IP40,-40,80,0,,,CSA-S2 structural
ceilingpanel_coffer_2x2,ceilingpanel,structure,passive,Calder-Okonkwo Industries,COI-CEI-1132,Ceiling panel - Coffer 2X2,2000,140,2000,35.2,0.0,0.0,0.0,none,0.0,0.0,0,914,39,1156200,17520,40,0,IP40,-40,80,0,,,CSA-S2 structural
ceilingpanel_diffuser_2x2,ceilingpanel,structure,passive,Calder-Okonkwo Industries,COI-CEI-3668,Ceiling panel - Diffuser 2X2,2000,190,2000,49.6,0.0,0.0,0.0,none,0.0,0.0,0,980,46,1769400,17520,40,0,IP40,-40,80,0,,,CSA-S2 structural
ceilingpanel_dome_light_1x1,ceilingpanel,structure,passive,Calder-Okonkwo Industries,COI-CEI-3614,Ceiling panel - Dome Light 1X1,1000,225,1000,16.5,0.0,0.0,0.0,none,0.0,0.0,0,526,41,1919200,17520,40,0,IP40,-40,80,0,,,CSA-S2 structural
ceilingpanel_egg_crate_2x2,ceilingpanel,structure,passive,Calder-Okonkwo Industries,COI-CEI-1794,Ceiling panel - Egg Crate 2X2,2000,110,2000,29.8,0.0,0.0,0.0,none,0.0,0.0,0,657,41,1151200,17520,40,0,IP40,-40,80,0,,,CSA-S2 structural
ceilingpanel_grid_tile_1x1,ceilingpanel,structure,passive,Calder-Okonkwo Industries,COI-CEI-3310,Ceiling panel - Grid Tile 1X1,1000,40,1000,2.66,0.0,0.0,0.0,none,0.0,0.0,0,99.0,36,1241600,17520,40,0,IP40,-40,80,0,,,CSA-S2 structural
ceilingpanel_hazard_hatch_1x1,ceilingpanel,structure,passive,Calder-Okonkwo Industries,COI-CEI-9185,Ceiling panel - Hazard Hatch 1X1,1000,105,1000,7.1,0.0,0.0,0.0,none,0.0,0.0,0,199,42,1643800,17520,40,0,IP40,-40,80,0,,,CSA-S2 structural
ceilingpanel_light_recess_2x2,ceilingpanel,structure,passive,Calder-Okonkwo Industries,COI-CEI-1007,Ceiling panel - Light Recess 2X2,2000,115,2000,28.2,0.0,0.0,0.0,none,0.0,0.0,0,645,38,1880800,17520,40,0,IP40,-40,80,0,,,CSA-S2 structural
ceilingpanel_perforated_1x1,ceilingpanel,structure,passive,Calder-Okonkwo Industries,COI-CEI-9236,Ceiling panel - Perforated 1X1,1000,40,1000,2.96,0.0,0.0,0.0,none,0.0,0.0,0,297,36,1081600,17520,40,0,IP40,-40,80,0,,,CSA-S2 structural
ceilingpanel_speaker_grille_1x1,ceilingpanel,structure,passive,Calder-Okonkwo Industries,COI-CEI-9433,Ceiling panel - Speaker Grille 1X1,1000,100,1000,7.12,0.0,0.0,0.0,none,0.0,0.0,0,480,45,1749000,17520,40,0,IP40,-40,80,0,,,CSA-S2 structural
ceilingpanel_sprinkler_1x1,ceilingpanel,structure,passive,Calder-Okonkwo Industries,COI-CEI-9344,Ceiling panel - Sprinkler 1X1,1000,180,1000,12.7,0.0,0.0,0.0,none,0.0,0.0,0,379,43,1794900,17520,40,0,IP40,-40,80,0,,,CSA-S2 structural
ceilingpanel_strip_lights_2x2,ceilingpanel,structure,passive,Calder-Okonkwo Industries,COI-CEI-6087,Ceiling panel - Strip Lights 2X2,2000,90,2000,23.1,0.0,0.0,0.0,none,0.0,0.0,0,646,41,1708100,17520,40,0,IP40,-40,80,0,,,CSA-S2 structural
ceilingpanel_vent_slats_1x1,ceilingpanel,structure,passive,Calder-Okonkwo Industries,COI-CEI-4498,Ceiling panel - Vent Slats 1X1,1000,84,1000,5.76,0.0,0.0,0.0,none,0.0,0.0,0,270,38,1824500,17520,40,0,IP40,-40,80,0,,,CSA-S2 structural
cell_contraband_xray_table,cell,security,consumer,Fennick Safety and Security,FSS-CEL-1699,Detention fitting - Contraband Xray Table,1950,1601,920,332.4,16,52,83,48 VDC,0.0,0.0,48,285000,83,58000,4380,15,1,IP54,-10,55,33,Security bus SEB-1 (encrypted),diagnostics,CSA-SEC2 security; CSA-E24 electrical safety
cell_control_desk,cell,security,consumer,Fennick Safety and Security,FSS-CEL-5184,Detention fitting - Control Desk,1900,1370,800,249.7,13,43,69,24 VDC,0.0,0.0,40,164000,79,64500,4380,15,1,IP54,-10,55,33,Security bus SEB-1 (encrypted),computer,CSA-SEC2 security; CSA-E24 electrical safety
cell_door_bars,cell,security,consumer,Fennick Safety and Security,FSS-CEL-6916,Detention fitting - Door Bars,1440,2420,250,104.9,8.2,27,44,24 VDC,0.0,0.0,25,84000,79,62100,4380,15,1,IP54,-10,55,33,Security bus SEB-1 (encrypted),,CSA-SEC2 security; CSA-E24 electrical safety
cell_door_forcefield,cell,security,consumer,Fennick Safety and Security,FSS-CEL-8718,Detention fitting - Door Forcefield,1880,2600,315,175.9,10,34,55,24 VDC,0.0,0.0,31,132000,77,51000,4380,15,1,IP54,-10,55,33,Security bus SEB-1 (encrypted),alert,CSA-SEC2 security; CSA-E24 electrical safety
cell_holding_bench,cell,security,consumer,Fennick Safety and Security,FSS-CEL-6806,Detention fitting - Holding Bench,2000,1250,560,156.3,10,35,55,24 VDC,0.0,0.0,32,104000,76,87300,4380,15,1,IP54,-10,55,33,Security bus SEB-1 (encrypted),,CSA-SEC2 security; CSA-E24 electrical safety
cell_interrogation_table,cell,security,consumer,Fennick Safety and Security,FSS-CEL-4139,Detention fitting - Interrogation Table,1600,1010,2160,392.1,16,55,87,48 VDC,0.0,0.0,51,247000,83,82900,4380,15,1,IP54,-10,55,33,Security bus SEB-1 (encrypted),,CSA-SEC2 security; CSA-E24 electrical safety
cell_observation_window,cell,security,consumer,Fennick Safety and Security,FSS-CEL-8537,Detention fitting - Observation Window,2400,2600,330,241.3,13,43,70,24 VDC,0.0,0.0,40,159000,83,85300,4380,15,1,IP54,-10,55,33,Security bus SEB-1 (encrypted),computer,CSA-SEC2 security; CSA-E24 electrical safety
cell_property_locker,cell,security,consumer,Fennick Safety and Security,FSS-CEL-2818,Detention fitting - Property Locker,920,1900,665,134.2,9.7,32,52,24 VDC,0.0,0.0,29,120000,75,67900,4380,15,1,IP54,-10,55,33,Security bus SEB-1 (encrypted),,CSA-SEC2 security; CSA-E24 electrical safety
cell_restraint_chair,cell,security,consumer,Fennick Safety and Security,FSS-CEL-8095,Detention fitting - Restraint Chair,720,1650,630,83.1,8.2,27,44,24 VDC,0.0,0.0,25,72800,79,59800,4380,15,1,IP54,-10,55,33,Security bus SEB-1 (encrypted),,CSA-SEC2 security; CSA-E24 electrical safety
cell_wall_cot_toilet,cell,security,consumer,Fennick Safety and Security,FSS-CEL-3464,Detention fitting - Wall Cot Toilet,3000,2600,1935,1612,55,180,290,48 VDC,0.0,0.0,170,1130000,88,59500,4380,15,1,IP54,-10,55,34,Security bus SEB-1 (encrypted),,CSA-SEC2 security; CSA-E24 electrical safety
chair_armchair,chair,furniture,passive,Sable Habitat Furnishings,SHF-CHA-4202,Chair - Armchair,860,995,800,12.0,0.0,0.0,0.0,none,0.0,0.0,0,518,35,1031600,8760,30,0,IP20,-20,60,0,,,CSA-F1 fire and smoke
chair_ergonomic_chair,chair,furniture,passive,Sable Habitat Furnishings,SHF-CHA-7790,Chair - Ergonomic Chair,650,1570,821,17.1,0.0,0.0,0.0,none,0.0,0.0,0,865,40,1038100,8760,30,0,IP20,-20,60,0,,,CSA-F1 fire and smoke
chair_folding_chair,chair,furniture,passive,Sable Habitat Furnishings,SHF-CHA-2499,Chair - Folding Chair,440,928,462,3.34,0.0,0.0,0.0,none,0.0,0.0,0,217,30,1053800,8760,30,0,IP20,-20,60,0,,,CSA-F1 fire and smoke
chair_gaming_chair,chair,furniture,passive,Sable Habitat Furnishings,SHF-CHA-5715,Chair - Gaming Chair,850,1460,739,17.7,0.0,0.0,0.0,none,0.0,0.0,0,908,39,1124600,8760,30,0,IP20,-20,60,0,,,CSA-F1 fire and smoke
chair_lounge_chair,chair,furniture,passive,Sable Habitat Furnishings,SHF-CHA-8909,Chair - Lounge Chair,634,1105,871,11.7,0.0,0.0,0.0,none,0.0,0.0,0,561,36,749000,8760,30,0,IP20,-20,60,0,,,CSA-F1 fire and smoke
chair_mess_chair,chair,furniture,passive,Sable Habitat Furnishings,SHF-CHA-1057,Chair - Mess Chair,420,890,460,3.41,0.0,0.0,0.0,none,0.0,0.0,0,220,29,755600,8760,30,0,IP20,-20,60,0,,,CSA-F1 fire and smoke
chair_stool,chair,furniture,passive,Sable Habitat Furnishings,SHF-CHA-9323,Chair - Stool,374,689,395,1.77,0.0,0.0,0.0,none,0.0,0.0,0,153,35,717400,8760,30,0,IP20,-20,60,0,,,CSA-F1 fire and smoke
chair_swivel_office_chair,chair,furniture,passive,Sable Habitat Furnishings,SHF-CHA-7916,Chair - Swivel Office Chair,623,1125,625,8.48,0.0,0.0,0.0,none,0.0,0.0,0,459,36,945000,8760,30,0,IP20,-20,60,0,,,CSA-F1 fire and smoke
cleaningbot_floor_scrubber_disc,cleaningbot,electronics,consumer,Kestrel Cognitive Systems,KCS-CLE-9741,Service robot - Floor Scrubber Disc,720,375,720,47.8,57,230,340,48 VDC,0.0,0.0,210,43000,64,97900,8760,10,0,IP30,0,45,31,"Ship data bus SDB-2, 1 GbE",,CSA-E24 electrical safety; CSA-EMC4 compatibility
cleaningbot_service_drone_with_arm,cleaningbot,electronics,consumer,Kestrel Cognitive Systems,KCS-CLE-2674,Service robot - Service Drone With Arm,746,1480,914,261.2,110,450,680,120 VAC 1ph,0.0,0.0,410,254000,68,67900,8760,10,0,IP30,0,45,32,"Ship data bus SDB-2, 1 GbE",,CSA-E24 electrical safety; CSA-EMC4 compatibility
cleaningbot_wall_window_crawler,cleaningbot,electronics,consumer,Kestrel Cognitive Systems,KCS-CLE-3210,Service robot - Wall Window Crawler,760,460,720,62.4,51,200,310,48 VDC,0.0,0.0,180,64000,56,81200,8760,10,0,IP30,0,45,30,"Ship data bus SDB-2, 1 GbE",,CSA-E24 electrical safety; CSA-EMC4 compatibility
clock_analogue_chronometer,clock,electronics,consumer,Meridian Avionics,MAV-CLO-3779,Chronometer - Analogue Chronometer,480,480,100,2.38,0.54,2.2,3.3,24 VDC,0.0,0.0,2.0,3410,56,93600,8760,10,0,IP30,0,45,28,"Ship data bus SDB-2, 1 GbE",,CSA-E24 electrical safety; CSA-EMC4 compatibility
clock_digital_clock,clock,electronics,consumer,Meridian Avionics,MAV-CLO-2054,Chronometer - Digital Clock,500,200,76,0.7,0.54,2.1,3.2,24 VDC,0.0,0.0,1.9,983,51,68500,8760,10,0,IP30,0,45,28,"Ship data bus SDB-2, 1 GbE",,CSA-E24 electrical safety; CSA-EMC4 compatibility
clock_dual_time_ship_clock,clock,electronics,consumer,Meridian Avionics,MAV-CLO-5891,Chronometer - Dual Time Ship Clock,900,420,98,3.44,0.49,2.0,2.9,24 VDC,0.0,0.0,1.8,3610,58,64400,8760,10,0,IP30,0,45,28,"Ship data bus SDB-2, 1 GbE",,CSA-E24 electrical safety; CSA-EMC4 compatibility
coil_coil_gantry,coil,machinery,consumer,Anvil Fluid Controls,AFC-COI-7098,Warp / plasma coil - Coil Gantry,2400,2380,700,3604,210000,600000,1300000,6.6 kVAC 3ph,0.0,0.0,550000,2640000,136,36900,2000,20,1,IP54,-20,60,80,Machinery control bus MCB-1,,CSA-M5 machinery safety; CSA-E24 electrical safety
coil_dilithium_crystal_chamber,coil,machinery,consumer,Anvil Fluid Controls,AFC-COI-6152,Warp / plasma coil - Dilithium Crystal Chamber,1190,1870,1190,2103,150000,420000,930000,6.6 kVAC 3ph,0.0,0.0,390000,1410000,135,36800,2000,20,1,IP54,-20,60,80,Machinery control bus MCB-1,,CSA-M5 machinery safety; CSA-E24 electrical safety
coil_discharge_coil_tower,coil,machinery,consumer,Anvil Fluid Controls,AFC-COI-3669,Warp / plasma coil - Discharge Coil Tower,1099,1940,1117,2355,130000,370000,800000,6.6 kVAC 3ph,0.0,0.0,340000,1640000,128,40700,2000,20,1,IP54,-20,60,80,Machinery control bus MCB-1,,CSA-M5 machinery safety; CSA-E24 electrical safety
coil_eps_conduit_trunk,coil,machinery,passive,Anvil Fluid Controls,AFC-COI-3316,Warp / plasma coil - Eps Conduit Trunk,550,2440,196,206.4,0.0,0.0,0.0,none,0.0,0.0,0,129000,123,30600,2000,20,0,IP54,-20,60,0,,,CSA-M5 machinery safety; CSA-E24 electrical safety
coil_field_coil_ring,coil,machinery,consumer,Anvil Fluid Controls,AFC-COI-1573,Warp / plasma coil - Field Coil Ring,1900,1900,386,1212,140000,390000,860000,6.6 kVAC 3ph,0.0,0.0,360000,859000,134,28300,2000,20,1,IP54,-20,60,80,Machinery control bus MCB-1,,CSA-M5 machinery safety; CSA-E24 electrical safety
coil_helical_plasma_coil,coil,machinery,consumer,Anvil Fluid Controls,AFC-COI-3835,Warp / plasma coil - Helical Plasma Coil,1100,2345,1094,2316,260000,740000,1600000,6.6 kVAC 3ph,0.0,0.0,680000,1450000,129,25000,2000,20,1,IP54,-20,60,80,Machinery control bus MCB-1,,CSA-M5 machinery safety; CSA-E24 electrical safety
coil_injector_tower,coil,machinery,consumer,Anvil Fluid Controls,AFC-COI-1295,Warp / plasma coil - Injector Tower,960,3300,936,2511,150000,440000,960000,6.6 kVAC 3ph,0.0,0.0,400000,1760000,127,24800,2000,20,1,IP54,-20,60,80,Machinery control bus MCB-1,,CSA-M5 machinery safety; CSA-E24 electrical safety
coil_magnetic_bottle,coil,machinery,consumer,Anvil Fluid Controls,AFC-COI-3460,Warp / plasma coil - Magnetic Bottle,1220,2500,1190,3245,200000,560000,1200000,6.6 kVAC 3ph,0.0,0.0,520000,1950000,130,23000,2000,20,1,IP54,-20,60,80,Machinery control bus MCB-1,,CSA-M5 machinery safety; CSA-E24 electrical safety
coil_plasma_conduit_elbow,coil,machinery,passive,Anvil Fluid Controls,AFC-COI-5785,Warp / plasma coil - Plasma Conduit Elbow,1610,1210,489,852.7,0.0,0.0,0.0,none,0.0,0.0,0,432000,125,28000,2000,20,0,IP54,-20,60,0,,,CSA-M5 machinery safety; CSA-E24 electrical safety
coil_plasma_manifold,coil,machinery,consumer,Anvil Fluid Controls,AFC-COI-8361,Warp / plasma coil - Plasma Manifold,1700,1871,700,1944,110000,320000,700000,6.6 kVAC 3ph,0.0,0.0,290000,1510000,136,26200,2000,20,1,IP54,-20,60,80,Machinery control bus MCB-1,,CSA-M5 machinery safety; CSA-E24 electrical safety
coil_wall_coil_bank,coil,machinery,consumer,Anvil Fluid Controls,AFC-COI-8248,Warp / plasma coil - Wall Coil Bank,1300,1600,355,679.9,46000,130000,290000,400 VAC 3ph,0.0,0.0,120000,452000,131,34300,2000,20,1,IP54,-20,60,78,Machinery control bus MCB-1,,CSA-M5 machinery safety; CSA-E24 electrical safety
coil_warp_coil_stack,coil,machinery,consumer,Anvil Fluid Controls,AFC-COI-3259,Warp / plasma coil - Warp Coil Stack,1000,2680,1000,2481,260000,740000,1600000,6.6 kVAC 3ph,0.0,0.0,680000,1730000,127,36700,2000,20,1,IP54,-20,60,80,Machinery control bus MCB-1,,CSA-M5 machinery safety; CSA-E24 electrical safety
commsunit_comms_console,commsunit,electronics,consumer,Kestrel Cognitive Systems,KCS-COM-7679,Communications unit - Comms Console,1660,1379,660,432.1,160,640,950,120 VAC 1ph,0.0,0.0,590,392000,66,104900,8760,10,1,IP30,0,45,32,"Ship data bus SDB-2, 1 GbE",comms starmap science,CSA-E24 electrical safety; CSA-EMC4 compatibility
commsunit_encryption_unit,commsunit,electronics,consumer,Kestrel Cognitive Systems,KCS-COM-6603,Communications unit - Encryption Unit,320,200,287,5.2,5.1,20,31,24 VDC,0.0,0.0,18,4800,58,82000,8760,10,1,IP30,0,45,28,"Ship data bus SDB-2, 1 GbE",computer,CSA-E24 electrical safety; CSA-EMC4 compatibility
commsunit_handset_cradle,commsunit,electronics,consumer,Kestrel Cognitive Systems,KCS-COM-4776,Communications unit - Handset Cradle,245,182,300,3.63,4.8,19,29,24 VDC,0.0,0.0,17,3600,52,63300,8760,10,1,IP30,0,45,28,"Ship data bus SDB-2, 1 GbE",computer,CSA-E24 electrical safety; CSA-EMC4 compatibility
commsunit_intercom_panel,commsunit,electronics,consumer,Kestrel Cognitive Systems,KCS-COM-6623,Communications unit - Intercom Panel,220,340,60,1.3,4.0,16,24,24 VDC,0.0,0.0,15,1470,51,103600,8760,10,1,IP30,0,45,28,"Ship data bus SDB-2, 1 GbE",comms,CSA-E24 electrical safety; CSA-EMC4 compatibility
commsunit_radio_rack,commsunit,electronics,consumer,Kestrel Cognitive Systems,KCS-COM-9309,Communications unit - Radio Rack,600,2100,509,193.9,63,250,380,48 VDC,0.0,0.0,230,225000,63,65100,8760,10,1,IP30,0,45,31,"Ship data bus SDB-2, 1 GbE",comms science,CSA-E24 electrical safety; CSA-EMC4 compatibility
commsunit_radio_transceiver,commsunit,electronics,consumer,Kestrel Cognitive Systems,KCS-COM-3933,Communications unit - Radio Transceiver,558,500,300,24.0,13,51,77,48 VDC,0.0,0.0,47,28600,56,63300,8760,10,1,IP30,0,45,29,"Ship data bus SDB-2, 1 GbE",science,CSA-E24 electrical safety; CSA-EMC4 compatibility
commsunit_signal_booster,commsunit,electronics,consumer,Kestrel Cognitive Systems,KCS-COM-5362,Communications unit - Signal Booster,440,430,254,12.8,7.8,31,47,24 VDC,0.0,0.0,29,11400,58,69200,8760,10,1,IP30,0,45,29,"Ship data bus SDB-2, 1 GbE",,CSA-E24 electrical safety; CSA-EMC4 compatibility
commsunit_speaker_grille,commsunit,electronics,consumer,Kestrel Cognitive Systems,KCS-COM-3507,Communications unit - Speaker Grille,600,300,105,5.51,5.4,22,33,24 VDC,0.0,0.0,20,5510,56,90400,8760,10,1,IP30,0,45,28,"Ship data bus SDB-2, 1 GbE",,CSA-E24 electrical safety; CSA-EMC4 compatibility
commsunit_translator_panel,commsunit,electronics,consumer,Kestrel Cognitive Systems,KCS-COM-9875,Communications unit - Translator Panel,500,376,68,3.81,4.8,19,29,24 VDC,0.0,0.0,17,3930,57,98900,8760,10,1,IP30,0,45,28,"Ship data bus SDB-2, 1 GbE",holo computer,CSA-E24 electrical safety; CSA-EMC4 compatibility
commsunit_wall_microphone,commsunit,electronics,consumer,Kestrel Cognitive Systems,KCS-COM-8629,Communications unit - Wall Microphone,160,200,384,3.44,5.1,20,31,24 VDC,0.0,0.0,18,4130,57,85700,8760,10,1,IP30,0,45,28,"Ship data bus SDB-2, 1 GbE",,CSA-E24 electrical safety; CSA-EMC4 compatibility
console_captain_podium,console,bridge,consumer,Meridian Avionics,MAV-CON-3085,Bridge console - Captain Podium,600,1178,550,50.5,62,210,290,48 VDC,0.0,0.0,190,87500,82,58200,8760,12,1,IP30,0,45,32,"Ship data bus SDB-2, 10 GbE",computer,CSA-E24 electrical safety; CSA-EMC4 compatibility; CSA-B7 bridge systems
console_communications,console,bridge,consumer,Meridian Avionics,MAV-CON-8625,Bridge console - Communications,1485,1371,804,212.0,110,370,520,120 VAC 1ph,0.0,0.0,340,422000,86,57200,8760,12,1,IP30,0,45,33,"Ship data bus SDB-2, 10 GbE",comms science,CSA-E24 electrical safety; CSA-EMC4 compatibility; CSA-B7 bridge systems
console_compact_aux,console,bridge,consumer,Meridian Avionics,MAV-CON-1106,Bridge console - Compact Aux,1016,1311,777,145.0,84,280,390,48 VDC,0.0,0.0,260,286000,77,58300,8760,12,1,IP30,0,45,33,"Ship data bus SDB-2, 10 GbE",computer diagnostics,CSA-E24 electrical safety; CSA-EMC4 compatibility; CSA-B7 bridge systems
console_corner,console,bridge,consumer,Meridian Avionics,MAV-CON-3880,Bridge console - Corner,1884,1445,1328,492.7,180,600,840,120 VAC 1ph,0.0,0.0,550,714000,87,82600,8760,12,1,IP30,0,45,34,"Ship data bus SDB-2, 10 GbE",engineering nav sensors,CSA-E24 electrical safety; CSA-EMC4 compatibility; CSA-B7 bridge systems
console_curved_command_desk,console,bridge,consumer,Meridian Avionics,MAV-CON-2624,Bridge console - Curved Command Desk,2708,1060,1035,389.7,150,500,700,120 VAC 1ph,0.0,0.0,460,563000,82,68400,8760,12,1,IP30,0,45,34,"Ship data bus SDB-2, 10 GbE",nav engineering tactical,CSA-E24 electrical safety; CSA-EMC4 compatibility; CSA-B7 bridge systems
console_damage_control,console,bridge,consumer,Meridian Avionics,MAV-CON-6051,Bridge console - Damage Control,1716,1390,907,282.3,130,450,630,120 VAC 1ph,0.0,0.0,410,421000,83,87700,8760,12,1,IP30,0,45,34,"Ship data bus SDB-2, 10 GbE",deckplan alert engineering,CSA-E24 electrical safety; CSA-EMC4 compatibility; CSA-B7 bridge systems
console_engineering_status,console,bridge,consumer,Meridian Avionics,MAV-CON-3631,Bridge console - Engineering Status,1816,1596,857,344.6,150,490,690,120 VAC 1ph,0.0,0.0,450,679000,80,81500,8760,12,1,IP30,0,45,34,"Ship data bus SDB-2, 10 GbE",power diagnostics engineering,CSA-E24 electrical safety; CSA-EMC4 compatibility; CSA-B7 bridge systems
console_environmental,console,bridge,consumer,Meridian Avionics,MAV-CON-6026,Bridge console - Environmental,1812,1390,854,309.5,110,370,520,120 VAC 1ph,0.0,0.0,340,547000,87,72500,8760,12,1,IP30,0,45,33,"Ship data bus SDB-2, 10 GbE",deckplan medical,CSA-E24 electrical safety; CSA-EMC4 compatibility; CSA-B7 bridge systems
console_flight_control,console,bridge,consumer,Meridian Avionics,MAV-CON-1530,Bridge console - Flight Control,1616,1395,954,305.2,130,430,610,120 VAC 1ph,0.0,0.0,400,475000,80,62100,8760,12,1,IP30,0,45,34,"Ship data bus SDB-2, 10 GbE",nav diagnostics engineering,CSA-E24 electrical safety; CSA-EMC4 compatibility; CSA-B7 bridge systems
console_helm,console,bridge,consumer,Meridian Avionics,MAV-CON-3732,Bridge console - Helm,1716,1432,904,287.3,120,400,570,120 VAC 1ph,0.0,0.0,370,433000,87,80800,8760,12,1,IP30,0,45,33,"Ship data bus SDB-2, 10 GbE",nav sensors,CSA-E24 electrical safety; CSA-EMC4 compatibility; CSA-B7 bridge systems
console_navigation,console,bridge,consumer,Meridian Avionics,MAV-CON-5829,Bridge console - Navigation,1916,1390,904,352.0,140,470,660,120 VAC 1ph,0.0,0.0,430,598000,87,80000,8760,12,1,IP30,0,45,34,"Ship data bus SDB-2, 10 GbE",starmap nav computer,CSA-E24 electrical safety; CSA-EMC4 compatibility; CSA-B7 bridge systems
console_ops,console,bridge,consumer,Meridian Avionics,MAV-CON-3891,Bridge console - Ops,2116,1525,864,401.4,140,450,640,120 VAC 1ph,0.0,0.0,410,589000,83,92700,8760,12,1,IP30,0,45,34,"Ship data bus SDB-2, 10 GbE",engineering power diagnostics,CSA-E24 electrical safety; CSA-EMC4 compatibility; CSA-B7 bridge systems
console_science,console,bridge,consumer,Meridian Avionics,MAV-CON-1768,Bridge console - Science,1516,1351,904,259.6,110,370,520,120 VAC 1ph,0.0,0.0,340,527000,80,90200,8760,12,1,IP30,0,45,33,"Ship data bus SDB-2, 10 GbE",science atmosphere computer,CSA-E24 electrical safety; CSA-EMC4 compatibility; CSA-B7 bridge systems
console_sensor,console,bridge,consumer,Meridian Avionics,MAV-CON-7200,Bridge console - Sensor,1618,1390,875,263.1,120,410,580,120 VAC 1ph,0.0,0.0,380,378000,86,80600,8760,12,1,IP30,0,45,34,"Ship data bus SDB-2, 10 GbE",sensors science,CSA-E24 electrical safety; CSA-EMC4 compatibility; CSA-B7 bridge systems
console_shield_control,console,bridge,consumer,Meridian Avionics,MAV-CON-2352,Bridge console - Shield Control,1716,1390,904,298.3,130,430,600,120 VAC 1ph,0.0,0.0,400,430000,79,52700,8760,12,1,IP30,0,45,34,"Ship data bus SDB-2, 10 GbE",power diagnostics engineering,CSA-E24 electrical safety; CSA-EMC4 compatibility; CSA-B7 bridge systems
console_sloped_triple_screen,console,bridge,consumer,Meridian Avionics,MAV-CON-5927,Bridge console - Sloped Triple Screen,2016,1623,949,396.1,170,560,790,120 VAC 1ph,0.0,0.0,520,552000,80,52700,8760,12,1,IP30,0,45,34,"Ship data bus SDB-2, 10 GbE",nav starmap engineering tactical,CSA-E24 electrical safety; CSA-EMC4 compatibility; CSA-B7 bridge systems
console_tactical,console,bridge,consumer,Meridian Avionics,MAV-CON-1741,Bridge console - Tactical,1816,1469,954,335.2,140,450,630,120 VAC 1ph,0.0,0.0,410,460000,78,83700,8760,12,1,IP30,0,45,34,"Ship data bus SDB-2, 10 GbE",tactical alert,CSA-E24 electrical safety; CSA-EMC4 compatibility; CSA-B7 bridge systems
console_transporter_control,console,bridge,consumer,Meridian Avionics,MAV-CON-5435,Bridge console - Transporter Control,1516,1510,954,277.9,120,400,560,120 VAC 1ph,0.0,0.0,370,391000,81,87500,8760,12,1,IP30,0,45,33,"Ship data bus SDB-2, 10 GbE",medical,CSA-E24 electrical safety; CSA-EMC4 compatibility; CSA-B7 bridge systems
console_wall_flush,console,bridge,consumer,Meridian Avionics,MAV-CON-5178,Bridge console - Wall Flush,2216,1580,404,186.5,98,330,460,120 VAC 1ph,0.0,0.0,300,272000,81,90200,8760,12,1,IP30,0,45,33,"Ship data bus SDB-2, 10 GbE",engineering nav sensors atmosphere,CSA-E24 electrical safety; CSA-EMC4 compatibility; CSA-B7 bridge systems
console_weapons,console,bridge,consumer,Meridian Avionics,MAV-CON-1449,Bridge console - Weapons,1616,1449,954,300.8,120,410,570,120 VAC 1ph,0.0,0.0,380,468000,86,95700,8760,12,1,IP30,0,45,34,"Ship data bus SDB-2, 10 GbE",tactical alert,CSA-E24 electrical safety; CSA-EMC4 compatibility; CSA-B7 bridge systems
controlpanel_airlock_control,controlpanel,electronics,consumer,Meridian Avionics,MAV-CON-3917,Control panel - Airlock Control,360,500,69,5.77,9.5,38,57,24 VDC,0.0,0.0,35,7570,55,61100,8760,10,1,IP30,0,45,29,"Ship data bus SDB-2, 1 GbE",lifesupport,CSA-E24 electrical safety; CSA-EMC4 compatibility
controlpanel_alert_level,controlpanel,electronics,consumer,Meridian Avionics,MAV-CON-1479,Control panel - Alert Level,500,220,64,2.93,5.9,24,35,24 VDC,0.0,0.0,22,3950,51,106200,8760,10,1,IP30,0,45,28,"Ship data bus SDB-2, 1 GbE",,CSA-E24 electrical safety; CSA-EMC4 compatibility
controlpanel_biometric_scanner,controlpanel,electronics,consumer,Meridian Avionics,MAV-CON-3894,Control panel - Biometric Scanner,240,300,67,1.93,4.0,16,24,24 VDC,0.0,0.0,15,2150,53,90100,8760,10,1,IP30,0,45,28,"Ship data bus SDB-2, 1 GbE",,CSA-E24 electrical safety; CSA-EMC4 compatibility
controlpanel_breaker_bank,controlpanel,electronics,passive,Meridian Avionics,MAV-CON-9445,Control panel - Breaker Bank,500,900,83,18.8,0.0,0.0,0.0,none,0.0,0.0,0,20600,62,90300,8760,10,0,IP30,0,45,0,,,CSA-E24 electrical safety; CSA-EMC4 compatibility
controlpanel_card_reader,controlpanel,electronics,consumer,Meridian Avionics,MAV-CON-2381,Control panel - Card Reader,160,270,68,1.15,2.3,9.4,14,24 VDC,0.0,0.0,8.6,1350,49,95000,8760,10,1,IP30,0,45,28,"Ship data bus SDB-2, 1 GbE",computer,CSA-E24 electrical safety; CSA-EMC4 compatibility
controlpanel_comm_jack_panel,controlpanel,electronics,consumer,Meridian Avionics,MAV-CON-9827,Control panel - Comm Jack Panel,500,200,69,3.14,5.9,23,35,24 VDC,0.0,0.0,21,4220,52,61100,8760,10,1,IP30,0,45,28,"Ship data bus SDB-2, 1 GbE",,CSA-E24 electrical safety; CSA-EMC4 compatibility
controlpanel_data_port,controlpanel,electronics,consumer,Meridian Avionics,MAV-CON-9399,Control panel - Data Port,300,250,77,2.25,4.1,17,25,24 VDC,0.0,0.0,16,2490,48,107500,8760,10,1,IP30,0,45,28,"Ship data bus SDB-2, 1 GbE",,CSA-E24 electrical safety; CSA-EMC4 compatibility
controlpanel_dials_and_sliders,controlpanel,electronics,consumer,Meridian Avionics,MAV-CON-1814,Control panel - Dials And Sliders,700,300,68,6.47,12,47,71,24 VDC,0.0,0.0,43,7250,54,92300,8760,10,1,IP30,0,45,29,"Ship data bus SDB-2, 1 GbE",,CSA-E24 electrical safety; CSA-EMC4 compatibility
controlpanel_emergency_stop,controlpanel,electronics,consumer,Meridian Avionics,MAV-CON-6035,Control panel - Emergency Stop,240,280,90,2.49,5.1,20,31,24 VDC,0.0,0.0,18,3450,56,81500,8760,10,1,IP30,0,45,28,"Ship data bus SDB-2, 1 GbE",,CSA-E24 electrical safety; CSA-EMC4 compatibility
controlpanel_environment_control,controlpanel,electronics,consumer,Meridian Avionics,MAV-CON-6628,Control panel - Environment Control,600,400,69,7.38,12,48,73,24 VDC,0.0,0.0,44,8130,53,84700,8760,10,1,IP30,0,45,29,"Ship data bus SDB-2, 1 GbE",medical,CSA-E24 electrical safety; CSA-EMC4 compatibility
controlpanel_fire_pull_station,controlpanel,electronics,consumer,Meridian Avionics,MAV-CON-5984,Control panel - Fire Pull Station,160,240,84,1.45,2.7,11,16,24 VDC,0.0,0.0,10,1370,53,72000,8760,10,1,IP30,0,45,28,"Ship data bus SDB-2, 1 GbE",,CSA-E24 electrical safety; CSA-EMC4 compatibility
controlpanel_fuse_box,controlpanel,electronics,passive,Meridian Avionics,MAV-CON-7792,Control panel - Fuse Box,400,558,100,9.95,0.0,0.0,0.0,none,0.0,0.0,0,9610,60,106700,8760,10,0,IP30,0,45,0,,,CSA-E24 electrical safety; CSA-EMC4 compatibility
controlpanel_intercom_station,controlpanel,electronics,consumer,Meridian Avionics,MAV-CON-4827,Control panel - Intercom Station,220,364,58,1.85,4.0,16,24,24 VDC,0.0,0.0,15,2220,56,96100,8760,10,1,IP30,0,45,28,"Ship data bus SDB-2, 1 GbE",,CSA-E24 electrical safety; CSA-EMC4 compatibility
controlpanel_keypad_lock,controlpanel,electronics,consumer,Meridian Avionics,MAV-CON-9344,Control panel - Keypad Lock,200,300,58,1.54,2.8,11,17,24 VDC,0.0,0.0,10,2250,55,86600,8760,10,1,IP30,0,45,28,"Ship data bus SDB-2, 1 GbE",computer,CSA-E24 electrical safety; CSA-EMC4 compatibility
controlpanel_lift_call,controlpanel,electronics,consumer,Meridian Avionics,MAV-CON-2410,Control panel - Lift Call,160,360,61,1.52,2.9,12,18,24 VDC,0.0,0.0,11,1920,55,75300,8760,10,1,IP30,0,45,28,"Ship data bus SDB-2, 1 GbE",computer,CSA-E24 electrical safety; CSA-EMC4 compatibility
controlpanel_light_switch,controlpanel,electronics,passive,Meridian Avionics,MAV-CON-3449,Control panel - Light Switch,120,200,52,0.54,0.0,0.0,0.0,none,0.0,0.0,0,622,44,90100,8760,10,0,IP30,0,45,0,,,CSA-E24 electrical safety; CSA-EMC4 compatibility
controlpanel_power_isolator,controlpanel,electronics,passive,Meridian Avionics,MAV-CON-8116,Control panel - Power Isolator,300,420,206,11.6,0.0,0.0,0.0,none,0.0,0.0,0,14100,56,79700,8760,10,0,IP30,0,45,0,,,CSA-E24 electrical safety; CSA-EMC4 compatibility
controlpanel_status_light_strip,controlpanel,electronics,consumer,Meridian Avionics,MAV-CON-5116,Control panel - Status Light Strip,140,620,68,2.56,5.0,20,30,24 VDC,0.0,0.0,18,3150,51,74500,8760,10,1,IP30,0,45,28,"Ship data bus SDB-2, 1 GbE",,CSA-E24 electrical safety; CSA-EMC4 compatibility
controlpanel_switch_bank,controlpanel,electronics,passive,Meridian Avionics,MAV-CON-9811,Control panel - Switch Bank,450,350,83,5.67,0.0,0.0,0.0,none,0.0,0.0,0,7360,60,109700,8760,10,0,IP30,0,45,0,,,CSA-E24 electrical safety; CSA-EMC4 compatibility
controlpanel_valve_control,controlpanel,electronics,consumer,Meridian Avionics,MAV-CON-9498,Control panel - Valve Control,400,400,110,7.62,12,50,75,24 VDC,0.0,0.0,46,7770,58,72000,8760,10,1,IP30,0,45,29,"Ship data bus SDB-2, 1 GbE",,CSA-E24 electrical safety; CSA-EMC4 compatibility
couch_bar_stool,couch,furniture,passive,Sable Habitat Furnishings,SHF-COU-2097,Couch / sofa - Bar Stool,478,960,478,6.55,0.0,0.0,0.0,none,0.0,0.0,0,474,30,985600,8760,30,0,IP20,-20,60,0,,,CSA-F1 fire and smoke
couch_bean_bag,couch,furniture,passive,Sable Habitat Furnishings,SHF-COU-5717,Couch / sofa - Bean Bag,1100,921,1100,31.6,0.0,0.0,0.0,none,0.0,0.0,0,1180,39,1106700,8760,30,0,IP20,-20,60,0,,,CSA-F1 fire and smoke
couch_chaise,couch,furniture,passive,Sable Habitat Furnishings,SHF-COU-5821,Couch / sofa - Chaise,865,1030,1775,43.7,0.0,0.0,0.0,none,0.0,0.0,0,1500,36,726900,8760,30,0,IP20,-20,60,0,,,CSA-F1 fire and smoke
couch_corner_couch_segment,couch,furniture,passive,Sable Habitat Furnishings,SHF-COU-4123,Couch / sofa - Corner Couch Segment,1000,935,1000,26.5,0.0,0.0,0.0,none,0.0,0.0,0,1050,40,654800,8760,30,0,IP20,-20,60,0,,,CSA-F1 fire and smoke
couch_lounge_armchair,couch,furniture,passive,Sable Habitat Furnishings,SHF-COU-2548,Couch / sofa - Lounge Armchair,1020,1272,1020,39.1,0.0,0.0,0.0,none,0.0,0.0,0,1540,39,1146800,8760,30,0,IP20,-20,60,0,,,CSA-F1 fire and smoke
couch_observation_sofa,couch,furniture,passive,Sable Habitat Furnishings,SHF-COU-9205,Couch / sofa - Observation Sofa,3161,1000,1271,120.3,0.0,0.0,0.0,none,0.0,0.0,0,5190,39,673600,8760,30,0,IP20,-20,60,0,,,CSA-F1 fire and smoke
couch_ottoman,couch,furniture,passive,Sable Habitat Furnishings,SHF-COU-7832,Couch / sofa - Ottoman,800,435,790,8.06,0.0,0.0,0.0,none,0.0,0.0,0,574,37,702200,8760,30,0,IP20,-20,60,0,,,CSA-F1 fire and smoke
couch_seating_pod,couch,furniture,passive,Sable Habitat Furnishings,SHF-COU-5705,Couch / sofa - Seating Pod,1696,1145,1696,94.1,0.0,0.0,0.0,none,0.0,0.0,0,4340,36,846000,8760,30,0,IP20,-20,60,0,,,CSA-F1 fire and smoke
couch_three_seater_sofa,couch,furniture,passive,Sable Habitat Furnishings,SHF-COU-3842,Couch / sofa - Three-Seater Sofa,2300,980,970,67.6,0.0,0.0,0.0,none,0.0,0.0,0,2840,39,788200,8760,30,0,IP20,-20,60,0,,,CSA-F1 fire and smoke
couch_two_seater_sofa,couch,furniture,passive,Sable Habitat Furnishings,SHF-COU-4126,Couch / sofa - Two-Seater Sofa,1600,930,920,37.1,0.0,0.0,0.0,none,0.0,0.0,0,1570,36,894300,8760,30,0,IP20,-20,60,0,,,CSA-F1 fire and smoke
craft_cargo_shuttle,craft,craft,consumer,Ironwake Heavy Works,IHW-CRA-6569,Craft - Cargo Shuttle,3700,4400,9116,51386,2800,9200,18000,400 VAC 3ph,0.0,0.0,8500,94600000,295,23200,1000,30,2,IP67,-60,80,80,Docking data link DDL-1,,CSA-F9 flight certificate; CSA-P4 pressure equipment
craft_drop_pod,craft,craft,consumer,Ironwake Heavy Works,IHW-CRA-6555,Craft - Drop Pod,2900,3910,2900,11606,1100,3600,7100,208 VAC 3ph,0.0,0.0,3300,18900000,288,23900,1000,30,2,IP67,-60,80,78,Docking data link DDL-1,,CSA-F9 flight certificate; CSA-P4 pressure equipment
craft_eva_pod,craft,craft,consumer,Ironwake Heavy Works,IHW-CRA-2359,Craft - Eva Pod,2437,2670,2539,5914,890,3000,5900,208 VAC 3ph,0.0,0.0,2800,9640000,281,19700,1000,30,2,IP67,-60,80,77,Docking data link DDL-1,,CSA-F9 flight certificate; CSA-P4 pressure equipment
craft_interceptor,craft,craft,consumer,Ironwake Heavy Works,IHW-CRA-2476,Craft - Interceptor,4800,1716,5286,15818,1300,4400,8800,208 VAC 3ph,0.0,0.0,4000,30200000,288,27500,1000,30,2,IP67,-60,80,78,Docking data link DDL-1,,CSA-F9 flight certificate; CSA-P4 pressure equipment
craft_lander,craft,craft,consumer,Ironwake Heavy Works,IHW-CRA-2770,Craft - Lander,4564,4500,4564,30169,1900,6300,13000,208 VAC 3ph,0.0,0.0,5800,66100000,292,28500,1000,30,2,IP67,-60,80,79,Docking data link DDL-1,,CSA-F9 flight certificate; CSA-P4 pressure equipment
craft_medical_shuttle,craft,craft,consumer,Ironwake Heavy Works,IHW-CRA-5393,Craft - Medical Shuttle,4100,2750,5905,22285,1700,5600,11000,208 VAC 3ph,0.0,0.0,5200,36500000,289,26100,1000,30,2,IP67,-60,80,79,Docking data link DDL-1,,CSA-F9 flight certificate; CSA-P4 pressure equipment
craft_repair_pod,craft,craft,consumer,Ironwake Heavy Works,IHW-CRA-8257,Craft - Repair Pod,2200,3110,3692,9167,990,3300,6600,208 VAC 3ph,0.0,0.0,3000,18200000,284,32200,1000,30,2,IP67,-60,80,78,Docking data link DDL-1,,CSA-F9 flight certificate; CSA-P4 pressure equipment
craft_scout,craft,craft,consumer,Ironwake Heavy Works,IHW-CRA-2785,Craft - Scout,5540,2080,6386,24881,1500,5100,10000,208 VAC 3ph,0.0,0.0,4700,50100000,287,31100,1000,30,2,IP67,-60,80,79,Docking data link DDL-1,,CSA-F9 flight certificate; CSA-P4 pressure equipment
craft_shuttlecraft,craft,craft,consumer,Ironwake Heavy Works,IHW-CRA-2893,Craft - Shuttlecraft,4380,3529,5459,29919,2100,6800,14000,208 VAC 3ph,0.0,0.0,6300,63900000,291,27300,1000,30,2,IP67,-60,80,79,Docking data link DDL-1,,CSA-F9 flight certificate; CSA-P4 pressure equipment
craft_tug,craft,craft,consumer,Ironwake Heavy Works,IHW-CRA-7115,Craft - Tug,2600,2640,6515,15904,1200,4000,7900,208 VAC 3ph,0.0,0.0,3700,31900000,292,26600,1000,30,2,IP67,-60,80,78,Docking data link DDL-1,,CSA-F9 flight certificate; CSA-P4 pressure equipment
crate_ammo_box,crate,cargo,passive,Ironwake Heavy Works,IHW-CRA-9090,Crate / container - Ammo Box,570,362,332,3.97,0.0,0.0,0.0,none,0.0,0.0,0,484,49,393400,8760,25,0,IP54,-40,70,0,,,CSA-C1 cargo handling
crate_ammo_stack,crate,cargo,passive,Ironwake Heavy Works,IHW-CRA-5842,Crate / container - Ammo Stack,600,815,350,9.71,0.0,0.0,0.0,none,0.0,0.0,0,1200,57,520700,8760,25,0,IP54,-40,70,0,,,CSA-C1 cargo handling
crate_biohazard,crate,cargo,passive,Ironwake Heavy Works,IHW-CRA-9991,Crate / container - Biohazard,812,826,738,29.2,0.0,0.0,0.0,none,0.0,0.0,0,2900,57,562200,8760,25,0,IP54,-40,70,0,,,CSA-C1 cargo handling
crate_cage_large,crate,cargo,passive,Ironwake Heavy Works,IHW-CRA-1606,Crate / container - Cage Large,1614,1432,1062,147.0,0.0,0.0,0.0,none,0.0,0.0,0,14900,55,438100,8760,25,0,IP54,-40,70,0,,,CSA-C1 cargo handling
crate_cage_small,crate,cargo,passive,Ironwake Heavy Works,IHW-CRA-5289,Crate / container - Cage Small,912,725,642,22.7,0.0,0.0,0.0,none,0.0,0.0,0,2670,53,563800,8760,25,0,IP54,-40,70,0,,,CSA-C1 cargo handling
crate_cold_chain,crate,cargo,passive,Ironwake Heavy Works,IHW-CRA-4362,Crate / container - Cold Chain,984,930,777,38.0,0.0,0.0,0.0,none,0.0,0.0,0,3610,54,520800,8760,25,0,IP54,-40,70,0,,power,CSA-C1 cargo handling
crate_flammable_red,crate,cargo,passive,Ironwake Heavy Works,IHW-CRA-3437,Crate / container - Flammable Red,812,912,741,30.0,0.0,0.0,0.0,none,0.0,0.0,0,3270,51,463500,8760,25,0,IP54,-40,70,0,,,CSA-C1 cargo handling
crate_fragile,crate,cargo,passive,Ironwake Heavy Works,IHW-CRA-5223,Crate / container - Fragile,1000,900,907,44.3,0.0,0.0,0.0,none,0.0,0.0,0,3760,52,465800,8760,25,0,IP54,-40,70,0,,,CSA-C1 cargo handling
crate_hard_case,crate,cargo,passive,Ironwake Heavy Works,IHW-CRA-1421,Crate / container - Hard Case,920,452,622,14.4,0.0,0.0,0.0,none,0.0,0.0,0,1420,49,500300,8760,25,0,IP54,-40,70,0,,,CSA-C1 cargo handling
crate_hazard_yellow,crate,cargo,passive,Ironwake Heavy Works,IHW-CRA-3413,Crate / container - Hazard Yellow,984,812,968,47.7,0.0,0.0,0.0,none,0.0,0.0,0,4790,56,392900,8760,25,0,IP54,-40,70,0,,,CSA-C1 cargo handling
crate_iso_container_blue,crate,cargo,passive,Ironwake Heavy Works,IHW-CRA-6559,Crate / container - Iso Container Blue,2468,2625,6105,2165,0.0,0.0,0.0,none,0.0,0.0,0,168000,70,580300,8760,25,0,IP54,-40,70,0,,,CSA-C1 cargo handling
crate_iso_container_hazard,crate,cargo,passive,Ironwake Heavy Works,IHW-CRA-2689,Crate / container - Iso Container Hazard,2476,2625,6105,2267,0.0,0.0,0.0,none,0.0,0.0,0,247000,67,443200,8760,25,0,IP54,-40,70,0,,,CSA-C1 cargo handling
crate_medical_supply,crate,cargo,passive,Ironwake Heavy Works,IHW-CRA-1819,Crate / container - Medical Supply,812,568,538,15.1,0.0,0.0,0.0,none,0.0,0.0,0,1740,50,444200,8760,25,0,IP54,-40,70,0,,,CSA-C1 cargo handling
crate_open_parts,crate,cargo,passive,Ironwake Heavy Works,IHW-CRA-4935,Crate / container - Open Parts,1000,700,800,34.5,0.0,0.0,0.0,none,0.0,0.0,0,4100,58,546700,8760,25,0,IP54,-40,70,0,,,CSA-C1 cargo handling
crate_open_power_cells,crate,cargo,passive,Ironwake Heavy Works,IHW-CRA-3779,Crate / container - Open Power Cells,1000,500,713,21.3,0.0,0.0,0.0,none,0.0,0.0,0,2380,50,608500,8760,25,0,IP54,-40,70,0,,,CSA-C1 cargo handling
crate_plank_crate_24,crate,cargo,passive,Ironwake Heavy Works,IHW-CRA-4729,Crate / container - Plank Crate 24,2450,1650,1600,374.3,0.0,0.0,0.0,none,0.0,0.0,0,31300,61,576400,8760,25,0,IP54,-40,70,0,,,CSA-C1 cargo handling
crate_pod_pressurised_long,crate,cargo,passive,Ironwake Heavy Works,IHW-CRA-6310,Crate / container - Pod Pressurised Long,1400,1455,2460,292.1,0.0,0.0,0.0,none,0.0,0.0,0,24500,56,639500,8760,25,0,IP54,-40,70,0,,,CSA-C1 cargo handling
crate_pod_pressurised_tall,crate,cargo,passive,Ironwake Heavy Works,IHW-CRA-8554,Crate / container - Pod Pressurised Tall,1400,2185,1400,277.0,0.0,0.0,0.0,none,0.0,0.0,0,28200,56,551900,8760,25,0,IP54,-40,70,0,,,CSA-C1 cargo handling
crate_refrigerated,crate,cargo,passive,Ironwake Heavy Works,IHW-CRA-5847,Crate / container - Refrigerated,1284,1175,1031,84.7,0.0,0.0,0.0,none,0.0,0.0,0,7870,62,460100,8760,25,0,IP54,-40,70,0,,,CSA-C1 cargo handling
crate_ribbed_steel,crate,cargo,passive,Ironwake Heavy Works,IHW-CRA-3719,Crate / container - Ribbed Steel,1254,1300,1859,178.9,0.0,0.0,0.0,none,0.0,0.0,0,17000,59,439000,8760,25,0,IP54,-40,70,0,,,CSA-C1 cargo handling
crate_stacked_pair,crate,cargo,passive,Ironwake Heavy Works,IHW-CRA-4103,Crate / container - Stacked Pair,1044,1263,851,68.6,0.0,0.0,0.0,none,0.0,0.0,0,5850,60,379300,8760,25,0,IP54,-40,70,0,,,CSA-C1 cargo handling
crate_steel_1m,crate,cargo,passive,Ironwake Heavy Works,IHW-CRA-6737,Crate / container - Steel 1M,1084,1012,1038,70.1,0.0,0.0,0.0,none,0.0,0.0,0,6860,61,628500,8760,25,0,IP54,-40,70,0,,,CSA-C1 cargo handling
crate_strapped_pair,crate,cargo,passive,Ironwake Heavy Works,IHW-CRA-7657,Crate / container - Strapped Pair,1712,931,1004,93.4,0.0,0.0,0.0,none,0.0,0.0,0,9380,53,493800,8760,25,0,IP54,-40,70,0,,,CSA-C1 cargo handling
crate_strapped_single,crate,cargo,passive,Ironwake Heavy Works,IHW-CRA-4789,Crate / container - Strapped Single,912,769,967,39.7,0.0,0.0,0.0,none,0.0,0.0,0,3910,54,536600,8760,25,0,IP54,-40,70,0,,,CSA-C1 cargo handling
crate_tote_grey,crate,cargo,passive,Ironwake Heavy Works,IHW-CRA-3912,Crate / container - Tote Grey,644,405,464,6.67,0.0,0.0,0.0,none,0.0,0.0,0,795,55,648600,8760,25,0,IP54,-40,70,0,,,CSA-C1 cargo handling
crate_tote_stack_yellow,crate,cargo,passive,Ironwake Heavy Works,IHW-CRA-2751,Crate / container - Tote Stack Yellow,644,1245,464,21.4,0.0,0.0,0.0,none,0.0,0.0,0,2120,57,631100,8760,25,0,IP54,-40,70,0,,,CSA-C1 cargo handling
crate_upright_locker,crate,cargo,passive,Ironwake Heavy Works,IHW-CRA-3769,Crate / container - Upright Locker,640,1980,582,38.6,0.0,0.0,0.0,none,0.0,0.0,0,4110,53,621400,8760,25,0,IP54,-40,70,0,,,CSA-C1 cargo handling
crate_vault_armoured,crate,cargo,passive,Ironwake Heavy Works,IHW-CRA-2276,Crate / container - Vault Armoured,1012,1012,996,61.3,0.0,0.0,0.0,none,0.0,0.0,0,6250,56,613300,8760,25,0,IP54,-40,70,0,,engineering,CSA-C1 cargo handling
crate_wood_slat_06,crate,cargo,passive,Ironwake Heavy Works,IHW-CRA-4098,Crate / container - Wood Slat 06,630,600,654,14.7,0.0,0.0,0.0,none,0.0,0.0,0,1380,57,377100,8760,25,0,IP54,-40,70,0,,,CSA-C1 cargo handling
crate_wood_slat_12,crate,cargo,passive,Ironwake Heavy Works,IHW-CRA-9836,Crate / container - Wood Slat 12,1240,1150,1312,104.0,0.0,0.0,0.0,none,0.0,0.0,0,8860,59,544600,8760,25,0,IP54,-40,70,0,,,CSA-C1 cargo handling
cryo_cryo_control_pillar,cryo,medical,consumer,Lindqvist-Aoki Medical,LAM-CRY-9652,Cryo / stasis - Cryo Control Pillar,1071,2020,700,460.8,930,3100,5600,208 VAC 3ph,0.0,0.0,2900,791000,100,59700,4380,12,1,IP32,10,35,46,Medical data bus MDB-1 (encrypted),medical,CSA-MD5 medical device; CSA-E24 electrical safety
cryo_cryo_stasis_pod,cryo,medical,consumer,Lindqvist-Aoki Medical,LAM-CRY-1545,Cryo / stasis - Cryo-Stasis Pod,1000,1380,2865,1033,1900,6200,11000,208 VAC 3ph,0.0,0.0,5700,1870000,97,51400,4380,12,1,IP32,10,35,47,Medical data bus MDB-1 (encrypted),medical,CSA-MD5 medical device; CSA-E24 electrical safety
cryo_cryo_storage_tank,cryo,medical,consumer,Lindqvist-Aoki Medical,LAM-CRY-7114,Cryo / stasis - Cryo Storage Tank,1200,2550,1200,1027,1800,5900,11000,208 VAC 3ph,0.0,0.0,5400,1750000,98,71900,4380,12,1,IP32,10,35,47,Medical data bus MDB-1 (encrypted),,CSA-MD5 medical device; CSA-E24 electrical safety
cryo_nutrient_iv_tree,cryo,medical,consumer,Lindqvist-Aoki Medical,LAM-CRY-9760,Cryo / stasis - Nutrient Iv Tree,850,2070,850,431.2,920,3100,5500,208 VAC 3ph,0.0,0.0,2900,844000,104,59700,4380,12,1,IP32,10,35,46,Medical data bus MDB-1 (encrypted),,CSA-MD5 medical device; CSA-E24 electrical safety
cylinder_bulk_lox_tank,cylinder,lifesupport,passive,Brightwater Life Systems,BLS-CYL-4872,Gas cylinder - Bulk Lox Tank,2050,1680,1150,2004,0.0,0.0,0.0,none,0.0,0.0,0,1010000,99,32000,3000,18,0,IP54,-10,55,0,,,CSA-LS1 life support; CSA-P4 pressure equipment
cylinder_cryo_dewar,cylinder,lifesupport,passive,Brightwater Life Systems,BLS-CYL-5940,Gas cylinder - Cryo Dewar,870,1805,800,559.3,0.0,0.0,0.0,none,0.0,0.0,0,242000,94,40300,3000,18,0,IP54,-10,55,0,,,CSA-LS1 life support; CSA-P4 pressure equipment
cylinder_cylinder_hand_cart,cylinder,lifesupport,passive,Brightwater Life Systems,BLS-CYL-9010,Gas cylinder - Cylinder Hand Cart,700,1247,620,238.9,0.0,0.0,0.0,none,0.0,0.0,0,145000,94,42200,3000,18,0,IP54,-10,55,0,,,CSA-LS1 life support; CSA-P4 pressure equipment
cylinder_emergency_air_bottle,cylinder,lifesupport,passive,Brightwater Life Systems,BLS-CYL-4077,Gas cylinder - Emergency Air Bottle,520,1260,605,171.4,0.0,0.0,0.0,none,0.0,0.0,0,98700,95,43600,3000,18,0,IP54,-10,55,0,,,CSA-LS1 life support; CSA-P4 pressure equipment
cylinder_gas_manifold_panel,cylinder,lifesupport,passive,Brightwater Life Systems,BLS-CYL-8214,Gas cylinder - Gas Manifold Panel,1000,800,200,76.4,0.0,0.0,0.0,none,0.0,0.0,0,41100,93,32800,3000,18,0,IP54,-10,55,0,,,CSA-LS1 life support; CSA-P4 pressure equipment
cylinder_nitrogen_cylinder_trio,cylinder,lifesupport,passive,Brightwater Life Systems,BLS-CYL-1971,Gas cylinder - Nitrogen Cylinder Trio,1000,1950,700,588.4,0.0,0.0,0.0,none,0.0,0.0,0,266000,96,32100,3000,18,0,IP54,-10,55,0,,,CSA-LS1 life support; CSA-P4 pressure equipment
cylinder_oxygen_cylinder_rack,cylinder,lifesupport,passive,Brightwater Life Systems,BLS-CYL-2695,Gas cylinder - Oxygen Cylinder Rack,1550,1550,531,607.7,0.0,0.0,0.0,none,0.0,0.0,0,274000,98,54300,3000,18,0,IP54,-10,55,0,,,CSA-LS1 life support; CSA-P4 pressure equipment
cylinder_portable_o2_unit,cylinder,lifesupport,passive,Brightwater Life Systems,BLS-CYL-2764,Gas cylinder - Portable O2 Unit,502,705,430,61.1,0.0,0.0,0.0,none,0.0,0.0,0,27500,95,52700,3000,18,0,IP54,-10,55,0,,medical,CSA-LS1 life support; CSA-P4 pressure equipment
desk_computer_desk,desk,furniture,passive,Sable Habitat Furnishings,SHF-DES-6555,Desk - Computer Desk,1380,1271,650,29.6,0.0,0.0,0.0,none,0.0,0.0,0,1400,34,974700,8760,30,0,IP20,-20,60,0,,diagnostics,CSA-F1 fire and smoke
desk_corner_desk,desk,furniture,passive,Sable Habitat Furnishings,SHF-DES-7498,Desk - Corner Desk,1800,1232,1800,109.2,0.0,0.0,0.0,none,0.0,0.0,0,3870,35,795400,8760,30,0,IP20,-20,60,0,,tactical,CSA-F1 fire and smoke
desk_drafting_table,desk,furniture,passive,Sable Habitat Furnishings,SHF-DES-8648,Desk - Drafting Table,1200,1180,828,32.0,0.0,0.0,0.0,none,0.0,0.0,0,1090,33,884700,8760,30,0,IP20,-20,60,0,,,CSA-F1 fire and smoke
desk_drawer_console,desk,furniture,passive,Sable Habitat Furnishings,SHF-DES-5321,Desk - Drawer Console,1400,1046,582,24.3,0.0,0.0,0.0,none,0.0,0.0,0,1010,33,856200,8760,30,0,IP20,-20,60,0,,diagnostics,CSA-F1 fire and smoke
desk_fold_down_wall_desk,desk,furniture,passive,Sable Habitat Furnishings,SHF-DES-4476,Desk - Fold-Down Wall Desk,920,1110,720,21.4,0.0,0.0,0.0,none,0.0,0.0,0,872,39,1099900,8760,30,0,IP20,-20,60,0,,computer,CSA-F1 fire and smoke
desk_officer_desk,desk,furniture,passive,Sable Habitat Furnishings,SHF-DES-8560,Desk - Officer Desk,1820,1213,862,56.8,0.0,0.0,0.0,none,0.0,0.0,0,2210,37,1013100,8760,30,0,IP20,-20,60,0,,comms,CSA-F1 fire and smoke
desk_secretary_desk,desk,furniture,passive,Sable Habitat Furnishings,SHF-DES-9880,Desk - Secretary Desk,1060,1390,522,20.3,0.0,0.0,0.0,none,0.0,0.0,0,915,39,1141200,8760,30,0,IP20,-20,60,0,,,CSA-F1 fire and smoke
desk_standing_desk,desk,furniture,passive,Sable Habitat Furnishings,SHF-DES-4168,Desk - Standing Desk,1400,1582,704,42.5,0.0,0.0,0.0,none,0.0,0.0,0,1770,33,1095800,8760,30,0,IP20,-20,60,0,,medical,CSA-F1 fire and smoke
desk_workstation,desk,furniture,passive,Sable Habitat Furnishings,SHF-DES-8078,Desk - Workstation,1607,1222,750,41.0,0.0,0.0,0.0,none,0.0,0.0,0,1560,34,739200,8760,30,0,IP20,-20,60,0,,diagnostics,CSA-F1 fire and smoke
desk_writing_desk,desk,furniture,passive,Sable Habitat Furnishings,SHF-DES-8010,Desk - Writing Desk,1200,953,600,19.5,0.0,0.0,0.0,none,0.0,0.0,0,797,34,954400,8760,30,0,IP20,-20,60,0,,,CSA-F1 fire and smoke
display_alert_board,display,bridge,consumer,Meridian Avionics,MAV-DIS-3054,Display - Alert Board,1000,1020,105,6.55,20,66,92,48 VDC,0.0,0.0,61,12200,75,55800,8760,12,1,IP30,0,45,31,"Ship data bus SDB-2, 10 GbE",alert,CSA-E24 electrical safety; CSA-EMC4 compatibility; CSA-B7 bridge systems
display_chronometer_clock,display,bridge,consumer,Meridian Avionics,MAV-DIS-1316,Display - Chronometer Clock,650,650,100,3.08,11,36,51,24 VDC,0.0,0.0,33,6220,67,77400,8760,12,1,IP30,0,45,31,"Ship data bus SDB-2, 10 GbE",,CSA-E24 electrical safety; CSA-EMC4 compatibility; CSA-B7 bridge systems
display_circular_display,display,bridge,consumer,Meridian Avionics,MAV-DIS-2275,Display - Circular Display,1016,1016,115,8.01,22,73,100,48 VDC,0.0,0.0,67,14700,77,65100,8760,12,1,IP30,0,45,31,"Ship data bus SDB-2, 10 GbE",sensors,CSA-E24 electrical safety; CSA-EMC4 compatibility; CSA-B7 bridge systems
display_comms_log_board,display,bridge,consumer,Meridian Avionics,MAV-DIS-6728,Display - Comms Log Board,1200,1090,99,8.94,20,68,95,48 VDC,0.0,0.0,63,15800,75,69300,8760,12,1,IP30,0,45,31,"Ship data bus SDB-2, 10 GbE",comms,CSA-E24 electrical safety; CSA-EMC4 compatibility; CSA-B7 bridge systems
display_deck_plan_board,display,bridge,consumer,Meridian Avionics,MAV-DIS-8345,Display - Deck Plan Board,1100,1675,104,12.7,25,83,120,48 VDC,0.0,0.0,76,23500,77,93900,8760,12,1,IP30,0,45,31,"Ship data bus SDB-2, 10 GbE",deckplan,CSA-E24 electrical safety; CSA-EMC4 compatibility; CSA-B7 bridge systems
display_diagnostic_rack,display,bridge,consumer,Meridian Avionics,MAV-DIS-6348,Display - Diagnostic Rack,1000,1207,135,10.0,26,87,120,48 VDC,0.0,0.0,80,18800,70,68800,8760,12,1,IP30,0,45,31,"Ship data bus SDB-2, 10 GbE",diagnostics,CSA-E24 electrical safety; CSA-EMC4 compatibility; CSA-B7 bridge systems
display_dual_screen_mount,display,bridge,consumer,Meridian Avionics,MAV-DIS-3347,Display - Dual Screen Mount,1300,410,434,13.9,34,110,160,48 VDC,0.0,0.0,100,22600,73,71400,8760,12,1,IP30,0,45,32,"Ship data bus SDB-2, 10 GbE",nav sensors,CSA-E24 electrical safety; CSA-EMC4 compatibility; CSA-B7 bridge systems
display_heading_display,display,bridge,consumer,Meridian Avionics,MAV-DIS-3843,Display - Heading Display,900,862,80,4.35,13,43,61,24 VDC,0.0,0.0,40,6530,75,81900,8760,12,1,IP30,0,45,31,"Ship data bus SDB-2, 10 GbE",nav,CSA-E24 electrical safety; CSA-EMC4 compatibility; CSA-B7 bridge systems
display_hex_display,display,bridge,consumer,Meridian Avionics,MAV-DIS-4045,Display - Hex Display,1090,952,105,7.16,21,69,97,48 VDC,0.0,0.0,63,12600,77,76200,8760,12,1,IP30,0,45,31,"Ship data bus SDB-2, 10 GbE",holo,CSA-E24 electrical safety; CSA-EMC4 compatibility; CSA-B7 bridge systems
display_holo_frame_panel,display,bridge,consumer,Meridian Avionics,MAV-DIS-4014,Display - Holo Frame Panel,1490,860,85,6.51,19,65,91,48 VDC,0.0,0.0,60,10100,74,55800,8760,12,1,IP30,0,45,31,"Ship data bus SDB-2, 10 GbE",holo,CSA-E24 electrical safety; CSA-EMC4 compatibility; CSA-B7 bridge systems
display_main_viewscreen,display,bridge,consumer,Meridian Avionics,MAV-DIS-7731,Display - Main Viewscreen,5600,3240,340,409.2,680,2300,3200,208 VAC 3ph,0.0,0.0,2100,771000,87,53700,8760,12,1,IP30,0,45,37,"Ship data bus SDB-2, 10 GbE",starmap,CSA-E24 electrical safety; CSA-EMC4 compatibility; CSA-B7 bridge systems
display_power_board,display,bridge,consumer,Meridian Avionics,MAV-DIS-8707,Display - Power Board,1400,900,116,10.3,24,80,110,48 VDC,0.0,0.0,74,17800,77,80300,8760,12,1,IP30,0,45,31,"Ship data bus SDB-2, 10 GbE",power,CSA-E24 electrical safety; CSA-EMC4 compatibility; CSA-B7 bridge systems
display_schematics_wall,display,bridge,consumer,Meridian Avionics,MAV-DIS-1636,Display - Schematics Wall,2500,1635,160,44.1,79,260,370,48 VDC,0.0,0.0,240,78500,79,61900,8760,12,1,IP30,0,45,33,"Ship data bus SDB-2, 10 GbE",deckplan,CSA-E24 electrical safety; CSA-EMC4 compatibility; CSA-B7 bridge systems
display_scope_rack,display,bridge,consumer,Meridian Avionics,MAV-DIS-7603,Display - Scope Rack,1200,800,150,8.88,21,69,97,48 VDC,0.0,0.0,63,13500,76,94800,8760,12,1,IP30,0,45,31,"Ship data bus SDB-2, 10 GbE",science sensors,CSA-E24 electrical safety; CSA-EMC4 compatibility; CSA-B7 bridge systems
display_status_board,display,bridge,consumer,Meridian Avionics,MAV-DIS-2444,Display - Status Board,1500,1055,95,10.1,25,83,120,48 VDC,0.0,0.0,76,18000,76,61600,8760,12,1,IP30,0,45,31,"Ship data bus SDB-2, 10 GbE",engineering,CSA-E24 electrical safety; CSA-EMC4 compatibility; CSA-B7 bridge systems
display_swing_arm_monitor,display,bridge,consumer,Meridian Avionics,MAV-DIS-7188,Display - Swing Arm Monitor,760,560,751,19.4,42,140,190,48 VDC,0.0,0.0,130,38900,72,90600,8760,12,1,IP30,0,45,32,"Ship data bus SDB-2, 10 GbE",engineering,CSA-E24 electrical safety; CSA-EMC4 compatibility; CSA-B7 bridge systems
display_tactical_wall_screen,display,bridge,consumer,Meridian Avionics,MAV-DIS-1719,Display - Tactical Wall Screen,1990,1395,180,33.2,57,190,260,48 VDC,0.0,0.0,170,55500,78,85100,8760,12,1,IP30,0,45,32,"Ship data bus SDB-2, 10 GbE",tactical,CSA-E24 electrical safety; CSA-EMC4 compatibility; CSA-B7 bridge systems
display_tall_readout,display,bridge,consumer,Meridian Avionics,MAV-DIS-6249,Display - Tall Readout,500,1860,105,6.01,19,64,89,48 VDC,0.0,0.0,59,9010,73,90200,8760,12,1,IP30,0,45,31,"Ship data bus SDB-2, 10 GbE",diagnostics,CSA-E24 electrical safety; CSA-EMC4 compatibility; CSA-B7 bridge systems
display_ticker_banner,display,bridge,consumer,Meridian Avionics,MAV-DIS-7818,Display - Ticker Banner,2340,280,115,5.06,14,46,65,24 VDC,0.0,0.0,42,10300,69,92500,8760,12,1,IP30,0,45,31,"Ship data bus SDB-2, 10 GbE",computer,CSA-E24 electrical safety; CSA-EMC4 compatibility; CSA-B7 bridge systems
display_triple_stack,display,bridge,consumer,Meridian Avionics,MAV-DIS-2769,Display - Triple Stack,850,1550,83,7.29,18,61,85,48 VDC,0.0,0.0,56,12300,69,54600,8760,12,1,IP30,0,45,31,"Ship data bus SDB-2, 10 GbE",science atmosphere diagnostics,CSA-E24 electrical safety; CSA-EMC4 compatibility; CSA-B7 bridge systems
display_vitals_monitor,display,bridge,consumer,Meridian Avionics,MAV-DIS-6594,Display - Vitals Monitor,560,410,380,5.31,16,53,74,24 VDC,0.0,0.0,49,8320,71,90100,8760,12,1,IP30,0,45,31,"Ship data bus SDB-2, 10 GbE",medical,CSA-E24 electrical safety; CSA-EMC4 compatibility; CSA-B7 bridge systems
display_wing_display,display,bridge,consumer,Meridian Avionics,MAV-DIS-2600,Display - Wing Display,1572,745,306,24.0,46,150,220,48 VDC,0.0,0.0,140,43500,81,79000,8760,12,1,IP30,0,45,32,"Ship data bus SDB-2, 10 GbE",nav computer atmosphere,CSA-E24 electrical safety; CSA-EMC4 compatibility; CSA-B7 bridge systems
door_airlock,door,structure,consumer,Calder-Okonkwo Industries,COI-DOO-8858,Door - Airlock,2400,2890,250,348.8,0,97,1200,120 VAC 1ph,0.0,0.0,89,6600,47,1155200,17520,40,0,IP40,-40,80,0,,,CSA-S2 structural
door_blast,door,structure,consumer,Calder-Okonkwo Industries,COI-DOO-8634,Door - Blast,2600,2940,295,497.9,0,130,1500,120 VAC 1ph,0.0,0.0,120,10500,53,1510700,17520,40,0,IP40,-40,80,0,,,CSA-S2 structural
door_bulkhead,door,structure,consumer,Calder-Okonkwo Industries,COI-DOO-9099,Door - Bulkhead,2620,2860,285,465.7,0,130,1600,120 VAC 1ph,0.0,0.0,120,8510,48,1457500,17520,40,0,IP40,-40,80,0,,,CSA-S2 structural
door_cabin,door,structure,consumer,Calder-Okonkwo Industries,COI-DOO-7109,Door - Cabin,2620,2860,285,461.0,0,120,1500,120 VAC 1ph,0.0,0.0,110,10400,54,1571600,17520,40,0,IP40,-40,80,0,,,CSA-S2 structural
door_cargo,door,structure,consumer,Calder-Okonkwo Industries,COI-DOO-9196,Door - Cargo,2360,2800,285,399.0,0,110,1400,120 VAC 1ph,0.0,0.0,100,8780,51,1885400,17520,40,0,IP40,-40,80,0,,,CSA-S2 structural
door_cleanroom,door,structure,consumer,Calder-Okonkwo Industries,COI-DOO-1623,Door - Cleanroom,2280,2740,1075,1473,0,330,4000,208 VAC 3ph,0.0,0.0,300,26500,49,1773100,17520,40,0,IP40,-40,80,0,,,CSA-S2 structural
door_engineering,door,structure,consumer,Calder-Okonkwo Industries,COI-DOO-6755,Door - Engineering,2620,2860,285,454.8,0,120,1500,120 VAC 1ph,0.0,0.0,110,11800,48,1402900,17520,40,0,IP40,-40,80,0,,,CSA-S2 structural
door_glass_lab,door,structure,consumer,Calder-Okonkwo Industries,COI-DOO-9482,Door - Glass Lab,2200,2740,245,280.8,0,90,1100,120 VAC 1ph,0.0,0.0,83,6280,44,1224600,17520,40,0,IP40,-40,80,0,,,CSA-S2 structural
door_hangar_pressure,door,structure,consumer,Calder-Okonkwo Industries,COI-DOO-1718,Door - Hangar Pressure,2700,3160,295,517.0,0,130,1500,120 VAC 1ph,0.0,0.0,120,14000,54,1123200,17520,40,0,IP40,-40,80,0,,,CSA-S2 structural
door_maintenance_hatch,door,structure,consumer,Calder-Okonkwo Industries,COI-DOO-7638,Door - Maintenance Hatch,2440,2760,250,358.0,0,91,1100,120 VAC 1ph,0.0,0.0,84,7360,45,1598200,17520,40,0,IP40,-40,80,0,,,CSA-S2 structural
door_medical,door,structure,consumer,Calder-Okonkwo Industries,COI-DOO-1327,Door - Medical,2620,2860,285,409.9,0,120,1400,120 VAC 1ph,0.0,0.0,110,10300,48,1663800,17520,40,0,IP40,-40,80,0,,,CSA-S2 structural
door_officer_wood,door,structure,consumer,Calder-Okonkwo Industries,COI-DOO-6774,Door - Officer Wood,2400,2880,250,368.1,0,100,1200,120 VAC 1ph,0.0,0.0,92,8220,49,1438500,17520,40,0,IP40,-40,80,0,,,CSA-S2 structural
door_science,door,structure,consumer,Calder-Okonkwo Industries,COI-DOO-3717,Door - Science,2620,2860,285,450.0,0,110,1300,120 VAC 1ph,0.0,0.0,100,9360,45,1413000,17520,40,0,IP40,-40,80,0,,,CSA-S2 structural
door_security,door,structure,consumer,Calder-Okonkwo Industries,COI-DOO-1484,Door - Security,2620,2860,285,423.5,0,120,1400,120 VAC 1ph,0.0,0.0,110,11400,48,1089600,17520,40,0,IP40,-40,80,0,,,CSA-S2 structural
doorframe_deep_bulkhead,doorframe,structure,passive,Calder-Okonkwo Industries,COI-DOO-9055,Door frame - Deep Bulkhead,2900,3050,600,523.2,0.0,0.0,0.0,none,0.0,0.0,0,11000,49,1464600,17520,40,0,IP40,-40,80,0,,,CSA-S2 structural
doorframe_gothic_arch,doorframe,structure,passive,Calder-Okonkwo Industries,COI-DOO-8497,Door frame - Gothic Arch,2800,3800,400,409.5,0.0,0.0,0.0,none,0.0,0.0,0,8250,44,1317800,17520,40,0,IP40,-40,80,0,,,CSA-S2 structural
doorframe_hexagonal,doorframe,structure,passive,Calder-Okonkwo Industries,COI-DOO-2279,Door frame - Hexagonal,2520,2950,245,197.7,0.0,0.0,0.0,none,0.0,0.0,0,5190,49,1610100,17520,40,0,IP40,-40,80,0,,,CSA-S2 structural
doorframe_ibeam_portal,doorframe,structure,passive,Calder-Okonkwo Industries,COI-DOO-6166,Door frame - Ibeam Portal,2600,2925,300,238.5,0.0,0.0,0.0,none,0.0,0.0,0,6240,48,1924400,17520,40,0,IP40,-40,80,0,,,CSA-S2 structural
doorframe_light_strip_square,doorframe,structure,passive,Calder-Okonkwo Industries,COI-DOO-9969,Door frame - Light Strip Square,2850,2900,240,193.0,0.0,0.0,0.0,none,0.0,0.0,0,3880,51,1222600,17520,40,0,IP40,-40,80,0,,,CSA-S2 structural
doorframe_peaked_gable,doorframe,structure,passive,Calder-Okonkwo Industries,COI-DOO-7058,Door frame - Peaked Gable,2760,3669,400,398.8,0.0,0.0,0.0,none,0.0,0.0,0,10500,45,1766700,17520,40,0,IP40,-40,80,0,,,CSA-S2 structural
doorframe_round_arch,doorframe,structure,passive,Calder-Okonkwo Industries,COI-DOO-2692,Door frame - Round Arch,3000,3241,500,545.2,0.0,0.0,0.0,none,0.0,0.0,0,13900,49,1933200,17520,40,0,IP40,-40,80,0,,,CSA-S2 structural
doorframe_twin_ring,doorframe,structure,passive,Calder-Okonkwo Industries,COI-DOO-2263,Door frame - Twin Ring,2440,2820,240,180.2,0.0,0.0,0.0,none,0.0,0.0,0,3810,46,1817000,17520,40,0,IP40,-40,80,0,,,CSA-S2 structural
duct_ceiling_round_vent,duct,lifesupport,passive,Brightwater Life Systems,BLS-DUC-8428,HVAC duct - Ceiling Round Vent,584,160,584,3.92,0.0,0.0,0.0,none,0.0,0.0,0,2610,89,38100,3000,18,0,IP54,-10,55,0,,,CSA-LS1 life support; CSA-P4 pressure equipment
duct_ceiling_square_diffuser,duct,lifesupport,passive,Brightwater Life Systems,BLS-DUC-5888,HVAC duct - Ceiling Square Diffuser,700,120,700,4.53,0.0,0.0,0.0,none,0.0,0.0,0,2390,89,51200,3000,18,0,IP54,-10,55,0,,,CSA-LS1 life support; CSA-P4 pressure equipment
duct_emergency_shutter_vent,duct,lifesupport,passive,Brightwater Life Systems,BLS-DUC-1185,HVAC duct - Emergency Shutter Vent,1120,800,207,13.8,0.0,0.0,0.0,none,0.0,0.0,0,7130,88,38700,3000,18,0,IP54,-10,55,0,,,CSA-LS1 life support; CSA-P4 pressure equipment
duct_flex_duct_hose,duct,lifesupport,passive,Brightwater Life Systems,BLS-DUC-2884,HVAC duct - Flex Duct Hose,2120,760,495,60.6,0.0,0.0,0.0,none,0.0,0.0,0,29600,91,43100,3000,18,0,IP54,-10,55,0,,,CSA-LS1 life support; CSA-P4 pressure equipment
duct_louvered_wall_grille,duct,lifesupport,passive,Brightwater Life Systems,BLS-DUC-7957,HVAC duct - Louvered Wall Grille,900,600,102,4.14,0.0,0.0,0.0,none,0.0,0.0,0,2290,86,49100,3000,18,0,IP54,-10,55,0,,,CSA-LS1 life support; CSA-P4 pressure equipment
duct_plenum_damper_box,duct,lifesupport,passive,Brightwater Life Systems,BLS-DUC-2973,HVAC duct - Plenum Damper Box,2000,890,800,115.1,0.0,0.0,0.0,none,0.0,0.0,0,72200,93,45500,3000,18,0,IP54,-10,55,0,,,CSA-LS1 life support; CSA-P4 pressure equipment
duct_rectangular_duct_run,duct,lifesupport,passive,Brightwater Life Systems,BLS-DUC-3967,HVAC duct - Rectangular Duct Run,2030,480,391,29.6,0.0,0.0,0.0,none,0.0,0.0,0,14600,86,45000,3000,18,0,IP54,-10,55,0,,,CSA-LS1 life support; CSA-P4 pressure equipment
duct_rectangular_elbow,duct,lifesupport,passive,Brightwater Life Systems,BLS-DUC-3236,HVAC duct - Rectangular Elbow,1550,1365,540,85.3,0.0,0.0,0.0,none,0.0,0.0,0,49100,89,39600,3000,18,0,IP54,-10,55,0,,,CSA-LS1 life support; CSA-P4 pressure equipment
duct_return_air_grille,duct,lifesupport,passive,Brightwater Life Systems,BLS-DUC-9019,HVAC duct - Return Air Grille,500,1000,85,3.43,0.0,0.0,0.0,none,0.0,0.0,0,2240,84,56600,3000,18,0,IP54,-10,55,0,,,CSA-LS1 life support; CSA-P4 pressure equipment
duct_round_duct_run,duct,lifesupport,passive,Brightwater Life Systems,BLS-DUC-1006,HVAC duct - Round Duct Run,2000,457,465,32.9,0.0,0.0,0.0,none,0.0,0.0,0,20000,90,36600,3000,18,0,IP54,-10,55,0,,,CSA-LS1 life support; CSA-P4 pressure equipment
duct_round_elbow_duct,duct,lifesupport,passive,Brightwater Life Systems,BLS-DUC-8095,HVAC duct - Round Elbow Duct,1395,1395,540,78.0,0.0,0.0,0.0,none,0.0,0.0,0,44100,87,36600,3000,18,0,IP54,-10,55,0,,,CSA-LS1 life support; CSA-P4 pressure equipment
duct_tee_junction_duct,duct,lifesupport,passive,Brightwater Life Systems,BLS-DUC-1465,HVAC duct - Tee Junction Duct,2000,1300,545,97.3,0.0,0.0,0.0,none,0.0,0.0,0,54400,93,54400,3000,18,0,IP54,-10,55,0,,,CSA-LS1 life support; CSA-P4 pressure equipment
engtool_cable_reel,engtool,machinery,passive,Anvil Fluid Controls,AFC-ENG-3258,Engineering tool - Cable Reel,1180,1000,700,341.2,0.0,0.0,0.0,none,0.0,0.0,0,179000,130,26600,2000,20,0,IP54,-20,60,0,,,CSA-M5 machinery safety; CSA-E24 electrical safety
engtool_chain_hoist_gantry,engtool,machinery,passive,Anvil Fluid Controls,AFC-ENG-2500,Engineering tool - Chain Hoist Gantry,1800,2360,900,1568,0.0,0.0,0.0,none,0.0,0.0,0,833000,133,41000,2000,20,0,IP54,-20,60,0,,,CSA-M5 machinery safety; CSA-E24 electrical safety
engtool_creeper_board,engtool,machinery,passive,Anvil Fluid Controls,AFC-ENG-7798,Engineering tool - Creeper Board,500,215,1050,49.6,0.0,0.0,0.0,none,0.0,0.0,0,25000,117,34600,2000,20,0,IP54,-20,60,0,,,CSA-M5 machinery safety; CSA-E24 electrical safety
engtool_diagnostic_cart,engtool,machinery,passive,Anvil Fluid Controls,AFC-ENG-7326,Engineering tool - Diagnostic Cart,700,1697,572,281.6,0.0,0.0,0.0,none,0.0,0.0,0,194000,122,31200,2000,20,0,IP54,-20,60,0,,diagnostics,CSA-M5 machinery safety; CSA-E24 electrical safety
engtool_hand_tool_set,engtool,machinery,passive,Anvil Fluid Controls,AFC-ENG-2478,Engineering tool - Hand Tool Set,520,90,353,6.44,0.0,0.0,0.0,none,0.0,0.0,0,4140,119,34600,2000,20,0,IP54,-20,60,0,,,CSA-M5 machinery safety; CSA-E24 electrical safety
engtool_jack_stands,engtool,machinery,passive,Anvil Fluid Controls,AFC-ENG-4686,Engineering tool - Jack Stands,1200,745,450,177.6,0.0,0.0,0.0,none,0.0,0.0,0,125000,121,32300,2000,20,0,IP54,-20,60,0,,,CSA-M5 machinery safety; CSA-E24 electrical safety
engtool_oxy_torch_cart,engtool,machinery,passive,Anvil Fluid Controls,AFC-ENG-3137,Engineering tool - Oxy Torch Cart,902,1360,607,322.1,0.0,0.0,0.0,none,0.0,0.0,0,231000,122,33100,2000,20,0,IP54,-20,60,0,,,CSA-M5 machinery safety; CSA-E24 electrical safety
engtool_portable_work_light,engtool,machinery,passive,Anvil Fluid Controls,AFC-ENG-8233,Engineering tool - Portable Work Light,746,1959,666,427.5,0.0,0.0,0.0,none,0.0,0.0,0,239000,129,23900,2000,20,0,IP54,-20,60,0,,,CSA-M5 machinery safety; CSA-E24 electrical safety
engtool_rolling_toolbox,engtool,machinery,passive,Anvil Fluid Controls,AFC-ENG-7243,Engineering tool - Rolling Toolbox,820,1130,550,226.5,0.0,0.0,0.0,none,0.0,0.0,0,163000,127,32900,2000,20,0,IP54,-20,60,0,,,CSA-M5 machinery safety; CSA-E24 electrical safety
engtool_spare_parts_bin,engtool,machinery,passive,Anvil Fluid Controls,AFC-ENG-1160,Engineering tool - Spare Parts Bin,850,930,500,158.0,0.0,0.0,0.0,none,0.0,0.0,0,101000,126,36400,2000,20,0,IP54,-20,60,0,,,CSA-M5 machinery safety; CSA-E24 electrical safety
engtool_tool_rack,engtool,machinery,passive,Anvil Fluid Controls,AFC-ENG-9300,Engineering tool - Tool Rack,1400,1045,160,113.2,0.0,0.0,0.0,none,0.0,0.0,0,69600,126,26400,2000,20,0,IP54,-20,60,0,,,CSA-M5 machinery safety; CSA-E24 electrical safety
engtool_tool_wall_board,engtool,machinery,passive,Anvil Fluid Controls,AFC-ENG-8396,Engineering tool - Tool Wall Board,1710,1060,120,90.8,0.0,0.0,0.0,none,0.0,0.0,0,60900,122,32900,2000,20,0,IP54,-20,60,0,,,CSA-M5 machinery safety; CSA-E24 electrical safety
engtool_wall_parts_bins,engtool,machinery,passive,Anvil Fluid Controls,AFC-ENG-8756,Engineering tool - Wall Parts Bins,1300,900,210,107.8,0.0,0.0,0.0,none,0.0,0.0,0,67800,121,26200,2000,20,0,IP54,-20,60,0,,,CSA-M5 machinery safety; CSA-E24 electrical safety
engtool_welding_rig,engtool,machinery,passive,Anvil Fluid Controls,AFC-ENG-3565,Engineering tool - Welding Rig,1316,1440,635,507.5,0.0,0.0,0.0,none,0.0,0.0,0,326000,131,37500,2000,20,0,IP54,-20,60,0,,,CSA-M5 machinery safety; CSA-E24 electrical safety
engtool_work_bench_with_vise,engtool,machinery,passive,Anvil Fluid Controls,AFC-ENG-1478,Engineering tool - Work Bench With Vise,1800,1180,1057,911.6,0.0,0.0,0.0,none,0.0,0.0,0,519000,133,32500,2000,20,0,IP54,-20,60,0,,,CSA-M5 machinery safety; CSA-E24 electrical safety
floorpanel_arrow_marking_2x2,floorpanel,structure,passive,Calder-Okonkwo Industries,COI-FLO-2818,Floor panel - Arrow Marking 2X2,2000,36,2200,31.2,0.0,0.0,0.0,none,0.0,0.0,0,851,43,1363500,17520,40,0,IP40,-40,80,0,,,CSA-S2 structural
floorpanel_cable_cover_1x1,floorpanel,structure,passive,Calder-Okonkwo Industries,COI-FLO-8462,Floor panel - Cable Cover 1X1,1000,54,1000,10.1,0.0,0.0,0.0,none,0.0,0.0,0,286,38,1110000,17520,40,0,IP40,-40,80,0,,,CSA-S2 structural
floorpanel_carpet_tile_1x1,floorpanel,structure,passive,Calder-Okonkwo Industries,COI-FLO-7883,Floor panel - Carpet Tile 1X1,1000,41,1000,7.76,0.0,0.0,0.0,none,0.0,0.0,0,178,35,1468600,17520,40,0,IP40,-40,80,0,,,CSA-S2 structural
floorpanel_checker_2x2,floorpanel,structure,passive,Calder-Okonkwo Industries,COI-FLO-9606,Floor panel - Checker 2X2,2000,32,2000,27.2,0.0,0.0,0.0,none,0.0,0.0,0,602,39,1707500,17520,40,0,IP40,-40,80,0,,,CSA-S2 structural
floorpanel_deck_seam_2x2,floorpanel,structure,passive,Calder-Okonkwo Industries,COI-FLO-6758,Floor panel - Deck Seam 2X2,2000,37,2000,30.1,0.0,0.0,0.0,none,0.0,0.0,0,768,42,1549000,17520,40,0,IP40,-40,80,0,,,CSA-S2 structural
floorpanel_diamond_plate_2x2,floorpanel,structure,passive,Calder-Okonkwo Industries,COI-FLO-7394,Floor panel - Diamond Plate 2X2,2000,38,2000,31.3,0.0,0.0,0.0,none,0.0,0.0,0,850,46,1930500,17520,40,0,IP40,-40,80,0,,,CSA-S2 structural
floorpanel_glow_edge_2x2,floorpanel,structure,passive,Calder-Okonkwo Industries,COI-FLO-4533,Floor panel - Glow Edge 2X2,2000,45,2000,34.9,0.0,0.0,0.0,none,0.0,0.0,0,734,45,1759200,17520,40,0,IP40,-40,80,0,,,CSA-S2 structural
floorpanel_grating_1x1,floorpanel,structure,passive,Calder-Okonkwo Industries,COI-FLO-7292,Floor panel - Grating 1X1,1000,45,1000,8.43,0.0,0.0,0.0,none,0.0,0.0,0,303,35,1516100,17520,40,0,IP40,-40,80,0,,,CSA-S2 structural
floorpanel_hatch_handle_1x1,floorpanel,structure,passive,Calder-Okonkwo Industries,COI-FLO-3562,Floor panel - Hatch Handle 1X1,1000,60,1000,11.9,0.0,0.0,0.0,none,0.0,0.0,0,294,38,1527800,17520,40,0,IP40,-40,80,0,,,CSA-S2 structural
floorpanel_hazard_edge_2x2,floorpanel,structure,passive,Calder-Okonkwo Industries,COI-FLO-5380,Floor panel - Hazard Edge 2X2,2000,35,2000,27.6,0.0,0.0,0.0,none,0.0,0.0,0,626,42,1111100,17520,40,0,IP40,-40,80,0,,,CSA-S2 structural
floorpanel_hex_tile_1x1,floorpanel,structure,passive,Calder-Okonkwo Industries,COI-FLO-7681,Floor panel - Hex Tile 1X1,1000,45,1056,9.66,0.0,0.0,0.0,none,0.0,0.0,0,392,45,1343900,17520,40,0,IP40,-40,80,0,,,CSA-S2 structural
floorpanel_rubber_studs_1x1,floorpanel,structure,passive,Calder-Okonkwo Industries,COI-FLO-3528,Floor panel - Rubber Studs 1X1,1000,30,1000,6.3,0.0,0.0,0.0,none,0.0,0.0,0,384,40,1516500,17520,40,0,IP40,-40,80,0,,,CSA-S2 structural
forcefield_barrier_bollards,forcefield,security,consumer,Fennick Safety and Security,FSS-FOR-6688,Force-field emitter - Barrier Bollards,1860,1130,260,128.6,14000,46000,74000,400 VAC 3ph,0.0,0.0,42000,115000,83,85800,4380,15,1,IP54,-10,55,45,Security bus SEB-1 (encrypted),,CSA-SEC2 security; CSA-E24 electrical safety
forcefield_blast_shutter,forcefield,security,consumer,Fennick Safety and Security,FSS-FOR-2572,Force-field emitter - Blast Shutter,2800,3100,615,1344,120000,390000,620000,6.6 kVAC 3ph,0.0,0.0,360000,894000,89,80700,4380,15,1,IP54,-10,55,50,Security bus SEB-1 (encrypted),,CSA-SEC2 security; CSA-E24 electrical safety
forcefield_containment_projector,forcefield,security,consumer,Fennick Safety and Security,FSS-FOR-6404,Force-field emitter - Containment Projector,1496,2400,1658,1580,160000,520000,830000,6.6 kVAC 3ph,0.0,0.0,480000,1250000,86,62900,4380,15,1,IP54,-10,55,50,Security bus SEB-1 (encrypted),,CSA-SEC2 security; CSA-E24 electrical safety
forcefield_deflector_grid,forcefield,security,consumer,Fennick Safety and Security,FSS-FOR-7579,Force-field emitter - Deflector Grid,1700,1720,100,71.6,9000,30000,48000,400 VAC 3ph,0.0,0.0,28000,52900,79,60900,4380,15,1,IP54,-10,55,44,Security bus SEB-1 (encrypted),,CSA-SEC2 security; CSA-E24 electrical safety
forcefield_emitter_pair,forcefield,security,consumer,Fennick Safety and Security,FSS-FOR-1313,Force-field emitter - Emitter Pair,2740,2200,340,450.8,49000,160000,260000,400 VAC 3ph,0.0,0.0,150000,370000,84,61500,4380,15,1,IP54,-10,55,48,Security bus SEB-1 (encrypted),,CSA-SEC2 security; CSA-E24 electrical safety
forcefield_hangar_field_arch,forcefield,security,consumer,Fennick Safety and Security,FSS-FOR-8372,Force-field emitter - Hangar Field Arch,3400,3700,420,1149,120000,400000,640000,6.6 kVAC 3ph,0.0,0.0,370000,1000000,82,69800,4380,15,1,IP54,-10,55,50,Security bus SEB-1 (encrypted),,CSA-SEC2 security; CSA-E24 electrical safety
forcefield_laser_grid_emitter,forcefield,security,consumer,Fennick Safety and Security,FSS-FOR-9304,Force-field emitter - Laser Grid Emitter,2640,1700,180,201.3,21000,69000,110000,400 VAC 3ph,0.0,0.0,63000,180000,79,77400,4380,15,1,IP54,-10,55,46,Security bus SEB-1 (encrypted),,CSA-SEC2 security; CSA-E24 electrical safety
forcefield_shield_doorway,forcefield,security,consumer,Fennick Safety and Security,FSS-FOR-5299,Force-field emitter - Shield Doorway,2480,2800,365,626.5,67000,220000,360000,400 VAC 3ph,0.0,0.0,200000,559000,85,70300,4380,15,1,IP54,-10,55,49,Security bus SEB-1 (encrypted),,CSA-SEC2 security; CSA-E24 electrical safety
fountain_drinking_fountain_wall_unit,fountain,galley,consumer,Greywater Galley Systems,GGS-FOU-2447,Water fountain - Drinking Fountain Wall Unit,500,540,312,10.1,26,87,130,120 VAC 1ph,0.0,0.0,80,3510,57,43100,2190,15,0,IP44,0,50,49,,,CSA-F2 food contact; CSA-E24 electrical safety
fountain_water_cooler_tower,fountain,galley,consumer,Greywater Galley Systems,GGS-FOU-4966,Water fountain - Water Cooler Tower,360,1290,425,23.1,39,130,200,120 VAC 1ph,0.0,0.0,120,7510,54,28500,2190,15,0,IP44,0,50,50,,,CSA-F2 food contact; CSA-E24 electrical safety
galley_chest_freezer,galley,galley,consumer,Greywater Galley Systems,GGS-GAL-6536,Galley equipment - Chest Freezer,1520,915,786,169.7,93,310,460,120 VAC 1ph,0.0,0.0,290,59300,62,44000,2190,15,1,IP44,0,50,51,,,CSA-F2 food contact; CSA-E24 electrical safety
galley_coffee_machine,galley,galley,consumer,Greywater Galley Systems,GGS-GAL-8661,Galley equipment - Coffee Machine,900,1725,642,169.5,680,2300,3400,208 VAC 3ph,0.0,0.0,2100,57300,66,43800,2190,15,1,IP44,0,50,55,,medical,CSA-F2 food contact; CSA-E24 electrical safety
galley_commercial_oven,galley,galley,consumer,Greywater Galley Systems,GGS-GAL-7741,Galley equipment - Commercial Oven,950,1920,875,283.8,1100,3600,5400,208 VAC 3ph,0.0,0.0,3300,107000,65,42100,2190,15,1,IP44,0,50,56,,,CSA-F2 food contact; CSA-E24 electrical safety
galley_cutlery_drawer,galley,galley,passive,Greywater Galley Systems,GGS-GAL-2712,Galley equipment - Cutlery Drawer,1040,940,1150,189.4,0.0,0.0,0.0,none,0.0,0.0,0,68700,68,32000,2190,15,0,IP44,0,50,0,,,CSA-F2 food contact; CSA-E24 electrical safety
galley_dishwasher,galley,galley,consumer,Greywater Galley Systems,GGS-GAL-6688,Galley equipment - Dishwasher,900,930,840,123.8,510,1700,2600,208 VAC 3ph,0.0,0.0,1600,43100,61,44000,2190,15,1,IP44,0,50,54,,diagnostics,CSA-F2 food contact; CSA-E24 electrical safety
galley_food_replicator,galley,galley,consumer,Greywater Galley Systems,GGS-GAL-9460,Galley equipment - Food Replicator,900,1940,680,196.6,330,1100,1600,120 VAC 1ph,0.0,0.0,1000,70200,65,42500,2190,15,1,IP44,0,50,53,,computer,CSA-F2 food contact; CSA-E24 electrical safety
galley_hanging_pots_rack,galley,galley,passive,Greywater Galley Systems,GGS-GAL-2828,Galley equipment - Hanging Pots Rack,1200,510,400,40.3,0.0,0.0,0.0,none,0.0,0.0,0,14700,63,39200,2190,15,0,IP44,0,50,0,,,CSA-F2 food contact; CSA-E24 electrical safety
galley_kitchen_island,galley,galley,passive,Greywater Galley Systems,GGS-GAL-4673,Galley equipment - Kitchen Island,2060,1120,1017,414.5,0.0,0.0,0.0,none,0.0,0.0,0,113000,69,43700,2190,15,0,IP44,0,50,0,,,CSA-F2 food contact; CSA-E24 electrical safety
galley_microwave,galley,galley,consumer,Greywater Galley Systems,GGS-GAL-4264,Galley equipment - Microwave,500,300,410,9.73,97,320,480,120 VAC 1ph,0.0,0.0,290,3830,57,30400,2190,15,1,IP44,0,50,51,,,CSA-F2 food contact; CSA-E24 electrical safety
galley_prep_counter,galley,galley,passive,Greywater Galley Systems,GGS-GAL-8884,Galley equipment - Prep Counter,1800,1180,750,251.0,0.0,0.0,0.0,none,0.0,0.0,0,77800,60,33800,2190,15,0,IP44,0,50,0,,,CSA-F2 food contact; CSA-E24 electrical safety
galley_range_with_hood,galley,galley,consumer,Greywater Galley Systems,GGS-GAL-9430,Galley equipment - Range With Hood,900,2500,825,330.3,1200,4100,6200,208 VAC 3ph,0.0,0.0,3800,118000,68,50100,2190,15,1,IP44,0,50,56,,,CSA-F2 food contact; CSA-E24 electrical safety
galley_refrigerator,galley,galley,consumer,Greywater Galley Systems,GGS-GAL-7313,Galley equipment - Refrigerator,800,1900,840,202.9,95,320,470,120 VAC 1ph,0.0,0.0,290,78300,61,49600,2190,15,1,IP44,0,50,51,,,CSA-F2 food contact; CSA-E24 electrical safety
galley_salad_bar,galley,galley,consumer,Greywater Galley Systems,GGS-GAL-3575,Galley equipment - Salad Bar,2040,1430,840,418.7,590,2000,2900,208 VAC 3ph,0.0,0.0,1800,133000,68,33300,2190,15,1,IP44,0,50,55,,,CSA-F2 food contact; CSA-E24 electrical safety
galley_sink_unit,galley,galley,passive,Greywater Galley Systems,GGS-GAL-3780,Galley equipment - Sink Unit,1420,1330,707,224.9,0.0,0.0,0.0,none,0.0,0.0,0,76600,65,43700,2190,15,0,IP44,0,50,0,,,CSA-F2 food contact; CSA-E24 electrical safety
galley_soup_kettle,galley,galley,consumer,Greywater Galley Systems,GGS-GAL-5422,Galley equipment - Soup Kettle,900,1320,880,172.9,740,2500,3700,208 VAC 3ph,0.0,0.0,2300,47500,66,39700,2190,15,1,IP44,0,50,55,,,CSA-F2 food contact; CSA-E24 electrical safety
galley_steamer,galley,galley,consumer,Greywater Galley Systems,GGS-GAL-4212,Galley equipment - Steamer,850,1955,925,270.1,890,3000,4400,208 VAC 3ph,0.0,0.0,2800,103000,67,35200,2190,15,1,IP44,0,50,55,,,CSA-F2 food contact; CSA-E24 electrical safety
galley_storage_shelving,galley,galley,passive,Greywater Galley Systems,GGS-GAL-4641,Galley equipment - Storage Shelving,1268,1900,540,217.1,0.0,0.0,0.0,none,0.0,0.0,0,83600,65,36800,2190,15,0,IP44,0,50,0,,,CSA-F2 food contact; CSA-E24 electrical safety
galley_toaster,galley,galley,consumer,Greywater Galley Systems,GGS-GAL-2281,Galley equipment - Toaster,415,260,230,4.25,28,94,140,120 VAC 1ph,0.0,0.0,86,1470,57,37900,2190,15,1,IP44,0,50,49,,,CSA-F2 food contact; CSA-E24 electrical safety
galley_trash_chute,galley,galley,passive,Greywater Galley Systems,GGS-GAL-1841,Galley equipment - Trash Chute,600,800,232,17.5,0.0,0.0,0.0,none,0.0,0.0,0,6640,52,48600,2190,15,0,IP44,0,50,0,,,CSA-F2 food contact; CSA-E24 electrical safety
galley_water_cooler,galley,galley,consumer,Greywater Galley Systems,GGS-GAL-9233,Galley equipment - Water Cooler,360,1445,510,41.1,25,83,120,120 VAC 1ph,0.0,0.0,76,11600,63,46200,2190,15,1,IP44,0,50,49,,,CSA-F2 food contact; CSA-E24 electrical safety
generator_diesel_genset,generator,power,producer,Halvorsen Power Systems,HPS-GEN-7517,Power generation / conversion - Diesel Genset,1950,1830,909,4205,2100,4200,6300,400 VAC 3ph,521,0.0,31000,3160000,162,37000,4000,25,2,IP54,-20,55,78,Power management bus PMB-1,,CSA-M5 machinery safety; CSA-E24 electrical safety
generator_fuel_processor,generator,power,consumer,Halvorsen Power Systems,HPS-GEN-4736,Power generation / conversion - Fuel Processor,1405,2394,900,4156,1900,9700,13000,208 VAC 3ph,0.0,0.0,8900,3350000,167,59400,4000,25,2,IP54,-20,55,78,Power management bus PMB-1,,CSA-M5 machinery safety; CSA-E24 electrical safety
generator_gas_turbine_genset,generator,power,producer,Halvorsen Power Systems,HPS-GEN-6190,Power generation / conversion - Gas Turbine Genset,2910,1700,924,5764,2800,5700,8500,400 VAC 3ph,710,0.0,43000,6090000,167,45700,4000,25,2,IP54,-20,55,79,Power management bus PMB-1,,CSA-M5 machinery safety; CSA-E24 electrical safety
generator_inverter_cabinet,generator,power,converter,Halvorsen Power Systems,HPS-GEN-1416,Power generation / conversion - Inverter Cabinet,820,1910,650,1371,730,2400,4400,208 VAC 3ph,0.0,0.0,2400,1220000,163,55900,4000,25,2,IP54,-20,55,75,Power management bus PMB-1,power,CSA-M5 machinery safety; CSA-E24 electrical safety
generator_micro_fusion_generator,generator,power,producer,Halvorsen Power Systems,HPS-GEN-3179,Power generation / conversion - Micro Fusion Generator,1100,1360,1170,2309,18000,36000,53000,6.6 kVAC 3ph,4450,0.0,270000,2710000,160,35400,4000,25,2,IP54,-20,55,83,Power management bus PMB-1,,CSA-M5 machinery safety; CSA-E24 electrical safety; CSA-R3 radiation (fusion)
generator_motor_generator_set,generator,power,producer,Halvorsen Power Systems,HPS-GEN-2166,Power generation / conversion - Motor Generator Set,2000,970,800,1993,1100,2200,3400,400 VAC 3ph,279,0.0,17000,1750000,161,35100,4000,25,2,IP54,-20,55,77,Power management bus PMB-1,,CSA-M5 machinery safety; CSA-E24 electrical safety
generator_pad_transformer,generator,power,converter,Halvorsen Power Systems,HPS-GEN-3808,Power generation / conversion - Pad Transformer,1690,1390,900,2775,1500,5100,9100,208 VAC 3ph,0.0,0.0,5100,2190000,158,37300,4000,25,2,IP54,-20,55,77,Power management bus PMB-1,,CSA-M5 machinery safety; CSA-E24 electrical safety
generator_power_distribution_cabinet,generator,power,converter,Halvorsen Power Systems,HPS-GEN-2607,Power generation / conversion - Power Distribution Cabinet,1120,2010,570,1615,920,3100,5500,208 VAC 3ph,0.0,0.0,3100,1670000,164,59700,4000,25,2,IP54,-20,55,76,Power management bus PMB-1,,CSA-M5 machinery safety; CSA-E24 electrical safety
generator_rectifier_cabinet,generator,power,converter,Halvorsen Power Systems,HPS-GEN-5872,Power generation / conversion - Rectifier Cabinet,920,2110,705,1749,990,3300,5900,208 VAC 3ph,0.0,0.0,3300,1620000,163,39100,4000,25,2,IP54,-20,55,76,Power management bus PMB-1,,CSA-M5 machinery safety; CSA-E24 electrical safety
generator_regulator_tower,generator,power,converter,Halvorsen Power Systems,HPS-GEN-5830,Power generation / conversion - Regulator Tower,840,2520,840,2464,1300,4300,7700,208 VAC 3ph,0.0,0.0,4300,2490000,159,47800,4000,25,2,IP54,-20,55,76,Power management bus PMB-1,,CSA-M5 machinery safety; CSA-E24 electrical safety
generator_wall_substation,generator,power,converter,Halvorsen Power Systems,HPS-GEN-4159,Power generation / conversion - Wall Substation,1600,1300,270,671.8,400,1300,2400,208 VAC 3ph,0.0,0.0,1300,664000,156,62900,4000,25,2,IP54,-20,55,74,Power management bus PMB-1,,CSA-M5 machinery safety; CSA-E24 electrical safety
generator_wall_transformer,generator,power,converter,Halvorsen Power Systems,HPS-GEN-4399,Power generation / conversion - Wall Transformer,1070,1000,460,644.0,350,1200,2100,208 VAC 3ph,0.0,0.0,1200,578000,163,41400,4000,25,2,IP54,-20,55,74,Power management bus PMB-1,,CSA-M5 machinery safety; CSA-E24 electrical safety
gym_dumbbell_rack,gym,furniture,passive,Sable Habitat Furnishings,SHF-GYM-5214,Gym equipment - Dumbbell Rack,1460,895,505,55.6,0.0,0.0,0.0,none,0.0,0.0,0,2940,37,866800,8760,30,0,IP20,-20,60,0,,,CSA-F1 fire and smoke
gym_exercise_bike,gym,furniture,passive,Sable Habitat Furnishings,SHF-GYM-7627,Gym equipment - Exercise Bike,700,1260,1080,67.8,0.0,0.0,0.0,none,0.0,0.0,0,2350,40,1049700,8760,30,0,IP20,-20,60,0,,medical,CSA-F1 fire and smoke
gym_punching_bag,gym,furniture,passive,Sable Habitat Furnishings,SHF-GYM-6555,Gym equipment - Punching Bag,900,2160,915,125.4,0.0,0.0,0.0,none,0.0,0.0,0,4380,36,825700,8760,30,0,IP20,-20,60,0,,,CSA-F1 fire and smoke
gym_rowing_machine,gym,furniture,passive,Sable Habitat Furnishings,SHF-GYM-2298,Gym equipment - Rowing Machine,530,980,2060,82.3,0.0,0.0,0.0,none,0.0,0.0,0,3190,39,862700,8760,30,0,IP20,-20,60,0,,medical,CSA-F1 fire and smoke
gym_treadmill,gym,furniture,passive,Sable Habitat Furnishings,SHF-GYM-9869,Gym equipment - Treadmill,880,1245,1960,150.7,0.0,0.0,0.0,none,0.0,0.0,0,6210,40,916300,8760,30,0,IP20,-20,60,0,,medical,CSA-F1 fire and smoke
gym_weight_bench_and_rack,gym,furniture,passive,Sable Habitat Furnishings,SHF-GYM-4513,Gym equipment - Weight Bench And Rack,1900,1400,1420,277.2,0.0,0.0,0.0,none,0.0,0.0,0,10800,43,755300,8760,30,0,IP20,-20,60,0,,,CSA-F1 fire and smoke
gym_yoga_mat_rack,gym,furniture,passive,Sable Habitat Furnishings,SHF-GYM-5783,Gym equipment - Yoga Mat Rack,1410,1045,450,54.1,0.0,0.0,0.0,none,0.0,0.0,0,2220,38,931100,8760,30,0,IP20,-20,60,0,,,CSA-F1 fire and smoke
hangartool_air_compressor,hangartool,hangar,passive,Ironwake Heavy Works,IHW-HAN-4045,Hangar equipment - Air Compressor,1400,1493,900,403.2,0.0,0.0,0.0,none,0.0,0.0,0,81500,89,96500,4380,20,0,IP55,-40,70,0,,,CSA-H2 flight deck; CSA-E24 electrical safety
hangartool_avionics_bench,hangartool,hangar,passive,Ironwake Heavy Works,IHW-HAN-3500,Hangar equipment - Avionics Bench,2020,1850,820,542.6,0.0,0.0,0.0,none,0.0,0.0,0,98600,95,143100,4380,20,0,IP55,-40,70,0,,science diagnostics atmosphere sensors,CSA-H2 flight deck; CSA-E24 electrical safety
hangartool_bollard_set,hangartool,hangar,passive,Ironwake Heavy Works,IHW-HAN-7588,Hangar equipment - Bollard Set,2000,1110,400,171.6,0.0,0.0,0.0,none,0.0,0.0,0,25700,87,154500,4380,20,0,IP55,-40,70,0,,,CSA-H2 flight deck; CSA-E24 electrical safety
hangartool_cones_and_barriers,hangartool,hangar,passive,Ironwake Heavy Works,IHW-HAN-1909,Hangar equipment - Cones And Barriers,2639,1005,1657,826.8,0.0,0.0,0.0,none,0.0,0.0,0,166000,93,121600,4380,20,0,IP55,-40,70,0,,,CSA-H2 flight deck; CSA-E24 electrical safety
hangartool_crash_cart,hangartool,hangar,passive,Ironwake Heavy Works,IHW-HAN-6650,Hangar equipment - Crash Cart,1000,1375,650,165.0,0.0,0.0,0.0,none,0.0,0.0,0,27400,86,113000,4380,20,0,IP55,-40,70,0,,,CSA-H2 flight deck; CSA-E24 electrical safety
hangartool_diagnostics_cart,hangartool,hangar,passive,Ironwake Heavy Works,IHW-HAN-5634,Hangar equipment - Diagnostics Cart,990,1196,590,133.3,0.0,0.0,0.0,none,0.0,0.0,0,27400,93,92500,4380,20,0,IP55,-40,70,0,,diagnostics,CSA-H2 flight deck; CSA-E24 electrical safety
hangartool_docking_clamp,hangartool,hangar,passive,Ironwake Heavy Works,IHW-HAN-3201,Hangar equipment - Docking Clamp,1816,1900,1600,1123,0.0,0.0,0.0,none,0.0,0.0,0,155000,91,149300,4380,20,0,IP55,-40,70,0,,,CSA-H2 flight deck; CSA-E24 electrical safety
hangartool_door_control_pillar,hangartool,hangar,passive,Ironwake Heavy Works,IHW-HAN-6055,Hangar equipment - Door Control Pillar,500,2985,500,135.0,0.0,0.0,0.0,none,0.0,0.0,0,20400,88,145000,4380,20,0,IP55,-40,70,0,,alert,CSA-H2 flight deck; CSA-E24 electrical safety
hangartool_engine_hoist,hangartool,hangar,passive,Ironwake Heavy Works,IHW-HAN-6280,Hangar equipment - Engine Hoist,1000,2315,2305,1058,0.0,0.0,0.0,none,0.0,0.0,0,204000,93,112300,4380,20,0,IP55,-40,70,0,,,CSA-H2 flight deck; CSA-E24 electrical safety
hangartool_engine_stand,hangartool,hangar,passive,Ironwake Heavy Works,IHW-HAN-6706,Hangar equipment - Engine Stand,1300,1996,2415,1253,0.0,0.0,0.0,none,0.0,0.0,0,229000,93,100500,4380,20,0,IP55,-40,70,0,,,CSA-H2 flight deck; CSA-E24 electrical safety
hangartool_fire_cannon,hangartool,hangar,passive,Ironwake Heavy Works,IHW-HAN-4929,Hangar equipment - Fire Cannon,1090,1440,1645,480.2,0.0,0.0,0.0,none,0.0,0.0,0,86200,98,129000,4380,20,0,IP55,-40,70,0,,,CSA-H2 flight deck; CSA-E24 electrical safety
hangartool_fuel_hose_reel,hangartool,hangar,passive,Ironwake Heavy Works,IHW-HAN-6072,Hangar equipment - Fuel Hose Reel,1180,1030,1880,437.8,0.0,0.0,0.0,none,0.0,0.0,0,69700,96,111500,4380,20,0,IP55,-40,70,0,,,CSA-H2 flight deck; CSA-E24 electrical safety
hangartool_ground_power_unit,hangartool,hangar,passive,Ironwake Heavy Works,IHW-HAN-7998,Hangar equipment - Ground Power Unit,1149,1550,915,327.3,0.0,0.0,0.0,none,0.0,0.0,0,54200,95,103500,4380,20,0,IP55,-40,70,0,,power,CSA-H2 flight deck; CSA-E24 electrical safety
hangartool_landing_pad_circle,hangartool,hangar,passive,Ironwake Heavy Works,IHW-HAN-5761,Hangar equipment - Landing Pad Circle,6000,125,6000,942.8,0.0,0.0,0.0,none,0.0,0.0,0,189000,99,148500,4380,20,0,IP55,-40,70,0,,,CSA-H2 flight deck; CSA-E24 electrical safety
hangartool_landing_pad_square,hangartool,hangar,passive,Ironwake Heavy Works,IHW-HAN-9045,Hangar equipment - Landing Pad Square,6000,125,6000,927.4,0.0,0.0,0.0,none,0.0,0.0,0,187000,100,152800,4380,20,0,IP55,-40,70,0,,,CSA-H2 flight deck; CSA-E24 electrical safety
hangartool_launch_rail_segment,hangartool,hangar,passive,Ironwake Heavy Works,IHW-HAN-3047,Hangar equipment - Launch Rail Segment,1430,1209,4208,1447,0.0,0.0,0.0,none,0.0,0.0,0,224000,100,155700,4380,20,0,IP55,-40,70,0,,,CSA-H2 flight deck; CSA-E24 electrical safety
hangartool_light_tower,hangartool,hangar,passive,Ironwake Heavy Works,IHW-HAN-2573,Hangar equipment - Light Tower,1900,5225,2450,4955,0.0,0.0,0.0,none,0.0,0.0,0,677000,103,128600,4380,20,0,IP55,-40,70,0,,,CSA-H2 flight deck; CSA-E24 electrical safety
hangartool_mooring_ring,hangartool,hangar,passive,Ironwake Heavy Works,IHW-HAN-7641,Hangar equipment - Mooring Ring,1000,354,1000,64.3,0.0,0.0,0.0,none,0.0,0.0,0,9000,89,155800,4380,20,0,IP55,-40,70,0,,,CSA-H2 flight deck; CSA-E24 electrical safety
hangartool_nose_gear_dolly,hangartool,hangar,passive,Ironwake Heavy Works,IHW-HAN-9127,Hangar equipment - Nose Gear Dolly,1212,770,2550,468.4,0.0,0.0,0.0,none,0.0,0.0,0,69600,89,118100,4380,20,0,IP55,-40,70,0,,,CSA-H2 flight deck; CSA-E24 electrical safety
hangartool_paint_booth_screen,hangartool,hangar,passive,Ironwake Heavy Works,IHW-HAN-1145,Hangar equipment - Paint Booth Screen,2880,2550,500,758.4,0.0,0.0,0.0,none,0.0,0.0,0,153000,98,123700,4380,20,0,IP55,-40,70,0,,,CSA-H2 flight deck; CSA-E24 electrical safety
hangartool_parts_washer,hangartool,hangar,passive,Ironwake Heavy Works,IHW-HAN-9167,Hangar equipment - Parts Washer,1853,2008,1257,856.5,0.0,0.0,0.0,none,0.0,0.0,0,141000,90,136400,4380,20,0,IP55,-40,70,0,,,CSA-H2 flight deck; CSA-E24 electrical safety
hangartool_refuelling_pump,hangartool,hangar,passive,Ironwake Heavy Works,IHW-HAN-6863,Hangar equipment - Refuelling Pump,1402,2060,935,489.2,0.0,0.0,0.0,none,0.0,0.0,0,96500,97,94200,4380,20,0,IP55,-40,70,0,,diagnostics,CSA-H2 flight deck; CSA-E24 electrical safety
hangartool_safety_barrier,hangartool,hangar,passive,Ironwake Heavy Works,IHW-HAN-1908,Hangar equipment - Safety Barrier,3000,1145,600,410.1,0.0,0.0,0.0,none,0.0,0.0,0,81600,93,138300,4380,20,0,IP55,-40,70,0,,,CSA-H2 flight deck; CSA-E24 electrical safety
hangartool_tool_cart,hangartool,hangar,passive,Ironwake Heavy Works,IHW-HAN-9500,Hangar equipment - Tool Cart,940,1416,615,156.5,0.0,0.0,0.0,none,0.0,0.0,0,21700,94,96400,4380,20,0,IP55,-40,70,0,,,CSA-H2 flight deck; CSA-E24 electrical safety
hangartool_tow_bar,hangartool,hangar,passive,Ironwake Heavy Works,IHW-HAN-1004,Hangar equipment - Tow Bar,1072,741,3507,525.9,0.0,0.0,0.0,none,0.0,0.0,0,81600,98,133400,4380,20,0,IP55,-40,70,0,,,CSA-H2 flight deck; CSA-E24 electrical safety
hangartool_tripod_jack,hangartool,hangar,passive,Ironwake Heavy Works,IHW-HAN-3715,Hangar equipment - Tripod Jack,1738,2085,1510,1020,0.0,0.0,0.0,none,0.0,0.0,0,142000,94,133800,4380,20,0,IP55,-40,70,0,,,CSA-H2 flight deck; CSA-E24 electrical safety
hangartool_wall_winch,hangartool,hangar,passive,Ironwake Heavy Works,IHW-HAN-4430,Hangar equipment - Wall Winch,1320,1560,520,207.0,0.0,0.0,0.0,none,0.0,0.0,0,32600,94,147700,4380,20,0,IP55,-40,70,0,,,CSA-H2 flight deck; CSA-E24 electrical safety
hangartool_wheel_chocks,hangartool,hangar,passive,Ironwake Heavy Works,IHW-HAN-3410,Hangar equipment - Wheel Chocks,800,225,555,17.7,0.0,0.0,0.0,none,0.0,0.0,0,2620,81,112500,4380,20,0,IP55,-40,70,0,,,CSA-H2 flight deck; CSA-E24 electrical safety
hatch_dogged_rectangular,hatch,structure,passive,Calder-Okonkwo Industries,COI-HAT-3140,Hatch - Dogged Rectangular,1100,800,190,42.9,0.0,0.0,0.0,none,0.0,0.0,0,1080,40,1347500,17520,40,0,IP40,-40,80,0,,,CSA-S2 structural
hatch_emergency_red,hatch,structure,passive,Calder-Okonkwo Industries,COI-HAT-7109,Hatch - Emergency Red,1000,1160,160,45.3,0.0,0.0,0.0,none,0.0,0.0,0,1160,46,1752600,17520,40,0,IP40,-40,80,0,,,CSA-S2 structural
hatch_floor_round_wheel,hatch,structure,passive,Calder-Okonkwo Industries,COI-HAT-7769,Hatch - Floor Round Wheel,1240,112,1240,45.5,0.0,0.0,0.0,none,0.0,0.0,0,1060,41,1416800,17520,40,0,IP40,-40,80,0,,,CSA-S2 structural
hatch_floor_square_recessed,hatch,structure,passive,Calder-Okonkwo Industries,COI-HAT-2121,Hatch - Floor Square Recessed,1200,80,1235,28.6,0.0,0.0,0.0,none,0.0,0.0,0,810,38,1949700,17520,40,0,IP40,-40,80,0,,,CSA-S2 structural
hatch_hex_access,hatch,structure,passive,Calder-Okonkwo Industries,COI-HAT-6829,Hatch - Hex Access,992,903,150,35.0,0.0,0.0,0.0,none,0.0,0.0,0,1040,43,1574600,17520,40,0,IP40,-40,80,0,,,CSA-S2 structural
hatch_iris,hatch,structure,passive,Calder-Okonkwo Industries,COI-HAT-2465,Hatch - Iris,1000,1000,115,30.9,0.0,0.0,0.0,none,0.0,0.0,0,887,45,1242300,17520,40,0,IP40,-40,80,0,,,CSA-S2 structural
hatch_jefferies_square,hatch,structure,passive,Calder-Okonkwo Industries,COI-HAT-5310,Hatch - Jefferies Square,850,850,140,24.8,0.0,0.0,0.0,none,0.0,0.0,0,651,44,1699600,17520,40,0,IP40,-40,80,0,,,CSA-S2 structural
hatch_oval_pressure,hatch,structure,passive,Calder-Okonkwo Industries,COI-HAT-7511,Hatch - Oval Pressure,844,1236,160,45.4,0.0,0.0,0.0,none,0.0,0.0,0,1230,39,1561200,17520,40,0,IP40,-40,80,0,,,CSA-S2 structural
hatch_porthole_round,hatch,structure,passive,Calder-Okonkwo Industries,COI-HAT-8545,Hatch - Porthole Round,1000,1000,180,48.2,0.0,0.0,0.0,none,0.0,0.0,0,1230,39,1261200,17520,40,0,IP40,-40,80,0,,,CSA-S2 structural
hatch_round_wheel,hatch,structure,passive,Calder-Okonkwo Industries,COI-HAT-1252,Hatch - Round Wheel,955,950,223,57.1,0.0,0.0,0.0,none,0.0,0.0,0,1480,45,1948800,17520,40,0,IP40,-40,80,0,,,CSA-S2 structural
holo_briefing_projector,holo,bridge,consumer,Meridian Avionics,MAV-HOL-9711,Holographic projector - Briefing Projector,598,1330,1204,111.5,200,650,910,120 VAC 1ph,0.0,0.0,600,171000,79,93900,8760,12,1,IP30,0,45,34,"Ship data bus SDB-2, 10 GbE",,CSA-E24 electrical safety; CSA-EMC4 compatibility; CSA-B7 bridge systems
holo_briefing_table,holo,bridge,consumer,Meridian Avionics,MAV-HOL-8701,Holographic projector - Briefing Table,1594,1790,1594,600.4,790,2600,3700,208 VAC 3ph,0.0,0.0,2400,841000,89,54000,8760,12,1,IP30,0,45,37,"Ship data bus SDB-2, 10 GbE",,CSA-E24 electrical safety; CSA-EMC4 compatibility; CSA-B7 bridge systems
holo_comm_bust_projector,holo,bridge,consumer,Meridian Avionics,MAV-HOL-3784,Holographic projector - Comm Bust Projector,554,1480,554,48.9,140,460,640,120 VAC 1ph,0.0,0.0,420,73400,77,60600,8760,12,1,IP30,0,45,34,"Ship data bus SDB-2, 10 GbE",,CSA-E24 electrical safety; CSA-EMC4 compatibility; CSA-B7 bridge systems
holo_holo_emitter_pillar,holo,bridge,consumer,Meridian Avionics,MAV-HOL-1415,Holographic projector - Holo Emitter Pillar,846,1967,842,170.1,260,860,1200,120 VAC 1ph,0.0,0.0,790,311000,86,82900,8760,12,1,IP30,0,45,35,"Ship data bus SDB-2, 10 GbE",,CSA-E24 electrical safety; CSA-EMC4 compatibility; CSA-B7 bridge systems
holo_ship_schematic_projector,holo,bridge,consumer,Meridian Avionics,MAV-HOL-2044,Holographic projector - Ship Schematic Projector,896,1450,896,148.2,250,830,1200,120 VAC 1ph,0.0,0.0,760,232000,84,81300,8760,12,1,IP30,0,45,35,"Ship data bus SDB-2, 10 GbE",,CSA-E24 electrical safety; CSA-EMC4 compatibility; CSA-B7 bridge systems
holo_star_map_globe,holo,bridge,consumer,Meridian Avionics,MAV-HOL-6068,Holographic projector - Star Map Globe,696,1741,696,101.4,190,630,880,120 VAC 1ph,0.0,0.0,580,188000,77,82900,8760,12,1,IP30,0,45,34,"Ship data bus SDB-2, 10 GbE",,CSA-E24 electrical safety; CSA-EMC4 compatibility; CSA-B7 bridge systems
holo_tactical_plinth,holo,bridge,consumer,Meridian Avionics,MAV-HOL-3524,Holographic projector - Tactical Plinth,1000,1290,1000,136.6,270,920,1300,120 VAC 1ph,0.0,0.0,850,260000,84,60500,8760,12,1,IP30,0,45,35,"Ship data bus SDB-2, 10 GbE",,CSA-E24 electrical safety; CSA-EMC4 compatibility; CSA-B7 bridge systems
holo_terrain_terrace,holo,bridge,consumer,Meridian Avionics,MAV-HOL-6975,Holographic projector - Terrain Terrace,1098,1250,1098,201.8,290,960,1300,120 VAC 1ph,0.0,0.0,880,400000,80,69000,8760,12,1,IP30,0,45,35,"Ship data bus SDB-2, 10 GbE",,CSA-E24 electrical safety; CSA-EMC4 compatibility; CSA-B7 bridge systems
instrument_astrolabe,instrument,bridge,consumer,Meridian Avionics,MAV-INS-9370,Bridge instrument - Astrolabe,218,266,218,2.98,2.6,8.6,12,24 VDC,0.0,0.0,7.9,4820,67,81700,8760,12,1,IP30,0,45,30,"Ship data bus SDB-2, 10 GbE",,CSA-E24 electrical safety; CSA-EMC4 compatibility; CSA-B7 bridge systems
instrument_attitude_indicator,instrument,bridge,consumer,Meridian Avionics,MAV-INS-6831,Bridge instrument - Attitude Indicator,300,300,96,1.85,2.4,8.0,11,24 VDC,0.0,0.0,7.4,3810,73,61600,8760,12,1,IP30,0,45,30,"Ship data bus SDB-2, 10 GbE",,CSA-E24 electrical safety; CSA-EMC4 compatibility; CSA-B7 bridge systems
instrument_brass_chronometer,instrument,bridge,consumer,Meridian Avionics,MAV-INS-9501,Bridge instrument - Brass Chronometer,240,130,180,1.13,2.0,6.8,9.5,24 VDC,0.0,0.0,6.3,1900,73,78000,8760,12,1,IP30,0,45,30,"Ship data bus SDB-2, 10 GbE",,CSA-E24 electrical safety; CSA-EMC4 compatibility; CSA-B7 bridge systems
instrument_depth_meter,instrument,bridge,consumer,Meridian Avionics,MAV-INS-6450,Bridge instrument - Depth Meter,280,450,77,2.14,2.3,7.7,11,24 VDC,0.0,0.0,7.1,4090,71,91900,8760,12,1,IP30,0,45,30,"Ship data bus SDB-2, 10 GbE",diagnostics,CSA-E24 electrical safety; CSA-EMC4 compatibility; CSA-B7 bridge systems
instrument_gauge_cluster,instrument,bridge,consumer,Meridian Avionics,MAV-INS-3894,Bridge instrument - Gauge Cluster,600,240,62,2.08,2.4,8.0,11,24 VDC,0.0,0.0,7.4,4640,72,55900,8760,12,1,IP30,0,45,30,"Ship data bus SDB-2, 10 GbE",,CSA-E24 electrical safety; CSA-EMC4 compatibility; CSA-B7 bridge systems
instrument_nav_compass,instrument,bridge,consumer,Meridian Avionics,MAV-INS-4670,Bridge instrument - Nav Compass,212,116,212,1.14,2.1,6.9,9.6,24 VDC,0.0,0.0,6.3,2010,72,96400,8760,12,1,IP30,0,45,30,"Ship data bus SDB-2, 10 GbE",,CSA-E24 electrical safety; CSA-EMC4 compatibility; CSA-B7 bridge systems
instrument_pressure_meter,instrument,bridge,consumer,Meridian Avionics,MAV-INS-9774,Bridge instrument - Pressure Meter,278,334,89,1.87,2.3,7.7,11,24 VDC,0.0,0.0,7.1,3270,66,55200,8760,12,1,IP30,0,45,30,"Ship data bus SDB-2, 10 GbE",,CSA-E24 electrical safety; CSA-EMC4 compatibility; CSA-B7 bridge systems
instrument_radar_scope,instrument,bridge,consumer,Meridian Avionics,MAV-INS-9695,Bridge instrument - Radar Scope,570,539,117,8.15,5.1,17,24,24 VDC,0.0,0.0,16,16200,72,76100,8760,12,1,IP30,0,45,30,"Ship data bus SDB-2, 10 GbE",sensors,CSA-E24 electrical safety; CSA-EMC4 compatibility; CSA-B7 bridge systems
instrument_sensor_array,instrument,bridge,consumer,Meridian Avionics,MAV-INS-9744,Bridge instrument - Sensor Array,198,300,198,2.72,2.5,8.2,12,24 VDC,0.0,0.0,7.5,5420,74,69300,8760,12,1,IP30,0,45,30,"Ship data bus SDB-2, 10 GbE",,CSA-E24 electrical safety; CSA-EMC4 compatibility; CSA-B7 bridge systems
instrument_sextant,instrument,bridge,consumer,Meridian Avionics,MAV-INS-4031,Bridge instrument - Sextant,225,70,218,0.68,1.7,5.6,7.8,24 VDC,0.0,0.0,5.2,1370,71,90800,8760,12,1,IP30,0,45,30,"Ship data bus SDB-2, 10 GbE",,CSA-E24 electrical safety; CSA-EMC4 compatibility; CSA-B7 bridge systems
junction_breaker_panel,junction,electronics,consumer,Halvorsen Power Systems,HPS-JUN-4427,Electrical junction - Breaker Panel,600,900,183,26.8,3.5,14,21,24 VDC,0.0,0.0,13,24500,61,78500,8760,10,0,IP30,0,45,28,"Ship data bus SDB-2, 1 GbE",,CSA-E24 electrical safety; CSA-EMC4 compatibility
junction_bus_bar_riser,junction,electronics,consumer,Halvorsen Power Systems,HPS-JUN-3910,Electrical junction - Bus Bar Riser,500,2000,150,36.0,4.9,20,29,24 VDC,0.0,0.0,18,35600,58,110300,8760,10,0,IP30,0,45,28,"Ship data bus SDB-2, 1 GbE",,CSA-E24 electrical safety; CSA-EMC4 compatibility
junction_cable_termination_cabinet,junction,electronics,consumer,Halvorsen Power Systems,HPS-JUN-3181,Electrical junction - Cable Termination Cabinet,920,1910,555,256.9,26,100,160,48 VDC,0.0,0.0,92,278000,65,68500,8760,10,0,IP30,0,45,30,"Ship data bus SDB-2, 1 GbE",,CSA-E24 electrical safety; CSA-EMC4 compatibility
junction_cable_tray_segment,junction,electronics,consumer,Halvorsen Power Systems,HPS-JUN-6723,Electrical junction - Cable Tray Segment,1600,400,295,43.4,5.7,23,34,24 VDC,0.0,0.0,21,43500,56,80200,8760,10,0,IP30,0,45,28,"Ship data bus SDB-2, 1 GbE",,CSA-E24 electrical safety; CSA-EMC4 compatibility
junction_conduit_cluster,junction,electronics,consumer,Halvorsen Power Systems,HPS-JUN-8430,Electrical junction - Conduit Cluster,1400,1400,156,77.9,8.6,34,52,24 VDC,0.0,0.0,31,91500,65,64300,8760,10,0,IP30,0,45,29,"Ship data bus SDB-2, 1 GbE",,CSA-E24 electrical safety; CSA-EMC4 compatibility
junction_control_cabinet_with_lights,junction,electronics,consumer,Halvorsen Power Systems,HPS-JUN-8635,Electrical junction - Control Cabinet With Lights,820,1810,510,194.2,21,83,120,48 VDC,0.0,0.0,76,195000,59,96200,8760,10,0,IP30,0,45,29,"Ship data bus SDB-2, 1 GbE",,CSA-E24 electrical safety; CSA-EMC4 compatibility
junction_data_interface_rack,junction,electronics,consumer,Halvorsen Power Systems,HPS-JUN-7251,Electrical junction - Data Interface Rack,620,1800,761,207.3,24,96,140,48 VDC,0.0,0.0,88,193000,62,61100,8760,10,0,IP30,0,45,29,"Ship data bus SDB-2, 1 GbE",,CSA-E24 electrical safety; CSA-EMC4 compatibility
junction_diagnostic_port_panel,junction,electronics,consumer,Halvorsen Power Systems,HPS-JUN-9752,Electrical junction - Diagnostic Port Panel,500,420,91,4.6,1.9,7.4,11,24 VDC,0.0,0.0,6.8,5260,51,66200,8760,10,0,IP30,0,45,28,"Ship data bus SDB-2, 1 GbE",diagnostics,CSA-E24 electrical safety; CSA-EMC4 compatibility
junction_disconnect_switch,junction,electronics,consumer,Halvorsen Power Systems,HPS-JUN-2139,Electrical junction - Disconnect Switch,360,520,408,20.4,3.1,12,18,24 VDC,0.0,0.0,11,27000,55,78000,8760,10,0,IP30,0,45,28,"Ship data bus SDB-2, 1 GbE",,CSA-E24 electrical safety; CSA-EMC4 compatibility
junction_distribution_board,junction,electronics,consumer,Halvorsen Power Systems,HPS-JUN-3241,Electrical junction - Distribution Board,1200,1400,235,103.0,11,45,67,24 VDC,0.0,0.0,41,123000,67,84500,8760,10,0,IP30,0,45,29,"Ship data bus SDB-2, 1 GbE",,CSA-E24 electrical safety; CSA-EMC4 compatibility
junction_fuse_box,junction,electronics,passive,Halvorsen Power Systems,HPS-JUN-1702,Electrical junction - Fuse Box,550,320,150,7.1,0.0,0.0,0.0,none,0.0,0.0,0,8120,56,82200,8760,10,0,IP30,0,45,0,,,CSA-E24 electrical safety; CSA-EMC4 compatibility
junction_ground_bus,junction,electronics,consumer,Halvorsen Power Systems,HPS-JUN-1731,Electrical junction - Ground Bus,800,802,122,18.7,2.9,12,17,24 VDC,0.0,0.0,11,24200,63,75400,8760,10,0,IP30,0,45,28,"Ship data bus SDB-2, 1 GbE",,CSA-E24 electrical safety; CSA-EMC4 compatibility
junction_junction_box,junction,electronics,passive,Halvorsen Power Systems,HPS-JUN-2066,Electrical junction - Junction Box,400,750,195,15.5,0.0,0.0,0.0,none,0.0,0.0,0,19900,62,89300,8760,10,0,IP30,0,45,0,,,CSA-E24 electrical safety; CSA-EMC4 compatibility
junction_marshalling_cabinet,junction,electronics,consumer,Halvorsen Power Systems,HPS-JUN-2571,Electrical junction - Marshalling Cabinet,1190,1910,688,427.6,41,160,250,48 VDC,0.0,0.0,150,562000,71,93500,8760,10,0,IP30,0,45,30,"Ship data bus SDB-2, 1 GbE",,CSA-E24 electrical safety; CSA-EMC4 compatibility
junction_meter_panel,junction,electronics,consumer,Halvorsen Power Systems,HPS-JUN-6329,Electrical junction - Meter Panel,900,550,129,17.9,2.7,11,16,24 VDC,0.0,0.0,10,23800,55,100300,8760,10,0,IP30,0,45,28,"Ship data bus SDB-2, 1 GbE",,CSA-E24 electrical safety; CSA-EMC4 compatibility
junction_outlet_strip_panel,junction,electronics,passive,Halvorsen Power Systems,HPS-JUN-9284,Electrical junction - Outlet Strip Panel,1000,160,81,3.55,0.0,0.0,0.0,none,0.0,0.0,0,4630,53,97600,8760,10,0,IP30,0,45,0,,,CSA-E24 electrical safety; CSA-EMC4 compatibility
junction_patch_panel,junction,electronics,consumer,Halvorsen Power Systems,HPS-JUN-5025,Electrical junction - Patch Panel,900,500,209,26.7,3.8,15,23,24 VDC,0.0,0.0,14,33000,58,87900,8760,10,0,IP30,0,45,28,"Ship data bus SDB-2, 1 GbE",,CSA-E24 electrical safety; CSA-EMC4 compatibility
junction_relay_cabinet,junction,electronics,consumer,Halvorsen Power Systems,HPS-JUN-9810,Electrical junction - Relay Cabinet,720,1710,450,145.9,14,57,86,48 VDC,0.0,0.0,52,190000,65,63700,8760,10,0,IP30,0,45,29,"Ship data bus SDB-2, 1 GbE",,CSA-E24 electrical safety; CSA-EMC4 compatibility
junction_service_pedestal,junction,electronics,consumer,Halvorsen Power Systems,HPS-JUN-6657,Electrical junction - Service Pedestal,500,1205,500,70.2,8.1,32,49,24 VDC,0.0,0.0,29,91300,65,68200,8760,10,0,IP30,0,45,29,"Ship data bus SDB-2, 1 GbE",,CSA-E24 electrical safety; CSA-EMC4 compatibility
junction_surge_protector_box,junction,electronics,passive,Halvorsen Power Systems,HPS-JUN-5742,Electrical junction - Surge Protector Box,300,450,134,4.74,0.0,0.0,0.0,none,0.0,0.0,0,4690,58,77600,8760,10,0,IP30,0,45,0,,,CSA-E24 electrical safety; CSA-EMC4 compatibility
junction_switchgear,junction,electronics,consumer,Halvorsen Power Systems,HPS-JUN-4769,Electrical junction - Switchgear,1020,2010,713,367.8,36,150,220,48 VDC,0.0,0.0,140,332000,70,107100,8760,10,0,IP30,0,45,30,"Ship data bus SDB-2, 1 GbE",power,CSA-E24 electrical safety; CSA-EMC4 compatibility
junction_terminal_block,junction,electronics,consumer,Halvorsen Power Systems,HPS-JUN-1077,Electrical junction - Terminal Block,900,240,126,6.78,2.0,8.2,12,24 VDC,0.0,0.0,7.5,8560,55,99100,8760,10,0,IP30,0,45,28,"Ship data bus SDB-2, 1 GbE",,CSA-E24 electrical safety; CSA-EMC4 compatibility
labbench_cleanroom_glove_box,labbench,furniture,passive,Orrery Instruments,ORI-LAB-7598,Lab bench - Cleanroom Glove Box,2242,1570,850,301.2,0.0,0.0,0.0,none,0.0,0.0,0,13800,38,1057000,8760,30,0,IP20,-20,60,0,,diagnostics,CSA-F1 fire and smoke
labbench_fume_hood,labbench,furniture,passive,Orrery Instruments,ORI-LAB-6282,Lab bench - Fume Hood,1640,3000,911,394.7,0.0,0.0,0.0,none,0.0,0.0,0,17800,46,908400,8760,30,0,IP20,-20,60,0,,diagnostics,CSA-F1 fire and smoke
labbench_island_reagent_bench,labbench,furniture,passive,Orrery Instruments,ORI-LAB-5183,Lab bench - Island Reagent Bench,2400,1885,1232,540.7,0.0,0.0,0.0,none,0.0,0.0,0,18600,41,967000,8760,30,0,IP20,-20,60,0,,,CSA-F1 fire and smoke
labbench_lab_chair,labbench,furniture,passive,Orrery Instruments,ORI-LAB-4552,Lab bench - Lab Chair,610,949,630,31.2,0.0,0.0,0.0,none,0.0,0.0,0,1400,39,776400,8760,30,0,IP20,-20,60,0,,,CSA-F1 fire and smoke
labbench_lab_stool,labbench,furniture,passive,Orrery Instruments,ORI-LAB-8332,Lab bench - Lab Stool,531,735,564,21.4,0.0,0.0,0.0,none,0.0,0.0,0,1210,37,713800,8760,30,0,IP20,-20,60,0,,,CSA-F1 fire and smoke
labbench_laminar_flow_bench,labbench,furniture,passive,Orrery Instruments,ORI-LAB-3727,Lab bench - Laminar Flow Bench,1400,2307,825,242.5,0.0,0.0,0.0,none,0.0,0.0,0,7580,38,1028200,8760,30,0,IP20,-20,60,0,,engineering,CSA-F1 fire and smoke
labbench_sample_prep_table,labbench,furniture,passive,Orrery Instruments,ORI-LAB-7364,Lab bench - Sample Prep Table,1635,1545,800,198.9,0.0,0.0,0.0,none,0.0,0.0,0,8270,44,1126800,8760,30,0,IP20,-20,60,0,,diagnostics,CSA-F1 fire and smoke
labbench_wet_bench_sink,labbench,furniture,passive,Orrery Instruments,ORI-LAB-1218,Lab bench - Wet Bench Sink,2000,1707,790,247.8,0.0,0.0,0.0,none,0.0,0.0,0,11400,47,875100,8760,30,0,IP20,-20,60,0,,,CSA-F1 fire and smoke
lamp_architect_desk_lamp,lamp,light,consumer,Tamsin Lighting,TAM-LAM-7496,Lamp - Architect Desk Lamp,475,439,180,3.33,0.68,14,15,24 VDC,0.0,0.0,11,760,36,64200,17520,12,0,IP44,-20,55,0,Lighting bus LB-1 (dimming),,CSA-E24 electrical safety; CSA-L3 photobiological
lamp_bedside_light,lamp,light,consumer,Tamsin Lighting,TAM-LAM-8197,Lamp - Bedside Light,190,330,190,1.11,0.5,10,11,24 VDC,0.0,0.0,8.0,316,35,55500,17520,12,0,IP44,-20,55,0,Lighting bus LB-1 (dimming),,CSA-E24 electrical safety; CSA-L3 photobiological
lamp_decorative_lantern,lamp,light,consumer,Tamsin Lighting,TAM-LAM-3378,Lamp - Decorative Lantern,192,310,200,1.15,0.44,8.8,9.7,24 VDC,0.0,0.0,7.0,389,33,46800,17520,12,0,IP44,-20,55,0,Lighting bus LB-1 (dimming),,CSA-E24 electrical safety; CSA-L3 photobiological
lamp_floor_lamp,lamp,light,consumer,Tamsin Lighting,TAM-LAM-6527,Lamp - Floor Lamp,619,1760,320,31.1,3.2,63,69,24 VDC,0.0,0.0,50,9810,35,56200,17520,12,0,IP44,-20,55,0,Lighting bus LB-1 (dimming),,CSA-E24 electrical safety; CSA-L3 photobiological
lamp_holo_lamp,lamp,light,consumer,Tamsin Lighting,TAM-LAM-3898,Lamp - Holo Lamp,256,460,256,2.87,0.65,13,14,24 VDC,0.0,0.0,10,902,31,67800,17520,12,0,IP44,-20,55,0,Lighting bus LB-1 (dimming),,CSA-E24 electrical safety; CSA-L3 photobiological
lamp_reading_light,lamp,light,consumer,Tamsin Lighting,TAM-LAM-8541,Lamp - Reading Light,100,176,278,0.45,0.46,9.2,10,24 VDC,0.0,0.0,7.4,158,34,76200,17520,12,0,IP44,-20,55,0,Lighting bus LB-1 (dimming),,CSA-E24 electrical safety; CSA-L3 photobiological
lamp_table_lamp,lamp,light,consumer,Tamsin Lighting,TAM-LAM-8117,Lamp - Table Lamp,250,472,250,2.85,0.68,14,15,24 VDC,0.0,0.0,11,1050,37,69200,17520,12,0,IP44,-20,55,0,Lighting bus LB-1 (dimming),,CSA-E24 electrical safety; CSA-L3 photobiological
lamp_uplight,lamp,light,consumer,Tamsin Lighting,TAM-LAM-7904,Lamp - Uplight,360,1590,360,19.0,2.0,39,43,24 VDC,0.0,0.0,31,5860,43,45800,17520,12,0,IP44,-20,55,0,Lighting bus LB-1 (dimming),,CSA-E24 electrical safety; CSA-L3 photobiological
loader_cargo_drone,loader,hangar,consumer,Ironwake Heavy Works,IHW-LOA-5886,Cargo loader - Cargo Drone,2880,1096,2480,1452,700,2300,4200,208 VAC 3ph,0.0,0.0,2100,213000,100,144000,4380,20,1,IP55,-40,70,62,Hangar control bus HCB-1,,CSA-H2 flight deck; CSA-E24 electrical safety
loader_cargo_elevator_platform,loader,hangar,consumer,Ironwake Heavy Works,IHW-LOA-7503,Cargo loader - Cargo Elevator Platform,2416,2045,2408,2264,1000,3400,6200,208 VAC 3ph,0.0,0.0,3100,342000,97,115100,4380,20,1,IP55,-40,70,63,Hangar control bus HCB-1,,CSA-H2 flight deck; CSA-E24 electrical safety
loader_cargo_scanner_arch,loader,hangar,consumer,Ironwake Heavy Works,IHW-LOA-1028,Cargo loader - Cargo Scanner Arch,3840,3395,3200,6777,3900,13000,24000,400 VAC 3ph,0.0,0.0,12000,1350000,101,87700,4380,20,1,IP55,-40,70,66,Hangar control bus HCB-1,diagnostics,CSA-H2 flight deck; CSA-E24 electrical safety
loader_cargo_tug,loader,hangar,consumer,Ironwake Heavy Works,IHW-LOA-2807,Cargo loader - Cargo Tug,1472,1495,2250,843.5,450,1500,2700,208 VAC 3ph,0.0,0.0,1400,127000,95,90600,4380,20,1,IP55,-40,70,61,Hangar control bus HCB-1,,CSA-H2 flight deck; CSA-E24 electrical safety
loader_conveyor_segment_3m,loader,hangar,consumer,Ironwake Heavy Works,IHW-LOA-9771,Cargo loader - Conveyor Segment 3M,1490,900,3000,741.1,410,1400,2500,208 VAC 3ph,0.0,0.0,1300,101000,97,133300,4380,20,1,IP55,-40,70,61,Hangar control bus HCB-1,,CSA-H2 flight deck; CSA-E24 electrical safety
loader_crane_gantry_segment,loader,hangar,consumer,Ironwake Heavy Works,IHW-LOA-7946,Cargo loader - Crane Gantry Segment,3600,3845,1500,3751,1800,6000,11000,208 VAC 3ph,0.0,0.0,5500,641000,97,116500,4380,20,1,IP55,-40,70,64,Hangar control bus HCB-1,,CSA-H2 flight deck; CSA-E24 electrical safety
loader_drone_lifter,loader,hangar,consumer,Ironwake Heavy Works,IHW-LOA-1274,Cargo loader - Drone Lifter,2130,740,2130,641.7,340,1100,2100,208 VAC 3ph,0.0,0.0,1000,106000,95,89400,4380,20,1,IP55,-40,70,60,Hangar control bus HCB-1,,CSA-H2 flight deck; CSA-E24 electrical safety
loader_hand_pallet_jack,loader,hangar,consumer,Ironwake Heavy Works,IHW-LOA-9127,Cargo loader - Hand Pallet Jack,800,1141,1437,205.7,160,530,960,120 VAC 1ph,0.0,0.0,490,36500,96,109300,4380,20,1,IP55,-40,70,59,Hangar control bus HCB-1,,CSA-H2 flight deck; CSA-E24 electrical safety
loader_hover_pallet_jack,loader,hangar,consumer,Ironwake Heavy Works,IHW-LOA-5265,Cargo loader - Hover Pallet Jack,832,1093,1670,253.5,170,580,1000,120 VAC 1ph,0.0,0.0,530,44600,89,116200,4380,20,1,IP55,-40,70,59,Hangar control bus HCB-1,,CSA-H2 flight deck; CSA-E24 electrical safety
loader_maintenance_robot_treads,loader,hangar,consumer,Ironwake Heavy Works,IHW-LOA-1961,Cargo loader - Maintenance Robot Treads,1100,1540,1155,346.8,220,730,1300,120 VAC 1ph,0.0,0.0,670,64500,91,144800,4380,20,1,IP55,-40,70,60,Hangar control bus HCB-1,,CSA-H2 flight deck; CSA-E24 electrical safety
loader_mobile_crane_arm,loader,hangar,consumer,Ironwake Heavy Works,IHW-LOA-3158,Cargo loader - Mobile Crane Arm,2900,3840,3690,7687,3900,13000,24000,400 VAC 3ph,0.0,0.0,12000,1410000,99,110000,4380,20,1,IP55,-40,70,66,Hangar control bus HCB-1,,CSA-H2 flight deck; CSA-E24 electrical safety
loader_platform_forklift,loader,hangar,consumer,Ironwake Heavy Works,IHW-LOA-3320,Cargo loader - Platform Forklift,1212,2095,2808,1340,640,2100,3900,208 VAC 3ph,0.0,0.0,1900,214000,92,105700,4380,20,1,IP55,-40,70,62,Hangar control bus HCB-1,,CSA-H2 flight deck; CSA-E24 electrical safety
locker_display_cabinet,locker,furniture,passive,Sable Habitat Furnishings,SHF-LOC-2798,Locker - Display Cabinet,800,900,342,22.0,0.0,0.0,0.0,none,0.0,0.0,0,908,38,742800,8760,30,0,IP20,-20,60,0,,,CSA-F1 fire and smoke
locker_double_locker_bank,locker,furniture,passive,Sable Habitat Furnishings,SHF-LOC-1174,Locker - Double Locker Bank,1040,1850,557,91.3,0.0,0.0,0.0,none,0.0,0.0,0,3540,41,1027400,8760,30,0,IP20,-20,60,0,,,CSA-F1 fire and smoke
locker_footlocker,locker,furniture,passive,Sable Habitat Furnishings,SHF-LOC-9607,Locker - Footlocker,980,510,545,23.9,0.0,0.0,0.0,none,0.0,0.0,0,1050,39,777400,8760,30,0,IP20,-20,60,0,,,CSA-F1 fire and smoke
locker_gear_locker_keypad,locker,furniture,passive,Sable Habitat Furnishings,SHF-LOC-9357,Locker - Gear Locker Keypad,940,1610,665,90.1,0.0,0.0,0.0,none,0.0,0.0,0,3860,39,1153600,8760,30,0,IP20,-20,60,0,,,CSA-F1 fire and smoke
locker_kit_bags_on_hooks,locker,furniture,passive,Sable Habitat Furnishings,SHF-LOC-7555,Locker - Kit Bags On Hooks,1200,1385,380,55.9,0.0,0.0,0.0,none,0.0,0.0,0,2430,39,1087400,8760,30,0,IP20,-20,60,0,,,CSA-F1 fire and smoke
locker_mirror_cabinet,locker,furniture,passive,Sable Habitat Furnishings,SHF-LOC-6186,Locker - Mirror Cabinet,620,880,195,8.96,0.0,0.0,0.0,none,0.0,0.0,0,420,29,852600,8760,30,0,IP20,-20,60,0,,,CSA-F1 fire and smoke
locker_sea_chest,locker,furniture,passive,Sable Habitat Furnishings,SHF-LOC-4298,Locker - Sea Chest,1180,560,615,35.3,0.0,0.0,0.0,none,0.0,0.0,0,1590,33,1110300,8760,30,0,IP20,-20,60,0,,,CSA-F1 fire and smoke
locker_shoe_rack,locker,furniture,passive,Sable Habitat Furnishings,SHF-LOC-4208,Locker - Shoe Rack,840,915,300,18.0,0.0,0.0,0.0,none,0.0,0.0,0,752,37,654200,8760,30,0,IP20,-20,60,0,,,CSA-F1 fire and smoke
locker_tall_vented_locker,locker,furniture,passive,Sable Habitat Furnishings,SHF-LOC-2088,Locker - Tall Vented Locker,520,1885,547,47.8,0.0,0.0,0.0,none,0.0,0.0,0,2090,34,888500,8760,30,0,IP20,-20,60,0,,,CSA-F1 fire and smoke
locker_under_bed_drawers,locker,furniture,passive,Sable Habitat Furnishings,SHF-LOC-8529,Locker - Under-Bed Drawers,1200,240,797,18.5,0.0,0.0,0.0,none,0.0,0.0,0,715,36,997200,8760,30,0,IP20,-20,60,0,,,CSA-F1 fire and smoke
locker_wall_cabinet,locker,furniture,passive,Sable Habitat Furnishings,SHF-LOC-3169,Locker - Wall Cabinet,900,641,342,15.9,0.0,0.0,0.0,none,0.0,0.0,0,724,31,684400,8760,30,0,IP20,-20,60,0,,,CSA-F1 fire and smoke
locker_wardrobe,locker,furniture,passive,Sable Habitat Furnishings,SHF-LOC-2053,Locker - Wardrobe,1160,2060,687,134.3,0.0,0.0,0.0,none,0.0,0.0,0,4540,44,792400,8760,30,0,IP20,-20,60,0,,,CSA-F1 fire and smoke
medbed_diagnostic_biobed,medbed,medical,consumer,Lindqvist-Aoki Medical,LAM-MED-7236,Medical bed - Diagnostic Biobed,1320,1710,2050,575.1,170,570,1000,120 VAC 1ph,0.0,0.0,520,987000,103,54900,4380,12,1,IP32,10,35,42,Medical data bus MDB-1 (encrypted),medical,CSA-MD5 medical device; CSA-E24 electrical safety
medbed_exam_table,medbed,medical,consumer,Lindqvist-Aoki Medical,LAM-MED-3866,Medical bed - Exam Table,780,965,2020,175.3,68,230,410,120 VAC 1ph,0.0,0.0,210,307000,95,63000,4380,12,1,IP32,10,35,41,Medical data bus MDB-1 (encrypted),,CSA-MD5 medical device; CSA-E24 electrical safety
medbed_field_stretcher,medbed,medical,consumer,Lindqvist-Aoki Medical,LAM-MED-2796,Medical bed - Field Stretcher,880,907,2200,182.9,83,280,500,120 VAC 1ph,0.0,0.0,260,334000,101,61800,4380,12,1,IP32,10,35,41,Medical data bus MDB-1 (encrypted),,CSA-MD5 medical device; CSA-E24 electrical safety
medbed_isolation_bed,medbed,medical,consumer,Lindqvist-Aoki Medical,LAM-MED-8688,Medical bed - Isolation Bed,1200,2346,2117,638.8,220,720,1300,120 VAC 1ph,0.0,0.0,660,1380000,98,56700,4380,12,1,IP32,10,35,43,Medical data bus MDB-1 (encrypted),,CSA-MD5 medical device; CSA-E24 electrical safety
medbed_recovery_bed,medbed,medical,consumer,Lindqvist-Aoki Medical,LAM-MED-9849,Medical bed - Recovery Bed,1159,1557,2125,458.3,140,450,810,120 VAC 1ph,0.0,0.0,410,843000,104,44200,4380,12,1,IP32,10,35,42,Medical data bus MDB-1 (encrypted),,CSA-MD5 medical device; CSA-E24 electrical safety
medbed_surgical_table,medbed,medical,consumer,Lindqvist-Aoki Medical,LAM-MED-8954,Medical bed - Surgical Table,900,2630,2500,655.1,190,640,1100,120 VAC 1ph,0.0,0.0,590,1540000,105,63500,4380,12,1,IP32,10,35,42,Medical data bus MDB-1 (encrypted),,CSA-MD5 medical device; CSA-E24 electrical safety
medcabinet_drug_dispensing_cabinet,medcabinet,medical,consumer,Lindqvist-Aoki Medical,LAM-MED-2401,Medical cabinet - Drug Dispensing Cabinet,1020,1800,670,173.9,120,390,700,120 VAC 1ph,0.0,0.0,360,370000,101,46300,4380,12,1,IP32,10,35,41,Medical data bus MDB-1 (encrypted),medical,CSA-MD5 medical device; CSA-E24 electrical safety
medcabinet_glove_and_mask_dispenser,medcabinet,medical,consumer,Lindqvist-Aoki Medical,LAM-MED-2002,Medical cabinet - Glove And Mask Dispenser,500,490,180,5.94,17,56,100,48 VDC,0.0,0.0,52,14800,87,63500,4380,12,1,IP32,10,35,39,Medical data bus MDB-1 (encrypted),,CSA-MD5 medical device; CSA-E24 electrical safety
medcabinet_instrument_tray_cabinet,medcabinet,medical,consumer,Lindqvist-Aoki Medical,LAM-MED-6073,Medical cabinet - Instrument Tray Cabinet,940,1580,640,128.7,99,330,600,120 VAC 1ph,0.0,0.0,300,253000,100,64800,4380,12,1,IP32,10,35,41,Medical data bus MDB-1 (encrypted),,CSA-MD5 medical device; CSA-E24 electrical safety
medcabinet_medical_supply_cart,medcabinet,medical,consumer,Lindqvist-Aoki Medical,LAM-MED-7531,Medical cabinet - Medical Supply Cart,800,1137,535,73.1,52,170,310,48 VDC,0.0,0.0,160,168000,98,58400,4380,12,1,IP32,10,35,40,Medical data bus MDB-1 (encrypted),,CSA-MD5 medical device; CSA-E24 electrical safety
medcabinet_medicine_cabinet,medcabinet,medical,consumer,Lindqvist-Aoki Medical,LAM-MED-5963,Medical cabinet - Medicine Cabinet,920,1920,465,125.5,92,310,550,120 VAC 1ph,0.0,0.0,290,254000,93,55700,4380,12,1,IP32,10,35,41,Medical data bus MDB-1 (encrypted),,CSA-MD5 medical device; CSA-E24 electrical safety
medcabinet_sample_fridge,medcabinet,medical,consumer,Lindqvist-Aoki Medical,LAM-MED-8121,Medical cabinet - Sample Fridge,820,1830,780,158.8,120,390,700,120 VAC 1ph,0.0,0.0,360,289000,100,67700,4380,12,1,IP32,10,35,41,Medical data bus MDB-1 (encrypted),,CSA-MD5 medical device; CSA-E24 electrical safety
medcabinet_sterilizer_autoclave,medcabinet,medical,consumer,Lindqvist-Aoki Medical,LAM-MED-7562,Medical cabinet - Sterilizer Autoclave,1020,1600,970,243.3,140,470,840,120 VAC 1ph,0.0,0.0,430,577000,98,46400,4380,12,1,IP32,10,35,42,Medical data bus MDB-1 (encrypted),power,CSA-MD5 medical device; CSA-E24 electrical safety
medcabinet_wall_first_aid_station,medcabinet,medical,consumer,Lindqvist-Aoki Medical,LAM-MED-7500,Medical cabinet - Wall First-Aid Station,600,730,215,14.1,20,66,120,48 VDC,0.0,0.0,61,25000,87,50900,4380,12,1,IP32,10,35,39,Medical data bus MDB-1 (encrypted),,CSA-MD5 medical device; CSA-E24 electrical safety
medscanner_bio_scanner_pillar,medscanner,medical,consumer,Lindqvist-Aoki Medical,LAM-MED-6565,Medical scanner - Bio-Scanner Pillar,1200,2820,1200,878.8,1900,6400,11000,208 VAC 3ph,0.0,0.0,5900,1780000,103,50100,4380,12,1,IP32,10,35,47,Medical data bus MDB-1 (encrypted),medical,CSA-MD5 medical device; CSA-E24 electrical safety
medscanner_blood_analyser,medscanner,medical,consumer,Lindqvist-Aoki Medical,LAM-MED-3769,Medical scanner - Blood Analyser,920,1750,840,282.0,670,2200,4000,208 VAC 3ph,0.0,0.0,2000,605000,97,72200,4380,12,1,IP32,10,35,45,Medical data bus MDB-1 (encrypted),diagnostics,CSA-MD5 medical device; CSA-E24 electrical safety
medscanner_handheld_scanner_dock,medscanner,medical,consumer,Lindqvist-Aoki Medical,LAM-MED-3127,Medical scanner - Handheld Scanner Dock,488,1400,500,68.2,250,840,1500,120 VAC 1ph,0.0,0.0,770,119000,91,55600,4380,12,1,IP32,10,35,43,Medical data bus MDB-1 (encrypted),medical,CSA-MD5 medical device; CSA-E24 electrical safety
medscanner_mri_ring_scanner,medscanner,medical,consumer,Lindqvist-Aoki Medical,LAM-MED-4323,Medical scanner - Mri Ring Scanner,2200,2250,2650,2928,6400,21000,38000,400 VAC 3ph,0.0,0.0,19000,5670000,102,71000,4380,12,1,IP32,10,35,50,Medical data bus MDB-1 (encrypted),,CSA-MD5 medical device; CSA-E24 electrical safety
medscanner_ultrasound_cart,medscanner,medical,consumer,Lindqvist-Aoki Medical,LAM-MED-1281,Medical scanner - Ultrasound Cart,902,1546,860,259.2,580,1900,3500,208 VAC 3ph,0.0,0.0,1700,448000,100,73500,4380,12,1,IP32,10,35,45,Medical data bus MDB-1 (encrypted),medical,CSA-MD5 medical device; CSA-E24 electrical safety
medscanner_vitals_monitor_stand,medscanner,medical,consumer,Lindqvist-Aoki Medical,LAM-MED-4850,Medical scanner - Vitals Monitor Stand,642,1680,635,138.8,430,1400,2600,208 VAC 3ph,0.0,0.0,1300,327000,96,45500,4380,12,1,IP32,10,35,44,Medical data bus MDB-1 (encrypted),medical,CSA-MD5 medical device; CSA-E24 electrical safety
medscanner_whole_body_scanner_arch,medscanner,medical,consumer,Lindqvist-Aoki Medical,LAM-MED-6152,Medical scanner - Whole-Body Scanner Arch,2335,2150,3000,3373,6500,22000,39000,400 VAC 3ph,0.0,0.0,20000,6690000,106,63700,4380,12,1,IP32,10,35,50,Medical data bus MDB-1 (encrypted),medical,CSA-MD5 medical device; CSA-E24 electrical safety
medscanner_x_ray_unit,medscanner,medical,consumer,Lindqvist-Aoki Medical,LAM-MED-5027,Medical scanner - X-Ray Unit,1690,2250,1775,1373,3400,11000,21000,400 VAC 3ph,0.0,0.0,10000,2770000,103,49500,4380,12,1,IP32,10,35,48,Medical data bus MDB-1 (encrypted),diagnostics,CSA-MD5 medical device; CSA-E24 electrical safety
medsupply_hover_stretcher,medsupply,medical,passive,Lindqvist-Aoki Medical,LAM-MED-3875,Medical supply - Hover Stretcher,840,595,2070,77.3,0.0,0.0,0.0,none,0.0,0.0,0,132000,91,43200,4380,12,0,IP32,10,35,0,,,CSA-MD5 medical device; CSA-E24 electrical safety
medsupply_iv_stand,medsupply,medical,passive,Lindqvist-Aoki Medical,LAM-MED-6208,Medical supply - Iv Stand,644,2012,678,64.0,0.0,0.0,0.0,none,0.0,0.0,0,150000,95,72300,4380,12,0,IP32,10,35,0,,,CSA-MD5 medical device; CSA-E24 electrical safety
medsupply_linen_cart,medsupply,medical,passive,Lindqvist-Aoki Medical,LAM-MED-1265,Medical supply - Linen Cart,845,1292,577,50.1,0.0,0.0,0.0,none,0.0,0.0,0,104000,93,72600,4380,12,0,IP32,10,35,0,,,CSA-MD5 medical device; CSA-E24 electrical safety
medsupply_sharps_container,medsupply,medical,passive,Lindqvist-Aoki Medical,LAM-MED-2942,Medical supply - Sharps Container,300,335,230,1.57,0.0,0.0,0.0,none,0.0,0.0,0,3780,84,70000,4380,12,0,IP32,10,35,0,,,CSA-MD5 medical device; CSA-E24 electrical safety
medsupply_wall_patient_monitor,medsupply,medical,passive,Lindqvist-Aoki Medical,LAM-MED-3222,Medical supply - Wall Patient Monitor,875,765,140,6.37,0.0,0.0,0.0,none,0.0,0.0,0,12600,84,48000,4380,12,0,IP32,10,35,0,,medical,CSA-MD5 medical device; CSA-E24 electrical safety
medtool_biohazard_bin,medtool,medical,passive,Lindqvist-Aoki Medical,LAM-MED-3755,Medical tool - Biohazard Bin,310,410,310,6.98,0.0,0.0,0.0,none,0.0,0.0,0,15700,89,76200,4380,12,0,IP32,10,35,0,,,CSA-MD5 medical device; CSA-E24 electrical safety
medtool_compact_microscope,medtool,medical,passive,Lindqvist-Aoki Medical,LAM-MED-7653,Medical tool - Compact Microscope,200,397,260,3.89,0.0,0.0,0.0,none,0.0,0.0,0,9760,88,66000,4380,12,0,IP32,10,35,0,,,CSA-MD5 medical device; CSA-E24 electrical safety
medtool_hypospray_dock,medtool,medical,passive,Lindqvist-Aoki Medical,LAM-MED-3729,Medical tool - Hypospray Dock,220,194,185,1.46,0.0,0.0,0.0,none,0.0,0.0,0,3430,81,55900,4380,12,0,IP32,10,35,0,,,CSA-MD5 medical device; CSA-E24 electrical safety
medtool_med_kit_case,medtool,medical,passive,Lindqvist-Aoki Medical,LAM-MED-1708,Medical tool - Med-Kit Case,360,232,168,2.71,0.0,0.0,0.0,none,0.0,0.0,0,6800,83,66400,4380,12,0,IP32,10,35,0,,,CSA-MD5 medical device; CSA-E24 electrical safety
medtool_medical_shoulder_bag,medtool,medical,passive,Lindqvist-Aoki Medical,LAM-MED-2045,Medical tool - Medical Shoulder Bag,380,329,190,4.23,0.0,0.0,0.0,none,0.0,0.0,0,10600,87,59400,4380,12,0,IP32,10,35,0,,,CSA-MD5 medical device; CSA-E24 electrical safety
medtool_medical_tricorder,medtool,medical,passive,Lindqvist-Aoki Medical,LAM-MED-7354,Medical tool - Medical Tricorder,180,95,335,1.1,0.0,0.0,0.0,none,0.0,0.0,0,2620,82,73300,4380,12,0,IP32,10,35,0,,medical,CSA-MD5 medical device; CSA-E24 electrical safety
medtool_surgical_instrument_tray,medtool,medical,passive,Lindqvist-Aoki Medical,LAM-MED-9472,Medical tool - Surgical Instrument Tray,372,59,252,1.02,0.0,0.0,0.0,none,0.0,0.0,0,2510,86,68700,4380,12,0,IP32,10,35,0,,,CSA-MD5 medical device; CSA-E24 electrical safety
medtool_syringe_rack,medtool,medical,passive,Lindqvist-Aoki Medical,LAM-MED-7696,Medical tool - Syringe Rack,300,204,140,1.72,0.0,0.0,0.0,none,0.0,0.0,0,4440,85,58700,4380,12,0,IP32,10,35,0,,,CSA-MD5 medical device; CSA-E24 electrical safety
microscope_confocal_cabinet,microscope,science,consumer,Orrery Instruments,ORI-MIC-3405,Microscope - Confocal Cabinet,1037,1780,905,519.0,240,810,1400,120 VAC 1ph,0.0,0.0,750,1520000,118,47500,4380,12,1,IP32,5,40,45,"Lab data bus LDB-1, 1 GbE",medical,CSA-E24 electrical safety; CSA-LAB2 laboratory
microscope_electron_microscope,microscope,science,consumer,Orrery Instruments,ORI-MIC-2306,Microscope - Electron Microscope,1570,1980,733,669.6,370,1200,2100,208 VAC 3ph,0.0,0.0,1100,1820000,114,43100,4380,12,1,IP32,5,40,46,"Lab data bus LDB-1, 1 GbE",diagnostics science,CSA-E24 electrical safety; CSA-LAB2 laboratory
microscope_optical_microscope,microscope,science,consumer,Orrery Instruments,ORI-MIC-2654,Microscope - Optical Microscope,220,638,285,11.8,13,42,72,24 VDC,0.0,0.0,39,31900,111,56200,4380,12,1,IP32,5,40,41,"Lab data bus LDB-1, 1 GbE",,CSA-E24 electrical safety; CSA-LAB2 laboratory
microscope_scanning_probe_microscope,microscope,science,consumer,Orrery Instruments,ORI-MIC-5159,Microscope - Scanning Probe Microscope,630,460,530,45.4,28,92,160,48 VDC,0.0,0.0,85,95800,104,65400,4380,12,1,IP32,5,40,41,"Lab data bus LDB-1, 1 GbE",science,CSA-E24 electrical safety; CSA-LAB2 laboratory
microscope_stereo_microscope,microscope,science,consumer,Orrery Instruments,ORI-MIC-3439,Microscope - Stereo Microscope,256,627,353,17.1,15,49,83,48 VDC,0.0,0.0,45,42100,109,47900,4380,12,1,IP32,5,40,41,"Lab data bus LDB-1, 1 GbE",,CSA-E24 electrical safety; CSA-LAB2 laboratory
noticeboard_cork_bulletin_board,noticeboard,bridge,consumer,Meridian Avionics,MAV-NOT-8870,Notice board - Cork Bulletin Board,1200,908,80,5.39,13,43,61,24 VDC,0.0,0.0,40,8920,74,55800,8760,12,0,IP30,0,45,31,"Ship data bus SDB-2, 10 GbE",,CSA-E24 electrical safety; CSA-EMC4 compatibility; CSA-B7 bridge systems
noticeboard_digital_message_board,noticeboard,bridge,consumer,Meridian Avionics,MAV-NOT-9866,Notice board - Digital Message Board,1400,580,71,3.91,9.1,30,43,24 VDC,0.0,0.0,28,6040,69,94000,8760,12,0,IP30,0,45,31,"Ship data bus SDB-2, 10 GbE",computer,CSA-E24 electrical safety; CSA-EMC4 compatibility; CSA-B7 bridge systems
noticeboard_duty_roster_display,noticeboard,bridge,consumer,Meridian Avionics,MAV-NOT-5268,Notice board - Duty Roster Display,1000,1300,78,6.32,15,49,69,24 VDC,0.0,0.0,45,9780,72,83700,8760,12,0,IP30,0,45,31,"Ship data bus SDB-2, 10 GbE",diagnostics,CSA-E24 electrical safety; CSA-EMC4 compatibility; CSA-B7 bridge systems
nozzle_exhaust_bell_with_cooling_ribs,nozzle,machinery,consumer,Anvil Fluid Controls,AFC-NOZ-7323,Thruster / nozzle - Exhaust Bell With Cooling Ribs,1438,2490,1370,4161,3600,10000,22000,400 VAC 3ph,0.0,0.0,9200,2920000,134,33900,2000,20,1,IP54,-20,60,72,Machinery control bus MCB-1,,CSA-M5 machinery safety; CSA-E24 electrical safety
nozzle_gimbal_mount,nozzle,machinery,consumer,Anvil Fluid Controls,AFC-NOZ-7688,Thruster / nozzle - Gimbal Mount,1200,1450,1020,1578,1500,4200,9100,208 VAC 3ph,0.0,0.0,3900,1030000,127,39000,2000,20,1,IP54,-20,60,70,Machinery control bus MCB-1,,CSA-M5 machinery safety; CSA-E24 electrical safety
nozzle_ion_drive_engine,nozzle,machinery,consumer,Anvil Fluid Controls,AFC-NOZ-1268,Thruster / nozzle - Ion Drive Engine,1200,1642,1200,2100,1800,5000,11000,208 VAC 3ph,0.0,0.0,4600,1320000,128,40400,2000,20,1,IP54,-20,60,71,Machinery control bus MCB-1,,CSA-M5 machinery safety; CSA-E24 electrical safety
nozzle_main_thruster_bell,nozzle,machinery,consumer,Anvil Fluid Controls,AFC-NOZ-2557,Thruster / nozzle - Main Thruster Bell,1400,2250,1400,4099,3600,10000,23000,400 VAC 3ph,0.0,0.0,9200,2930000,130,31400,2000,20,1,IP54,-20,60,72,Machinery control bus MCB-1,,CSA-M5 machinery safety; CSA-E24 electrical safety
nozzle_plasma_injector_nozzle,nozzle,machinery,consumer,Anvil Fluid Controls,AFC-NOZ-2058,Thruster / nozzle - Plasma Injector Nozzle,800,800,845,473.8,590,1700,3700,208 VAC 3ph,0.0,0.0,1600,288000,122,30200,2000,20,1,IP54,-20,60,68,Machinery control bus MCB-1,,CSA-M5 machinery safety; CSA-E24 electrical safety
nozzle_quad_rcs_block,nozzle,machinery,consumer,Anvil Fluid Controls,AFC-NOZ-3652,Thruster / nozzle - Quad Rcs Block,1170,1070,1180,1299,1200,3300,7300,208 VAC 3ph,0.0,0.0,3000,731000,128,40300,2000,20,1,IP54,-20,60,70,Machinery control bus MCB-1,,CSA-M5 machinery safety; CSA-E24 electrical safety
nozzle_rcs_thruster_cluster,nozzle,machinery,consumer,Anvil Fluid Controls,AFC-NOZ-4762,Thruster / nozzle - Rcs Thruster Cluster,1000,1000,370,318.4,420,1200,2600,208 VAC 3ph,0.0,0.0,1100,166000,126,32400,2000,20,1,IP54,-20,60,68,Machinery control bus MCB-1,,CSA-M5 machinery safety; CSA-E24 electrical safety
nozzle_vectoring_nozzle,nozzle,machinery,consumer,Anvil Fluid Controls,AFC-NOZ-3256,Thruster / nozzle - Vectoring Nozzle,1500,1718,1788,4059,3700,11000,23000,400 VAC 3ph,0.0,0.0,10000,2790000,131,26900,2000,20,1,IP54,-20,60,72,Machinery control bus MCB-1,,CSA-M5 machinery safety; CSA-E24 electrical safety
pallet_boxes_layered,pallet,cargo,passive,Ironwake Heavy Works,IHW-PAL-4400,Pallet / rack - Boxes Layered,1240,1106,1030,52.0,0.0,0.0,0.0,none,0.0,0.0,0,4320,52,596800,8760,25,0,IP54,-40,70,0,,,CSA-C1 cargo handling
pallet_composite_empty,pallet,cargo,passive,Ironwake Heavy Works,IHW-PAL-6119,Pallet / rack - Composite Empty,1200,180,1025,7.23,0.0,0.0,0.0,none,0.0,0.0,0,808,52,588800,8760,25,0,IP54,-40,70,0,,,CSA-C1 cargo handling
pallet_crates_banded,pallet,cargo,passive,Ironwake Heavy Works,IHW-PAL-9428,Pallet / rack - Crates Banded,1250,1105,1050,50.9,0.0,0.0,0.0,none,0.0,0.0,0,5730,58,563900,8760,25,0,IP54,-40,70,0,,,CSA-C1 cargo handling
pallet_drums_banded,pallet,cargo,passive,Ironwake Heavy Works,IHW-PAL-3183,Pallet / rack - Drums Banded,1250,1029,1090,49.7,0.0,0.0,0.0,none,0.0,0.0,0,4700,60,367200,8760,25,0,IP54,-40,70,0,,,CSA-C1 cargo handling
pallet_empty_stack,pallet,cargo,passive,Ironwake Heavy Works,IHW-PAL-3051,Pallet / rack - Empty Stack,1250,915,1035,43.4,0.0,0.0,0.0,none,0.0,0.0,0,4770,56,505800,8760,25,0,IP54,-40,70,0,,,CSA-C1 cargo handling
pallet_mixed_goods,pallet,cargo,passive,Ironwake Heavy Works,IHW-PAL-4371,Pallet / rack - Mixed Goods,1200,879,1000,37.6,0.0,0.0,0.0,none,0.0,0.0,0,4060,57,365500,8760,25,0,IP54,-40,70,0,,,CSA-C1 cargo handling
pallet_rack_bay_loaded,pallet,cargo,passive,Ironwake Heavy Works,IHW-PAL-2850,Pallet / rack - Rack Bay Loaded,2760,5109,1180,557.7,0.0,0.0,0.0,none,0.0,0.0,0,57200,61,615300,8760,25,0,IP54,-40,70,0,,,CSA-C1 cargo handling
pallet_rack_bay_low_wire,pallet,cargo,passive,Ironwake Heavy Works,IHW-PAL-7983,Pallet / rack - Rack Bay Low Wire,2760,3200,1180,385.8,0.0,0.0,0.0,none,0.0,0.0,0,43000,61,415900,8760,25,0,IP54,-40,70,0,,,CSA-C1 cargo handling
pallet_roll_cage_empty,pallet,cargo,passive,Ironwake Heavy Works,IHW-PAL-7755,Pallet / rack - Roll Cage Empty,800,1845,700,34.0,0.0,0.0,0.0,none,0.0,0.0,0,2800,51,434800,8760,25,0,IP54,-40,70,0,,,CSA-C1 cargo handling
pallet_roll_cage_loaded,pallet,cargo,passive,Ironwake Heavy Works,IHW-PAL-8863,Pallet / rack - Roll Cage Loaded,800,1845,700,35.5,0.0,0.0,0.0,none,0.0,0.0,0,3120,53,385600,8760,25,0,IP54,-40,70,0,,,CSA-C1 cargo handling
pallet_sacks_stacked,pallet,cargo,passive,Ironwake Heavy Works,IHW-PAL-1039,Pallet / rack - Sacks Stacked,1240,780,1080,41.1,0.0,0.0,0.0,none,0.0,0.0,0,3970,57,570300,8760,25,0,IP54,-40,70,0,,,CSA-C1 cargo handling
pallet_wooden_empty,pallet,cargo,passive,Ironwake Heavy Works,IHW-PAL-4669,Pallet / rack - Wooden Empty,1200,150,1000,6.37,0.0,0.0,0.0,none,0.0,0.0,0,698,50,367400,8760,25,0,IP54,-40,70,0,,,CSA-C1 cargo handling
pallet_wrapped_stack,pallet,cargo,passive,Ironwake Heavy Works,IHW-PAL-3735,Pallet / rack - Wrapped Stack,1240,1364,1052,64.9,0.0,0.0,0.0,none,0.0,0.0,0,7360,62,523600,8760,25,0,IP54,-40,70,0,,,CSA-C1 cargo handling
pallet_wrapped_tall_mixed,pallet,cargo,passive,Ironwake Heavy Works,IHW-PAL-5042,Pallet / rack - Wrapped Tall Mixed,1260,2115,1055,99.1,0.0,0.0,0.0,none,0.0,0.0,0,8960,57,554600,8760,25,0,IP54,-40,70,0,,,CSA-C1 cargo handling
panellight_backlit_rectangle,panellight,light,consumer,Tamsin Lighting,TAM-PAN-2522,Panel light - Backlit Rectangle,660,960,62,4.42,0.45,9.1,10,24 VDC,0.0,0.0,7.3,996,31,77800,17520,12,0,IP44,-20,55,0,Lighting bus LB-1 (dimming),,CSA-E24 electrical safety; CSA-L3 photobiological
panellight_door_side_light,panellight,light,consumer,Tamsin Lighting,TAM-PAN-6057,Panel light - Door Side Light,160,560,52,0.55,0.25,5.0,5.5,24 VDC,0.0,0.0,4.0,231,31,63500,17520,12,0,IP44,-20,55,0,Lighting bus LB-1 (dimming),,CSA-E24 electrical safety; CSA-L3 photobiological
panellight_glowing_wall_strip,panellight,light,consumer,Tamsin Lighting,TAM-PAN-5202,Panel light - Glowing Wall Strip,120,1300,60,0.96,0.28,5.5,6.1,24 VDC,0.0,0.0,4.4,345,32,65500,17520,12,0,IP44,-20,55,0,Lighting bus LB-1 (dimming),,CSA-E24 electrical safety; CSA-L3 photobiological
panellight_hex_glow_panel,panellight,light,consumer,Tamsin Lighting,TAM-PAN-7342,Panel light - Hex Glow Panel,592,520,72,2.33,0.34,6.8,7.5,24 VDC,0.0,0.0,5.4,759,36,68100,17520,12,0,IP44,-20,55,0,Lighting bus LB-1 (dimming),,CSA-E24 electrical safety; CSA-L3 photobiological
panellight_illuminated_logo_plate,panellight,light,consumer,Tamsin Lighting,TAM-PAN-6223,Panel light - Illuminated Logo Plate,600,360,52,1.32,0.31,6.3,6.9,24 VDC,0.0,0.0,5.0,391,31,66400,17520,12,0,IP44,-20,55,0,Lighting bus LB-1 (dimming),,CSA-E24 electrical safety; CSA-L3 photobiological
panellight_porthole_glow,panellight,light,consumer,Tamsin Lighting,TAM-PAN-9023,Panel light - Porthole Glow,638,638,107,5.29,0.46,9.2,10,24 VDC,0.0,0.0,7.4,1500,38,52600,17520,12,0,IP44,-20,55,0,Lighting bus LB-1 (dimming),,CSA-E24 electrical safety; CSA-L3 photobiological
panellight_tile_matrix_panel,panellight,light,consumer,Tamsin Lighting,TAM-PAN-1073,Panel light - Tile Matrix Panel,840,840,60,4.74,0.45,9.0,9.9,24 VDC,0.0,0.0,7.2,1100,38,70900,17520,12,0,IP44,-20,55,0,Lighting bus LB-1 (dimming),,CSA-E24 electrical safety; CSA-L3 photobiological
panellight_triple_bar_panel,panellight,light,consumer,Tamsin Lighting,TAM-PAN-8366,Panel light - Triple Bar Panel,800,500,65,2.78,0.39,7.8,8.6,24 VDC,0.0,0.0,6.2,678,31,62800,17520,12,0,IP44,-20,55,0,Lighting bus LB-1 (dimming),,CSA-E24 electrical safety; CSA-L3 photobiological
panellight_wall_grazer,panellight,light,consumer,Tamsin Lighting,TAM-PAN-1139,Panel light - Wall Grazer,650,190,140,1.87,0.35,7.0,7.7,24 VDC,0.0,0.0,5.6,471,35,50400,17520,12,0,IP44,-20,55,0,Lighting bus LB-1 (dimming),,CSA-E24 electrical safety; CSA-L3 photobiological
panellight_window_light_box,panellight,light,consumer,Tamsin Lighting,TAM-PAN-5821,Panel light - Window Light Box,980,950,150,15.8,0.88,18,19,24 VDC,0.0,0.0,14,3670,42,61600,17520,12,0,IP44,-20,55,0,Lighting bus LB-1 (dimming),,CSA-E24 electrical safety; CSA-L3 photobiological
particle_detector_ring_segment,particle,science,consumer,Orrery Instruments,ORI-PAR-8048,Particle physics equipment - Detector Ring Segment,2247,2470,1320,4334,170000,570000,980000,6.6 kVAC 3ph,0.0,0.0,520000,12900000,125,38900,4380,12,1,IP32,5,40,58,"Lab data bus LDB-1, 1 GbE",,CSA-E24 electrical safety; CSA-LAB2 laboratory
particle_mini_collider_ring,particle,science,consumer,Orrery Instruments,ORI-PAR-2291,Particle physics equipment - Mini Collider Ring,2600,1400,2600,5720,240000,780000,1300000,6.6 kVAC 3ph,0.0,0.0,720000,15900000,121,46900,4380,12,1,IP32,5,40,58,"Lab data bus LDB-1, 1 GbE",science,CSA-E24 electrical safety; CSA-LAB2 laboratory
particle_plasma_chamber,particle,science,consumer,Orrery Instruments,ORI-PAR-3013,Particle physics equipment - Plasma Chamber,1196,2000,1220,1960,77000,260000,430000,6.6 kVAC 3ph,0.0,0.0,240000,4450000,119,55600,4380,12,1,IP32,5,40,57,"Lab data bus LDB-1, 1 GbE",power,CSA-E24 electrical safety; CSA-LAB2 laboratory
particle_quantum_chandelier,particle,science,consumer,Orrery Instruments,ORI-PAR-2310,Particle physics equipment - Quantum Chandelier,1200,3000,840,2036,81000,270000,460000,6.6 kVAC 3ph,0.0,0.0,250000,4330000,120,64100,4380,12,1,IP32,5,40,57,"Lab data bus LDB-1, 1 GbE",engineering,CSA-E24 electrical safety; CSA-LAB2 laboratory
particle_tesla_emitter,particle,science,consumer,Orrery Instruments,ORI-PAR-7218,Particle physics equipment - Tesla Emitter,798,2533,808,986.3,41000,140000,230000,400 VAC 3ph,0.0,0.0,130000,2610000,119,61500,4380,12,1,IP32,5,40,56,"Lab data bus LDB-1, 1 GbE",,CSA-E24 electrical safety; CSA-LAB2 laboratory
particle_tractor_field_emitter,particle,science,consumer,Orrery Instruments,ORI-PAR-2408,Particle physics equipment - Tractor Field Emitter,1000,1500,1011,945.1,37000,120000,210000,400 VAC 3ph,0.0,0.0,110000,2850000,114,67700,4380,12,1,IP32,5,40,55,"Lab data bus LDB-1, 1 GbE",nav,CSA-E24 electrical safety; CSA-LAB2 laboratory
pillar_arch_rib,pillar,structure,passive,Calder-Okonkwo Industries,COI-PIL-8848,Structural pillar - Arch Rib,3480,3680,600,5581,0.0,0.0,0.0,none,0.0,0.0,0,103000,59,1628900,17520,40,0,IP40,-40,80,0,,,CSA-S2 structural
pillar_box_beam_light,pillar,structure,passive,Calder-Okonkwo Industries,COI-PIL-4217,Structural pillar - Box Beam Light,4000,400,540,622.1,0.0,0.0,0.0,none,0.0,0.0,0,11400,51,1437100,17520,40,0,IP40,-40,80,0,,,CSA-S2 structural
pillar_bulkhead_frame,pillar,structure,passive,Calder-Okonkwo Industries,COI-PIL-8390,Structural pillar - Bulkhead Frame,2200,3400,500,2860,0.0,0.0,0.0,none,0.0,0.0,0,56200,50,1848300,17520,40,0,IP40,-40,80,0,,,CSA-S2 structural
pillar_buttress,pillar,structure,passive,Calder-Okonkwo Industries,COI-PIL-6011,Structural pillar - Buttress,600,3400,1000,1523,0.0,0.0,0.0,none,0.0,0.0,0,39400,52,1689900,17520,40,0,IP40,-40,80,0,,,CSA-S2 structural
pillar_fluted_round,pillar,structure,passive,Calder-Okonkwo Industries,COI-PIL-6644,Structural pillar - Fluted Round,640,3400,640,1114,0.0,0.0,0.0,none,0.0,0.0,0,21800,49,1236900,17520,40,0,IP40,-40,80,0,,,CSA-S2 structural
pillar_h_beam,pillar,structure,passive,Calder-Okonkwo Industries,COI-PIL-4230,Structural pillar - H Beam,600,3400,600,861.5,0.0,0.0,0.0,none,0.0,0.0,0,19000,47,1404000,17520,40,0,IP40,-40,80,0,,,CSA-S2 structural
pillar_h_beam_4m,pillar,structure,passive,Calder-Okonkwo Industries,COI-PIL-1112,Structural pillar - H Beam 4M,4000,400,420,473.4,0.0,0.0,0.0,none,0.0,0.0,0,9950,51,1110900,17520,40,0,IP40,-40,80,0,,,CSA-S2 structural
pillar_hex_light,pillar,structure,passive,Calder-Okonkwo Industries,COI-PIL-6980,Structural pillar - Hex Light,624,3400,720,1097,0.0,0.0,0.0,none,0.0,0.0,0,19900,54,1592500,17520,40,0,IP40,-40,80,0,,,CSA-S2 structural
pillar_pipe_wrapped,pillar,structure,passive,Calder-Okonkwo Industries,COI-PIL-6758,Structural pillar - Pipe Wrapped,551,3400,601,841.6,0.0,0.0,0.0,none,0.0,0.0,0,21300,47,1515600,17520,40,0,IP40,-40,80,0,,,CSA-S2 structural
pillar_square_plinth,pillar,structure,passive,Calder-Okonkwo Industries,COI-PIL-2530,Structural pillar - Square Plinth,600,3400,600,886.9,0.0,0.0,0.0,none,0.0,0.0,0,22000,50,1103800,17520,40,0,IP40,-40,80,0,,,CSA-S2 structural
pillar_tapered_ring,pillar,structure,passive,Calder-Okonkwo Industries,COI-PIL-3400,Structural pillar - Tapered Ring,840,3400,840,1688,0.0,0.0,0.0,none,0.0,0.0,0,38200,56,1602200,17520,40,0,IP40,-40,80,0,,,CSA-S2 structural
pillar_truss,pillar,structure,passive,Calder-Okonkwo Industries,COI-PIL-6941,Structural pillar - Truss,500,3400,500,640.6,0.0,0.0,0.0,none,0.0,0.0,0,16900,52,1375400,17520,40,0,IP40,-40,80,0,,,CSA-S2 structural
pillar_truss_beam_4m,pillar,structure,passive,Calder-Okonkwo Industries,COI-PIL-6125,Structural pillar - Truss Beam 4M,4024,515,460,666.1,0.0,0.0,0.0,none,0.0,0.0,0,17600,54,1859400,17520,40,0,IP40,-40,80,0,,,CSA-S2 structural
pillar_twin_rods,pillar,structure,passive,Calder-Okonkwo Industries,COI-PIL-2644,Structural pillar - Twin Rods,920,3400,320,690.9,0.0,0.0,0.0,none,0.0,0.0,0,16600,47,1918300,17520,40,0,IP40,-40,80,0,,,CSA-S2 structural
pipe_ceiling_flanged_twin,pipe,structure,passive,Anvil Fluid Controls,AFC-PIP-5357,Pipe - Ceiling Flanged Twin,2000,238,380,26.7,0.0,0.0,0.0,none,0.0,0.0,0,1020,45,1147400,17520,40,0,IP40,-40,80,0,,,CSA-S2 structural
pipe_ceiling_hanger_run,pipe,structure,passive,Anvil Fluid Controls,AFC-PIP-2559,Pipe - Ceiling Hanger Run,2000,314,222,22.0,0.0,0.0,0.0,none,0.0,0.0,0,764,46,1175600,17520,40,0,IP40,-40,80,0,,,CSA-S2 structural
pipe_ceiling_insulated_pair,pipe,structure,passive,Anvil Fluid Controls,AFC-PIP-2822,Pipe - Ceiling Insulated Pair,2015,250,400,28.0,0.0,0.0,0.0,none,0.0,0.0,0,721,39,1482500,17520,40,0,IP40,-40,80,0,,,CSA-S2 structural
pipe_ceiling_pump,pipe,structure,passive,Anvil Fluid Controls,AFC-PIP-7273,Pipe - Ceiling Pump,2000,490,380,51.2,0.0,0.0,0.0,none,0.0,0.0,0,1170,40,1112500,17520,40,0,IP40,-40,80,0,,,CSA-S2 structural
pipe_ceiling_tee,pipe,structure,passive,Anvil Fluid Controls,AFC-PIP-4153,Pipe - Ceiling Tee,2000,230,1750,124.9,0.0,0.0,0.0,none,0.0,0.0,0,2620,45,1290600,17520,40,0,IP40,-40,80,0,,,CSA-S2 structural
pipe_ceiling_turn,pipe,structure,passive,Anvil Fluid Controls,AFC-PIP-4992,Pipe - Ceiling Turn,1248,252,1045,47.3,0.0,0.0,0.0,none,0.0,0.0,0,1270,43,1671800,17520,40,0,IP40,-40,80,0,,,CSA-S2 structural
pipe_coolant_glow,pipe,structure,passive,Anvil Fluid Controls,AFC-PIP-4883,Pipe - Coolant Glow,2000,168,184,9.65,0.0,0.0,0.0,none,0.0,0.0,0,437,37,1131100,17520,40,0,IP40,-40,80,0,,,CSA-S2 structural
pipe_corrugated_hose,pipe,structure,passive,Anvil Fluid Controls,AFC-PIP-9641,Pipe - Corrugated Hose,2010,204,215,13.2,0.0,0.0,0.0,none,0.0,0.0,0,666,40,1778800,17520,40,0,IP40,-40,80,0,,,CSA-S2 structural
pipe_double_run,pipe,structure,passive,Anvil Fluid Controls,AFC-PIP-2579,Pipe - Double Run,2000,264,148,12.5,0.0,0.0,0.0,none,0.0,0.0,0,586,37,1519800,17520,40,0,IP40,-40,80,0,,,CSA-S2 structural
pipe_elbow_jog,pipe,structure,passive,Anvil Fluid Controls,AFC-PIP-2503,Pipe - Elbow Jog,2000,576,190,32.5,0.0,0.0,0.0,none,0.0,0.0,0,971,42,1626900,17520,40,0,IP40,-40,80,0,,,CSA-S2 structural
pipe_elbow_up,pipe,structure,passive,Anvil Fluid Controls,AFC-PIP-6361,Pipe - Elbow Up,1069,1043,165,27.3,0.0,0.0,0.0,none,0.0,0.0,0,720,42,1301400,17520,40,0,IP40,-40,80,0,,,CSA-S2 structural
pipe_expansion_loop,pipe,structure,passive,Anvil Fluid Controls,AFC-PIP-6053,Pipe - Expansion Loop,2000,592,165,30.2,0.0,0.0,0.0,none,0.0,0.0,0,1060,39,1941600,17520,40,0,IP40,-40,80,0,,,CSA-S2 structural
pipe_flanged_joints,pipe,structure,passive,Anvil Fluid Controls,AFC-PIP-4442,Pipe - Flanged Joints,2000,176,190,10.7,0.0,0.0,0.0,none,0.0,0.0,0,478,44,1873500,17520,40,0,IP40,-40,80,0,,,CSA-S2 structural
pipe_gauge_tap,pipe,structure,passive,Anvil Fluid Controls,AFC-PIP-1957,Pipe - Gauge Tap,2000,390,183,21.4,0.0,0.0,0.0,none,0.0,0.0,0,735,44,1193500,17520,40,0,IP40,-40,80,0,,,CSA-S2 structural
pipe_insulated_wrapped,pipe,structure,passive,Anvil Fluid Controls,AFC-PIP-1047,Pipe - Insulated Wrapped,2050,258,300,25.0,0.0,0.0,0.0,none,0.0,0.0,0,793,47,1415600,17520,40,0,IP40,-40,80,0,,,CSA-S2 structural
pipe_straight_plain,pipe,structure,passive,Anvil Fluid Controls,AFC-PIP-8148,Pipe - Straight Plain,2000,178,199,9.91,0.0,0.0,0.0,none,0.0,0.0,0,361,39,1257300,17520,40,0,IP40,-40,80,0,,,CSA-S2 structural
pipe_tee_branch,pipe,structure,passive,Anvil Fluid Controls,AFC-PIP-9714,Pipe - Tee Branch,2000,973,190,52.7,0.0,0.0,0.0,none,0.0,0.0,0,1320,44,1764900,17520,40,0,IP40,-40,80,0,,,CSA-S2 structural
pipe_triple_bundle,pipe,structure,passive,Anvil Fluid Controls,AFC-PIP-3907,Pipe - Triple Bundle,2000,360,140,15.3,0.0,0.0,0.0,none,0.0,0.0,0,435,39,1690500,17520,40,0,IP40,-40,80,0,,,CSA-S2 structural
pipe_valve_lever,pipe,structure,passive,Anvil Fluid Controls,AFC-PIP-4367,Pipe - Valve Lever,2000,285,180,16.5,0.0,0.0,0.0,none,0.0,0.0,0,603,45,1722100,17520,40,0,IP40,-40,80,0,,,CSA-S2 structural
pipe_valve_wheel,pipe,structure,passive,Anvil Fluid Controls,AFC-PIP-9283,Pipe - Valve Wheel,2000,534,336,58.2,0.0,0.0,0.0,none,0.0,0.0,0,1480,41,1280400,17520,40,0,IP40,-40,80,0,,,CSA-S2 structural
plant_bonsai,plant,plant,passive,Brightwater Life Systems,BLS-PLA-3347,Plant - Bonsai,431,397,200,2.91,0.0,0.0,0.0,none,0.0,0.0,0,308,22,0,168,2,0,n/a,10,35,0,,,CSA-BIO1 biosafety
plant_fern,plant,plant,passive,Brightwater Life Systems,BLS-PLA-8119,Plant - Fern,1568,876,1435,167.5,0.0,0.0,0.0,none,0.0,0.0,0,9120,38,0,168,2,0,n/a,10,35,0,,,CSA-BIO1 biosafety
plant_ficus_tree,plant,plant,passive,Brightwater Life Systems,BLS-PLA-3695,Plant - Ficus Tree,888,1936,1007,153.8,0.0,0.0,0.0,none,0.0,0.0,0,9470,37,0,168,2,0,n/a,10,35,0,,,CSA-BIO1 biosafety
plant_flower_vase,plant,plant,passive,Brightwater Life Systems,BLS-PLA-6278,Plant - Flower Vase,269,498,290,3.36,0.0,0.0,0.0,none,0.0,0.0,0,357,23,0,168,2,0,n/a,10,35,0,,,CSA-BIO1 biosafety
plant_hanging_plant,plant,plant,passive,Brightwater Life Systems,BLS-PLA-4464,Plant - Hanging Plant,468,1322,478,24.5,0.0,0.0,0.0,none,0.0,0.0,0,1640,26,0,168,2,0,n/a,10,35,0,,,CSA-BIO1 biosafety
plant_moss_wall_panel,plant,plant,passive,Brightwater Life Systems,BLS-PLA-6667,Plant - Moss Wall Panel,1033,765,122,8.14,0.0,0.0,0.0,none,0.0,0.0,0,809,27,0,168,2,0,n/a,10,35,0,,,CSA-BIO1 biosafety
plant_planter_box,plant,plant,passive,Brightwater Life Systems,BLS-PLA-5412,Plant - Planter Box,1240,838,390,35.1,0.0,0.0,0.0,none,0.0,0.0,0,2170,28,0,168,2,0,n/a,10,35,0,,,CSA-BIO1 biosafety
plant_succulent_set,plant,plant,passive,Brightwater Life Systems,BLS-PLA-3415,Plant - Succulent Set,387,149,300,1.52,0.0,0.0,0.0,none,0.0,0.0,0,314,26,0,168,2,0,n/a,10,35,0,,,CSA-BIO1 biosafety
planter_dwarf_tree_tub,planter,lifesupport,consumer,Brightwater Life Systems,BLS-PLA-3945,Hydroponic planter - Dwarf Tree Tub,1066,2039,810,241.5,320,810,1300,120 VAC 1ph,0.0,0.0,750,127000,99,38900,3000,18,1,IP54,-10,55,60,Environmental bus EB-1,,CSA-LS1 life support; CSA-P4 pressure equipment
planter_flower_bed_planter,planter,lifesupport,consumer,Brightwater Life Systems,BLS-PLA-3749,Hydroponic planter - Flower Bed Planter,1550,745,750,122.8,190,480,760,120 VAC 1ph,0.0,0.0,440,57800,94,55400,3000,18,1,IP54,-10,55,59,Environmental bus EB-1,,CSA-LS1 life support; CSA-P4 pressure equipment
planter_grow_light_bar_panel,planter,lifesupport,consumer,Brightwater Life Systems,BLS-PLA-5594,Hydroponic planter - Grow Light Bar Panel,1600,170,526,18.4,85,210,340,120 VAC 1ph,0.0,0.0,190,10600,84,40400,3000,18,1,IP54,-10,55,57,Environmental bus EB-1,,CSA-LS1 life support; CSA-P4 pressure equipment
planter_hanging_grow_light_array,planter,lifesupport,consumer,Brightwater Life Systems,BLS-PLA-1874,Hydroponic planter - Hanging Grow Light Array,1800,600,430,55.7,130,330,530,120 VAC 1ph,0.0,0.0,300,29400,89,43400,3000,18,1,IP54,-10,55,58,Environmental bus EB-1,,CSA-LS1 life support; CSA-P4 pressure equipment
planter_herb_shelf_rack,planter,lifesupport,consumer,Brightwater Life Systems,BLS-PLA-4731,Hydroponic planter - Herb Shelf Rack,1260,1806,400,127.7,220,540,870,120 VAC 1ph,0.0,0.0,500,64100,89,45400,3000,18,1,IP54,-10,55,59,Environmental bus EB-1,,CSA-LS1 life support; CSA-P4 pressure equipment
planter_lettuce_trough,planter,lifesupport,consumer,Brightwater Life Systems,BLS-PLA-1007,Hydroponic planter - Lettuce Trough,1250,865,700,104.9,170,420,670,120 VAC 1ph,0.0,0.0,390,58600,88,56900,3000,18,1,IP54,-10,55,59,Environmental bus EB-1,,CSA-LS1 life support; CSA-P4 pressure equipment
planter_microgreen_rack,planter,lifesupport,consumer,Brightwater Life Systems,BLS-PLA-3329,Hydroponic planter - Microgreen Rack,1400,2175,700,293.7,430,1100,1700,120 VAC 1ph,0.0,0.0,1000,133000,96,42000,3000,18,1,IP54,-10,55,60,Environmental bus EB-1,,CSA-LS1 life support; CSA-P4 pressure equipment
planter_mushroom_shelf,planter,lifesupport,consumer,Brightwater Life Systems,BLS-PLA-3394,Hydroponic planter - Mushroom Shelf,1450,1910,750,304.4,350,880,1400,120 VAC 1ph,0.0,0.0,810,134000,95,56100,3000,18,1,IP54,-10,55,60,Environmental bus EB-1,,CSA-LS1 life support; CSA-P4 pressure equipment
planter_strawberry_tiered_planter,planter,lifesupport,consumer,Brightwater Life Systems,BLS-PLA-6573,Hydroponic planter - Strawberry Tiered Planter,900,1160,900,143.4,230,570,920,120 VAC 1ph,0.0,0.0,520,75400,90,39000,3000,18,1,IP54,-10,55,59,Environmental bus EB-1,,CSA-LS1 life support; CSA-P4 pressure equipment
planter_tomato_vine_rack,planter,lifesupport,consumer,Brightwater Life Systems,BLS-PLA-7451,Hydroponic planter - Tomato Vine Rack,1400,2050,541,240.8,330,830,1300,120 VAC 1ph,0.0,0.0,760,110000,91,52400,3000,18,1,IP54,-10,55,60,Environmental bus EB-1,,CSA-LS1 life support; CSA-P4 pressure equipment
planter_vertical_grow_tower,planter,lifesupport,consumer,Brightwater Life Systems,BLS-PLA-5409,Hydroponic planter - Vertical Grow Tower,700,2460,700,181.6,260,640,1000,120 VAC 1ph,0.0,0.0,590,85200,96,32100,3000,18,1,IP54,-10,55,59,Environmental bus EB-1,,CSA-LS1 life support; CSA-P4 pressure equipment
planter_wheat_tray_bed,planter,lifesupport,consumer,Brightwater Life Systems,BLS-PLA-2510,Hydroponic planter - Wheat Tray Bed,1610,2045,700,324.3,450,1100,1800,120 VAC 1ph,0.0,0.0,1000,175000,100,39000,3000,18,1,IP54,-10,55,60,Environmental bus EB-1,,CSA-LS1 life support; CSA-P4 pressure equipment
rack_armored_data_rack,rack,electronics,consumer,Kestrel Cognitive Systems,KCS-RAC-8411,Equipment rack - Armored Data Rack,710,2045,1160,289.4,1000,4100,6200,208 VAC 3ph,0.0,0.0,3800,346000,64,91400,8760,10,0,IP30,0,45,36,"Ship data bus SDB-2, 1 GbE",alert,CSA-E24 electrical safety; CSA-EMC4 compatibility
rack_blade_server_rack,rack,electronics,consumer,Kestrel Cognitive Systems,KCS-RAC-7213,Equipment rack - Blade Server Rack,600,2000,1000,244.9,740,2900,4400,208 VAC 3ph,0.0,0.0,2700,250000,62,87400,8760,10,0,IP30,0,45,35,"Ship data bus SDB-2, 1 GbE",,CSA-E24 electrical safety; CSA-EMC4 compatibility
rack_computer_core_cabinet,rack,electronics,consumer,Kestrel Cognitive Systems,KCS-RAC-9401,Equipment rack - Computer Core Cabinet,900,2120,1107,386.6,1100,4500,6800,208 VAC 3ph,0.0,0.0,4100,410000,67,96800,8760,10,0,IP30,0,45,36,"Ship data bus SDB-2, 1 GbE",diagnostics,CSA-E24 electrical safety; CSA-EMC4 compatibility
rack_cryogenic_quantum_rack,rack,electronics,consumer,Kestrel Cognitive Systems,KCS-RAC-1155,Equipment rack - Cryogenic Quantum Rack,605,2000,1000,208.7,740,2900,4400,208 VAC 3ph,0.0,0.0,2700,231000,66,105300,8760,10,0,IP30,0,45,35,"Ship data bus SDB-2, 1 GbE",atmosphere,CSA-E24 electrical safety; CSA-EMC4 compatibility
rack_crystal_archive_tower,rack,electronics,consumer,Kestrel Cognitive Systems,KCS-RAC-1180,Equipment rack - Crystal Archive Tower,708,2270,810,233.7,700,2800,4200,208 VAC 3ph,0.0,0.0,2600,302000,60,102000,8760,10,0,IP30,0,45,35,"Ship data bus SDB-2, 1 GbE",,CSA-E24 electrical safety; CSA-EMC4 compatibility
rack_gpu_cluster_rack,rack,electronics,consumer,Kestrel Cognitive Systems,KCS-RAC-8223,Equipment rack - Gpu Cluster Rack,600,2000,1000,251.2,720,2900,4300,208 VAC 3ph,0.0,0.0,2700,230000,60,81100,8760,10,0,IP30,0,45,35,"Ship data bus SDB-2, 1 GbE",,CSA-E24 electrical safety; CSA-EMC4 compatibility
rack_kvm_console_rack,rack,electronics,consumer,Kestrel Cognitive Systems,KCS-RAC-5989,Equipment rack - Kvm Console Rack,600,2000,1210,262.4,900,3600,5400,208 VAC 3ph,0.0,0.0,3300,257000,67,80200,8760,10,0,IP30,0,45,36,"Ship data bus SDB-2, 1 GbE",engineering,CSA-E24 electrical safety; CSA-EMC4 compatibility
rack_liquid_cooled_cabinet,rack,electronics,consumer,Kestrel Cognitive Systems,KCS-RAC-2269,Equipment rack - Liquid Cooled Cabinet,600,2000,1018,235.8,750,3000,4500,208 VAC 3ph,0.0,0.0,2800,223000,63,70800,8760,10,0,IP30,0,45,35,"Ship data bus SDB-2, 1 GbE",diagnostics,CSA-E24 electrical safety; CSA-EMC4 compatibility
rack_network_switch_rack,rack,electronics,consumer,Kestrel Cognitive Systems,KCS-RAC-3910,Equipment rack - Network Switch Rack,685,2000,1015,289.4,790,3200,4800,208 VAC 3ph,0.0,0.0,2900,259000,61,95600,8760,10,0,IP30,0,45,36,"Ship data bus SDB-2, 1 GbE",,CSA-E24 electrical safety; CSA-EMC4 compatibility
rack_open_frame_rack,rack,electronics,consumer,Kestrel Cognitive Systems,KCS-RAC-3149,Equipment rack - Open Frame Rack,570,2000,1000,232.7,670,2700,4000,208 VAC 3ph,0.0,0.0,2500,280000,66,80700,8760,10,0,IP30,0,45,35,"Ship data bus SDB-2, 1 GbE",,CSA-E24 electrical safety; CSA-EMC4 compatibility
rack_photonic_fiber_rack,rack,electronics,consumer,Kestrel Cognitive Systems,KCS-RAC-7383,Equipment rack - Photonic Fiber Rack,600,2000,1000,251.0,650,2600,3900,208 VAC 3ph,0.0,0.0,2400,268000,69,99500,8760,10,0,IP30,0,45,35,"Ship data bus SDB-2, 1 GbE",science,CSA-E24 electrical safety; CSA-EMC4 compatibility
rack_storage_array,rack,electronics,consumer,Kestrel Cognitive Systems,KCS-RAC-1422,Equipment rack - Storage Array,600,2000,1000,251.5,690,2800,4200,208 VAC 3ph,0.0,0.0,2600,227000,60,65900,8760,10,0,IP30,0,45,35,"Ship data bus SDB-2, 1 GbE",,CSA-E24 electrical safety; CSA-EMC4 compatibility
rack_tape_archive_tower,rack,electronics,consumer,Kestrel Cognitive Systems,KCS-RAC-9442,Equipment rack - Tape Archive Tower,700,2100,990,282.7,800,3200,4800,208 VAC 3ph,0.0,0.0,2900,348000,66,86000,8760,10,0,IP30,0,45,36,"Ship data bus SDB-2, 1 GbE",computer,CSA-E24 electrical safety; CSA-EMC4 compatibility
rack_ups_battery_rack,rack,electronics,consumer,Kestrel Cognitive Systems,KCS-RAC-2950,Equipment rack - Ups Battery Rack,600,2000,1000,241.3,650,2600,3900,208 VAC 3ph,0.0,0.0,2400,231000,60,87900,8760,10,0,IP30,0,45,35,"Ship data bus SDB-2, 1 GbE",power,CSA-E24 electrical safety; CSA-EMC4 compatibility
railing_guard_balusters,railing,structure,passive,Calder-Okonkwo Industries,COI-RAI-7221,Railing - Guard Balusters,2100,1055,160,47.3,0.0,0.0,0.0,none,0.0,0.0,0,1150,44,1722100,17520,40,0,IP40,-40,80,0,,,CSA-S2 structural
railing_guard_glass,railing,structure,passive,Calder-Okonkwo Industries,COI-RAI-2782,Railing - Guard Glass,2120,1060,160,47.1,0.0,0.0,0.0,none,0.0,0.0,0,1260,45,1197900,17520,40,0,IP40,-40,80,0,,,CSA-S2 structural
railing_guard_mesh,railing,structure,passive,Calder-Okonkwo Industries,COI-RAI-4708,Railing - Guard Mesh,2100,1065,160,47.3,0.0,0.0,0.0,none,0.0,0.0,0,1190,40,1248400,17520,40,0,IP40,-40,80,0,,,CSA-S2 structural
railing_guard_tube,railing,structure,passive,Calder-Okonkwo Industries,COI-RAI-6717,Railing - Guard Tube,2040,1090,140,38.5,0.0,0.0,0.0,none,0.0,0.0,0,899,38,1300900,17520,40,0,IP40,-40,80,0,,,CSA-S2 structural
railing_maintenance_ladder,railing,structure,passive,Calder-Okonkwo Industries,COI-RAI-8847,Railing - Maintenance Ladder,500,3400,195,40.6,0.0,0.0,0.0,none,0.0,0.0,0,989,44,1791200,17520,40,0,IP40,-40,80,0,,,CSA-S2 structural
railing_service_stair_4_step,railing,structure,passive,Calder-Okonkwo Industries,COI-RAI-8372,Railing - Service Stair 4 Step,1060,1724,1185,266.5,0.0,0.0,0.0,none,0.0,0.0,0,5960,49,1427800,17520,40,0,IP40,-40,80,0,,,CSA-S2 structural
reactor_auxiliary_reactor,reactor,power,producer,Halvorsen Power Systems,HPS-REA-1226,Reactor - Auxiliary Reactor,2090,2348,1300,7410,11000,22000,33000,6.6 kVAC 3ph,2720,0.0,820000,10900000,165,82600,4000,25,2,IP54,-20,55,82,Power management bus PMB-1,,CSA-M5 machinery safety; CSA-E24 electrical safety; CSA-R3 radiation (fusion)
reactor_emergency_reactor,reactor,power,producer,Halvorsen Power Systems,HPS-REA-9394,Reactor - Emergency Reactor,1650,1895,1250,4624,3700,7400,11000,400 VAC 3ph,919,0.0,280000,4790000,162,67760,4000,25,2,IP54,-20,55,79,Power management bus PMB-1,,CSA-M5 machinery safety; CSA-E24 electrical safety; CSA-R3 radiation (fusion)
reactor_fusion_core_reactor,reactor,power,producer,Halvorsen Power Systems,HPS-REA-5727,Reactor - Fusion Core Reactor,2524,3040,2524,23818,66000,130000,200000,6.6 kVAC 3ph,16600,0.0,5000000,45500000,169,60759,4000,25,2,IP54,-20,55,86,Power management bus PMB-1,power,CSA-M5 machinery safety; CSA-E24 electrical safety; CSA-R3 radiation (fusion)
reactor_matter_antimatter_injector,reactor,power,consumer,Halvorsen Power Systems,HPS-REA-8236,Reactor - Matter Antimatter Injector,3522,2550,900,9948,94000,470000,790000,6.6 kVAC 3ph,0.0,0.0,430000,9170000,166,64900,4000,25,2,IP54,-20,55,86,Power management bus PMB-1,,CSA-M5 machinery safety; CSA-E24 electrical safety; CSA-R3 radiation (fusion)
reactor_plasma_tokamak_torus,reactor,power,producer,Halvorsen Power Systems,HPS-REA-9166,Reactor - Plasma Tokamak Torus,2692,2800,2692,29216,76000,150000,230000,6.6 kVAC 3ph,19100,0.0,5700000,57000000,167,74620,4000,25,2,IP54,-20,55,86,Power management bus PMB-1,,CSA-M5 machinery safety; CSA-E24 electrical safety; CSA-R3 radiation (fusion)
reactor_reactor_control_pillar,reactor,power,consumer,Halvorsen Power Systems,HPS-REA-4684,Reactor - Reactor Control Pillar,952,2430,1090,3131,290,1500,2500,208 VAC 3ph,0.0,0.0,1400,2730000,160,37300,4000,25,2,IP54,-20,55,74,Power management bus PMB-1,power,CSA-M5 machinery safety; CSA-E24 electrical safety; CSA-R3 radiation (fusion)
router_cable_modem,router,electronics,consumer,Kestrel Cognitive Systems,KCS-ROU-7635,Network router - Cable Modem,202,400,172,3.59,4.9,20,30,24 VDC,0.0,0.0,18,4000,49,108700,8760,10,0,IP30,0,45,28,"Ship data bus SDB-2, 1 GbE",,CSA-E24 electrical safety; CSA-EMC4 compatibility
router_cable_spool,router,electronics,consumer,Kestrel Cognitive Systems,KCS-ROU-8615,Network router - Cable Spool,1060,1100,1066,354.8,180,730,1100,120 VAC 1ph,0.0,0.0,670,465000,66,69500,8760,10,0,IP30,0,45,33,"Ship data bus SDB-2, 1 GbE",,CSA-E24 electrical safety; CSA-EMC4 compatibility
router_fiber_junction_box,router,electronics,consumer,Kestrel Cognitive Systems,KCS-ROU-1924,Network router - Fiber Junction Box,500,740,152,16.9,11,43,65,24 VDC,0.0,0.0,40,16700,57,92900,8760,10,0,IP30,0,45,29,"Ship data bus SDB-2, 1 GbE",,CSA-E24 electrical safety; CSA-EMC4 compatibility
router_network_hub,router,electronics,consumer,Kestrel Cognitive Systems,KCS-ROU-8206,Network router - Network Hub,460,105,444,6.25,6.7,27,40,24 VDC,0.0,0.0,25,8010,53,82500,8760,10,0,IP30,0,45,29,"Ship data bus SDB-2, 1 GbE",,CSA-E24 electrical safety; CSA-EMC4 compatibility
router_patch_panel,router,electronics,consumer,Kestrel Cognitive Systems,KCS-ROU-5632,Network router - Patch Panel,900,555,208,30.4,19,77,120,48 VDC,0.0,0.0,71,37700,58,84600,8760,10,0,IP30,0,45,29,"Ship data bus SDB-2, 1 GbE",,CSA-E24 electrical safety; CSA-EMC4 compatibility
router_power_conduit_hub,router,electronics,consumer,Kestrel Cognitive Systems,KCS-ROU-2015,Network router - Power Conduit Hub,910,1200,230,67.0,43,170,260,48 VDC,0.0,0.0,160,69100,59,84500,8760,10,0,IP30,0,45,30,"Ship data bus SDB-2, 1 GbE",,CSA-E24 electrical safety; CSA-EMC4 compatibility
router_wall_network_cabinet,router,electronics,consumer,Kestrel Cognitive Systems,KCS-ROU-9663,Network router - Wall Network Cabinet,700,1010,285,58.3,35,140,210,48 VDC,0.0,0.0,130,72800,61,87400,8760,10,0,IP30,0,45,30,"Ship data bus SDB-2, 1 GbE",,CSA-E24 electrical safety; CSA-EMC4 compatibility
router_wireless_tower,router,electronics,consumer,Kestrel Cognitive Systems,KCS-ROU-2532,Network router - Wireless Tower,696,2750,696,366.9,210,860,1300,120 VAC 1ph,0.0,0.0,790,414000,65,105000,8760,10,0,IP30,0,45,33,"Ship data bus SDB-2, 1 GbE",,CSA-E24 electrical safety; CSA-EMC4 compatibility
safety_breach_repair_kit,safety,safety,passive,Fennick Safety and Security,FSS-SAF-2232,Safety equipment - Breach Repair Kit,600,395,220,4.81,0.0,0.0,0.0,none,0.0,0.0,0,997,39,437100,4380,15,0,IP44,-30,70,0,,,CSA-S3 safety equipment; CSA-F1 fire and smoke
safety_damage_control_locker,safety,safety,passive,Fennick Safety and Security,FSS-SAF-2598,Safety equipment - Damage Control Locker,1000,2000,625,110.6,0.0,0.0,0.0,none,0.0,0.0,0,23700,54,480900,4380,15,0,IP44,-30,70,0,,,CSA-S3 safety equipment; CSA-F1 fire and smoke
safety_defibrillator_station,safety,safety,passive,Fennick Safety and Security,FSS-SAF-6128,Safety equipment - Defibrillator Station,400,460,224,3.97,0.0,0.0,0.0,none,0.0,0.0,0,891,39,298600,4380,15,0,IP44,-30,70,0,,medical,CSA-S3 safety equipment; CSA-F1 fire and smoke
safety_emergency_shower,safety,safety,passive,Fennick Safety and Security,FSS-SAF-4865,Safety equipment - Emergency Shower,934,2330,800,160.1,0.0,0.0,0.0,none,0.0,0.0,0,28000,50,443100,4380,15,0,IP44,-30,70,0,,,CSA-S3 safety equipment; CSA-F1 fire and smoke
safety_evac_route_map,safety,safety,passive,Fennick Safety and Security,FSS-SAF-2143,Safety equipment - Evac Route Map,1000,700,60,3.64,0.0,0.0,0.0,none,0.0,0.0,0,696,39,370200,4380,15,0,IP44,-30,70,0,,deckplan,CSA-S3 safety equipment; CSA-F1 fire and smoke
safety_eye_wash_station,safety,safety,passive,Fennick Safety and Security,FSS-SAF-5683,Safety equipment - Eye Wash Station,700,700,480,22.5,0.0,0.0,0.0,none,0.0,0.0,0,4500,45,503400,4380,15,0,IP44,-30,70,0,,,CSA-S3 safety equipment; CSA-F1 fire and smoke
safety_fire_blanket_box,safety,safety,passive,Fennick Safety and Security,FSS-SAF-6492,Safety equipment - Fire Blanket Box,280,390,120,1.18,0.0,0.0,0.0,none,0.0,0.0,0,235,35,500000,4380,15,0,IP44,-30,70,0,,,CSA-S3 safety equipment; CSA-F1 fire and smoke
safety_fire_extinguisher,safety,safety,passive,Fennick Safety and Security,FSS-SAF-4586,Safety equipment - Fire Extinguisher,300,735,199,4.26,0.0,0.0,0.0,none,0.0,0.0,0,869,38,456300,4380,15,0,IP44,-30,70,0,,,CSA-S3 safety equipment; CSA-F1 fire and smoke
safety_first_aid_cabinet,safety,safety,passive,Fennick Safety and Security,FSS-SAF-1989,Safety equipment - First Aid Cabinet,420,520,205,4.13,0.0,0.0,0.0,none,0.0,0.0,0,666,43,458400,4380,15,0,IP44,-30,70,0,,,CSA-S3 safety equipment; CSA-F1 fire and smoke
safety_hazmat_cabinet,safety,safety,passive,Fennick Safety and Security,FSS-SAF-3066,Safety equipment - Hazmat Cabinet,900,2000,575,96.1,0.0,0.0,0.0,none,0.0,0.0,0,20400,55,389100,4380,15,0,IP44,-30,70,0,,,CSA-S3 safety equipment; CSA-F1 fire and smoke
safety_oxygen_mask_box,safety,safety,passive,Fennick Safety and Security,FSS-SAF-3602,Safety equipment - Oxygen Mask Box,500,415,160,2.96,0.0,0.0,0.0,none,0.0,0.0,0,747,39,320500,4380,15,0,IP44,-30,70,0,,,CSA-S3 safety equipment; CSA-F1 fire and smoke
safety_radiation_shelter_panel,safety,safety,passive,Fennick Safety and Security,FSS-SAF-3995,Safety equipment - Radiation Shelter Panel,1300,1000,95,11.3,0.0,0.0,0.0,none,0.0,0.0,0,1800,47,499900,4380,15,0,IP44,-30,70,0,,,CSA-S3 safety equipment; CSA-F1 fire and smoke
safety_ration_locker,safety,safety,passive,Fennick Safety and Security,FSS-SAF-5413,Safety equipment - Ration Locker,1000,1800,532,93.8,0.0,0.0,0.0,none,0.0,0.0,0,16600,51,291800,4380,15,0,IP44,-30,70,0,,,CSA-S3 safety equipment; CSA-F1 fire and smoke
safety_spill_kit_bin,safety,safety,passive,Fennick Safety and Security,FSS-SAF-9452,Safety equipment - Spill Kit Bin,640,1113,630,42.0,0.0,0.0,0.0,none,0.0,0.0,0,8030,44,394600,4380,15,0,IP44,-30,70,0,,,CSA-S3 safety equipment; CSA-F1 fire and smoke
safety_sprinkler_head,safety,safety,passive,Fennick Safety and Security,FSS-SAF-4874,Safety equipment - Sprinkler Head,140,148,140,0.27,0.0,0.0,0.0,none,0.0,0.0,0,106,40,394000,4380,15,0,IP44,-30,70,0,,,CSA-S3 safety equipment; CSA-F1 fire and smoke
safety_suppression_nozzle,safety,safety,passive,Fennick Safety and Security,FSS-SAF-6390,Safety equipment - Suppression Nozzle,300,500,300,4.01,0.0,0.0,0.0,none,0.0,0.0,0,704,46,305400,4380,15,0,IP44,-30,70,0,,,CSA-S3 safety equipment; CSA-F1 fire and smoke
sciinstrument_field_lab_trunk,sciinstrument,science,consumer,Orrery Instruments,ORI-SCI-2029,Science instrument - Field Lab Trunk,910,1085,697,183.0,120,410,690,120 VAC 1ph,0.0,0.0,380,412000,111,39800,4380,12,1,IP32,5,40,44,"Lab data bus LDB-1, 1 GbE",diagnostics,CSA-E24 electrical safety; CSA-LAB2 laboratory
sciinstrument_geiger_counter,sciinstrument,science,consumer,Orrery Instruments,ORI-SCI-4704,Science instrument - Geiger Counter,180,286,410,5.87,5.9,20,33,24 VDC,0.0,0.0,18,14100,103,50700,4380,12,1,IP32,5,40,40,"Lab data bus LDB-1, 1 GbE",diagnostics,CSA-E24 electrical safety; CSA-LAB2 laboratory
sciinstrument_magnetometer,sciinstrument,science,consumer,Orrery Instruments,ORI-SCI-7488,Science instrument - Magnetometer,400,505,272,16.0,13,44,75,24 VDC,0.0,0.0,40,44300,105,54500,4380,12,1,IP32,5,40,41,"Lab data bus LDB-1, 1 GbE",science,CSA-E24 electrical safety; CSA-LAB2 laboratory
sciinstrument_portable_field_lab,sciinstrument,science,consumer,Orrery Instruments,ORI-SCI-5504,Science instrument - Portable Field Lab,600,577,475,43.2,33,110,180,48 VDC,0.0,0.0,100,127000,114,69500,4380,12,1,IP32,5,40,42,"Lab data bus LDB-1, 1 GbE",engineering,CSA-E24 electrical safety; CSA-LAB2 laboratory
sciinstrument_probe_kit,sciinstrument,science,consumer,Orrery Instruments,ORI-SCI-6376,Science instrument - Probe Kit,460,179,329,7.39,7.3,24,42,24 VDC,0.0,0.0,22,23000,109,52800,4380,12,1,IP32,5,40,40,"Lab data bus LDB-1, 1 GbE",medical,CSA-E24 electrical safety; CSA-LAB2 laboratory
sciinstrument_radiation_monitor_post,sciinstrument,science,consumer,Orrery Instruments,ORI-SCI-8390,Science instrument - Radiation Monitor Post,649,2020,498,179.8,110,360,620,120 VAC 1ph,0.0,0.0,330,494000,116,70300,4380,12,1,IP32,5,40,43,"Lab data bus LDB-1, 1 GbE",diagnostics,CSA-E24 electrical safety; CSA-LAB2 laboratory
sciinstrument_sample_drill_rig,sciinstrument,science,consumer,Orrery Instruments,ORI-SCI-3121,Science instrument - Sample Drill Rig,900,1880,800,426.6,240,810,1400,120 VAC 1ph,0.0,0.0,750,902000,113,46000,4380,12,1,IP32,5,40,45,"Lab data bus LDB-1, 1 GbE",diagnostics,CSA-E24 electrical safety; CSA-LAB2 laboratory
sciinstrument_seismic_monitor,sciinstrument,science,consumer,Orrery Instruments,ORI-SCI-5551,Science instrument - Seismic Monitor,807,970,620,146.5,97,320,550,120 VAC 1ph,0.0,0.0,290,413000,111,42100,4380,12,1,IP32,5,40,43,"Lab data bus LDB-1, 1 GbE",science,CSA-E24 electrical safety; CSA-LAB2 laboratory
sciinstrument_sensor_puck_array,sciinstrument,science,consumer,Orrery Instruments,ORI-SCI-3968,Science instrument - Sensor Puck Array,500,205,300,9.07,7.3,24,42,24 VDC,0.0,0.0,22,24700,104,56400,4380,12,1,IP32,5,40,40,"Lab data bus LDB-1, 1 GbE",diagnostics,CSA-E24 electrical safety; CSA-LAB2 laboratory
sciinstrument_weather_station,sciinstrument,science,consumer,Orrery Instruments,ORI-SCI-4596,Science instrument - Weather Station,1061,2250,540,348.9,230,770,1300,120 VAC 1ph,0.0,0.0,710,746000,111,40500,4380,12,1,IP32,5,40,45,"Lab data bus LDB-1, 1 GbE",diagnostics,CSA-E24 electrical safety; CSA-LAB2 laboratory
sconce_art_deco_fan,sconce,light,consumer,Tamsin Lighting,TAM-SCO-5913,Wall sconce - Art Deco Fan,480,300,62,0.76,0.19,3.9,4.2,24 VDC,0.0,0.0,3.1,255,32,51900,17520,12,0,IP44,-20,55,0,Lighting bus LB-1 (dimming),,CSA-E24 electrical safety; CSA-L3 photobiological
sconce_brass_candle_sconce,sconce,light,consumer,Tamsin Lighting,TAM-SCO-2496,Wall sconce - Brass Candle Sconce,138,215,218,0.56,0.19,3.7,4.1,24 VDC,0.0,0.0,3.0,320,31,69100,17520,12,0,IP44,-20,55,0,Lighting bus LB-1 (dimming),,CSA-E24 electrical safety; CSA-L3 photobiological
sconce_chrome_uplight,sconce,light,consumer,Tamsin Lighting,TAM-SCO-6079,Wall sconce - Chrome Uplight,180,417,180,1.24,0.2,3.9,4.3,24 VDC,0.0,0.0,3.1,407,35,73100,17520,12,0,IP44,-20,55,0,Lighting bus LB-1 (dimming),,CSA-E24 electrical safety; CSA-L3 photobiological
sconce_corridor_pill_light,sconce,light,consumer,Tamsin Lighting,TAM-SCO-9655,Wall sconce - Corridor Pill Light,120,340,100,0.34,0.22,4.4,4.8,24 VDC,0.0,0.0,3.5,145,33,51700,17520,12,0,IP44,-20,55,0,Lighting bus LB-1 (dimming),,CSA-E24 electrical safety; CSA-L3 photobiological
sconce_downlight_cone,sconce,light,consumer,Tamsin Lighting,TAM-SCO-3843,Wall sconce - Downlight Cone,140,170,210,0.45,0.22,4.4,4.8,24 VDC,0.0,0.0,3.5,178,26,63800,17520,12,0,IP44,-20,55,0,Lighting bus LB-1 (dimming),,CSA-E24 electrical safety; CSA-L3 photobiological
sconce_energy_torch,sconce,light,consumer,Tamsin Lighting,TAM-SCO-5257,Wall sconce - Energy Torch,174,498,230,1.93,0.22,4.4,4.8,24 VDC,0.0,0.0,3.5,706,38,57400,17520,12,0,IP44,-20,55,0,Lighting bus LB-1 (dimming),,CSA-E24 electrical safety; CSA-L3 photobiological
sconce_frosted_glass_shell,sconce,light,consumer,Tamsin Lighting,TAM-SCO-5939,Wall sconce - Frosted Glass Shell,200,349,221,1.32,0.18,3.7,4.0,24 VDC,0.0,0.0,3.0,448,30,50500,17520,12,0,IP44,-20,55,0,Lighting bus LB-1 (dimming),,CSA-E24 electrical safety; CSA-L3 photobiological
sconce_lantern_sconce,sconce,light,consumer,Tamsin Lighting,TAM-SCO-1675,Wall sconce - Lantern Sconce,164,475,231,1.59,0.19,3.7,4.1,24 VDC,0.0,0.0,3.0,427,35,72600,17520,12,0,IP44,-20,55,0,Lighting bus LB-1 (dimming),,CSA-E24 electrical safety; CSA-L3 photobiological
scrubber_air_handler_unit,scrubber,lifesupport,consumer,Brightwater Life Systems,BLS-SCR-1506,Atmosphere processor - Air Handler Unit,2200,1800,858,1311,4200,10000,17000,400 VAC 3ph,0.0,0.0,9200,571000,98,46900,3000,18,1,IP54,-10,55,65,Environmental bus EB-1,,CSA-LS1 life support; CSA-P4 pressure equipment
scrubber_atmosphere_processor,scrubber,lifesupport,consumer,Brightwater Life Systems,BLS-SCR-4006,Atmosphere processor - Atmosphere Processor,1700,2200,1000,1366,5000,13000,20000,400 VAC 3ph,0.0,0.0,12000,620000,99,45400,3000,18,1,IP54,-10,55,66,Environmental bus EB-1,diagnostics,CSA-LS1 life support; CSA-P4 pressure equipment
scrubber_catalytic_converter,scrubber,lifesupport,consumer,Brightwater Life Systems,BLS-SCR-4714,Atmosphere processor - Catalytic Converter,2400,1650,932,1456,4600,11000,18000,400 VAC 3ph,0.0,0.0,10000,754000,97,44400,3000,18,1,IP54,-10,55,65,Environmental bus EB-1,,CSA-LS1 life support; CSA-P4 pressure equipment
scrubber_co2_scrubber_tower,scrubber,lifesupport,consumer,Brightwater Life Systems,BLS-SCR-4489,Atmosphere processor - Co2 Scrubber Tower,820,2500,880,638.4,2400,6100,9800,208 VAC 3ph,0.0,0.0,5600,286000,101,39700,3000,18,1,IP54,-10,55,64,Environmental bus EB-1,diagnostics,CSA-LS1 life support; CSA-P4 pressure equipment
scrubber_filter_bank_rack,scrubber,lifesupport,consumer,Brightwater Life Systems,BLS-SCR-5779,Atmosphere processor - Filter Bank Rack,1920,1880,725,940.7,3200,8000,13000,208 VAC 3ph,0.0,0.0,7400,603000,94,50300,3000,18,1,IP54,-10,55,65,Environmental bus EB-1,diagnostics,CSA-LS1 life support; CSA-P4 pressure equipment
scrubber_hepa_particulate_unit,scrubber,lifesupport,consumer,Brightwater Life Systems,BLS-SCR-6569,Atmosphere processor - Hepa Particulate Unit,1500,1075,760,438.7,1700,4300,7000,208 VAC 3ph,0.0,0.0,4000,226000,99,45800,3000,18,1,IP54,-10,55,63,Environmental bus EB-1,diagnostics,CSA-LS1 life support; CSA-P4 pressure equipment
scrubber_humidity_control_unit,scrubber,lifesupport,consumer,Brightwater Life Systems,BLS-SCR-5766,Atmosphere processor - Humidity Control Unit,1085,1500,810,477.7,1700,4300,6800,208 VAC 3ph,0.0,0.0,4000,227000,94,57000,3000,18,1,IP54,-10,55,63,Environmental bus EB-1,diagnostics,CSA-LS1 life support; CSA-P4 pressure equipment
scrubber_sabatier_reactor,scrubber,lifesupport,consumer,Brightwater Life Systems,BLS-SCR-3508,Atmosphere processor - Sabatier Reactor,1200,2150,1023,1058,3200,7900,13000,208 VAC 3ph,0.0,0.0,7300,574000,97,44300,3000,18,1,IP54,-10,55,65,Environmental bus EB-1,power,CSA-LS1 life support; CSA-P4 pressure equipment
scrubber_twin_amine_scrubber,scrubber,lifesupport,consumer,Brightwater Life Systems,BLS-SCR-3681,Atmosphere processor - Twin Amine Scrubber,1800,2445,940,1760,5600,14000,22000,400 VAC 3ph,0.0,0.0,13000,895000,104,41200,3000,18,1,IP54,-10,55,66,Environmental bus EB-1,,CSA-LS1 life support; CSA-P4 pressure equipment
scrubber_uv_air_sterilizer,scrubber,lifesupport,consumer,Brightwater Life Systems,BLS-SCR-2854,Atmosphere processor - Uv Air Sterilizer,720,1900,935,452.5,1500,3800,6100,208 VAC 3ph,0.0,0.0,3500,238000,97,34300,3000,18,1,IP54,-10,55,63,Environmental bus EB-1,,CSA-LS1 life support; CSA-P4 pressure equipment
seat_captain_command_chair,seat,furniture,passive,Sable Habitat Furnishings,SHF-SEA-4598,Seat - Captain Command Chair,870,1462,767,33.8,0.0,0.0,0.0,none,0.0,0.0,0,1780,34,985000,8760,30,0,IP20,-20,60,0,,engineering,CSA-F1 fire and smoke
seat_comms_chair,seat,furniture,passive,Sable Habitat Furnishings,SHF-SEA-4127,Seat - Comms Chair,717,1340,764,24.0,0.0,0.0,0.0,none,0.0,0.0,0,1190,38,954100,8760,30,0,IP20,-20,60,0,,,CSA-F1 fire and smoke
seat_helm_chair,seat,furniture,passive,Sable Habitat Furnishings,SHF-SEA-9647,Seat - Helm Chair,620,1030,649,13.4,0.0,0.0,0.0,none,0.0,0.0,0,872,39,938300,8760,30,0,IP20,-20,60,0,,,CSA-F1 fire and smoke
seat_observer_bench,seat,furniture,passive,Sable Habitat Furnishings,SHF-SEA-4125,Seat - Observer Bench,1370,916,612,24.2,0.0,0.0,0.0,none,0.0,0.0,0,1100,34,1083900,8760,30,0,IP20,-20,60,0,,,CSA-F1 fire and smoke
seat_ops_chair,seat,furniture,passive,Sable Habitat Furnishings,SHF-SEA-7787,Seat - Ops Chair,635,1025,630,12.9,0.0,0.0,0.0,none,0.0,0.0,0,808,34,632000,8760,30,0,IP20,-20,60,0,,,CSA-F1 fire and smoke
seat_science_stool,seat,furniture,passive,Sable Habitat Furnishings,SHF-SEA-7884,Seat - Science Stool,558,646,558,6.16,0.0,0.0,0.0,none,0.0,0.0,0,528,37,713800,8760,30,0,IP20,-20,60,0,,,CSA-F1 fire and smoke
seat_swivel_jump_seat,seat,furniture,passive,Sable Habitat Furnishings,SHF-SEA-3089,Seat - Swivel Jump Seat,500,860,520,7.07,0.0,0.0,0.0,none,0.0,0.0,0,650,35,768300,8760,30,0,IP20,-20,60,0,,,CSA-F1 fire and smoke
seat_tactical_chair,seat,furniture,passive,Sable Habitat Furnishings,SHF-SEA-2612,Seat - Tactical Chair,670,1441,683,20.5,0.0,0.0,0.0,none,0.0,0.0,0,1100,34,846300,8760,30,0,IP20,-20,60,0,,,CSA-F1 fire and smoke
shelving_cage_lockers,shelving,cargo,passive,Ironwake Heavy Works,IHW-SHE-2860,Shelving - Cage Lockers,2140,2125,600,204.3,0.0,0.0,0.0,none,0.0,0.0,0,19000,62,407900,8760,25,0,IP54,-40,70,0,,,CSA-C1 cargo handling
shelving_gas_and_fuel_shelf,shelving,cargo,passive,Ironwake Heavy Works,IHW-SHE-7578,Shelving - Gas And Fuel Shelf,2040,2030,740,270.4,0.0,0.0,0.0,none,0.0,0.0,0,30000,59,398700,8760,25,0,IP54,-40,70,0,,,CSA-C1 cargo handling
shelving_hanging_cable_rack,shelving,cargo,passive,Ironwake Heavy Works,IHW-SHE-6106,Shelving - Hanging Cable Rack,1400,1752,310,60.9,0.0,0.0,0.0,none,0.0,0.0,0,5110,52,409700,8760,25,0,IP54,-40,70,0,,,CSA-C1 cargo handling
shelving_heavy_boxes,shelving,cargo,passive,Ironwake Heavy Works,IHW-SHE-4988,Shelving - Heavy Boxes,2240,2300,690,269.2,0.0,0.0,0.0,none,0.0,0.0,0,27500,60,539300,8760,25,0,IP54,-40,70,0,,,CSA-C1 cargo handling
shelving_mobile_carriages,shelving,cargo,passive,Ironwake Heavy Works,IHW-SHE-1843,Shelving - Mobile Carriages,2500,2080,1323,566.9,0.0,0.0,0.0,none,0.0,0.0,0,59400,61,562900,8760,25,0,IP54,-40,70,0,,,CSA-C1 cargo handling
shelving_parts_bin_wall,shelving,cargo,passive,Ironwake Heavy Works,IHW-SHE-3244,Shelving - Parts Bin Wall,1800,1500,268,57.8,0.0,0.0,0.0,none,0.0,0.0,0,6060,60,419600,8760,25,0,IP54,-40,70,0,,,CSA-C1 cargo handling
shelving_parts_bins_rack,shelving,cargo,passive,Ironwake Heavy Works,IHW-SHE-3707,Shelving - Parts Bins Rack,1640,2000,540,134.2,0.0,0.0,0.0,none,0.0,0.0,0,11800,54,493400,8760,25,0,IP54,-40,70,0,,,CSA-C1 cargo handling
shelving_pigeonhole,shelving,cargo,passive,Ironwake Heavy Works,IHW-SHE-9031,Shelving - Pigeonhole,1700,2015,500,131.5,0.0,0.0,0.0,none,0.0,0.0,0,14400,57,505200,8760,25,0,IP54,-40,70,0,,,CSA-C1 cargo handling
shelving_wall_shelf_cans,shelving,cargo,passive,Ironwake Heavy Works,IHW-SHE-4788,Shelving - Wall Shelf Cans,1000,1215,278,25.8,0.0,0.0,0.0,none,0.0,0.0,0,2910,50,629600,8760,25,0,IP54,-40,70,0,,,CSA-C1 cargo handling
shelving_wall_storage_rack,shelving,cargo,passive,Ironwake Heavy Works,IHW-SHE-2535,Shelving - Wall Storage Rack,1600,1520,425,77.0,0.0,0.0,0.0,none,0.0,0.0,0,6360,59,627600,8760,25,0,IP54,-40,70,0,,,CSA-C1 cargo handling
sign_barrier_tape_frame,sign,structure,passive,Calder-Okonkwo Industries,COI-SIG-2577,Sign - Barrier Tape Frame,2050,1040,360,45.4,0.0,0.0,0.0,none,0.0,0.0,0,1120,47,1887200,17520,40,0,IP40,-40,80,0,,,CSA-S2 structural
sign_blade_sign,sign,structure,passive,Calder-Okonkwo Industries,COI-SIG-2195,Sign - Blade Sign,160,500,900,3.82,0.0,0.0,0.0,none,0.0,0.0,0,130,33,1250800,17520,40,0,IP40,-40,80,0,,,CSA-S2 structural
sign_deck_0,sign,structure,passive,Calder-Okonkwo Industries,COI-SIG-6141,Sign - Deck 0,800,950,45,1.8,0.0,0.0,0.0,none,0.0,0.0,0,81.8,39,1516900,17520,40,0,IP40,-40,80,0,,,CSA-S2 structural
sign_deck_1,sign,structure,passive,Calder-Okonkwo Industries,COI-SIG-8937,Sign - Deck 1,800,950,45,2.0,0.0,0.0,0.0,none,0.0,0.0,0,83.5,40,1787600,17520,40,0,IP40,-40,80,0,,,CSA-S2 structural
sign_deck_2,sign,structure,passive,Calder-Okonkwo Industries,COI-SIG-4640,Sign - Deck 2,800,950,45,1.73,0.0,0.0,0.0,none,0.0,0.0,0,82.3,32,1139400,17520,40,0,IP40,-40,80,0,,,CSA-S2 structural
sign_deck_3,sign,structure,passive,Calder-Okonkwo Industries,COI-SIG-7867,Sign - Deck 3,800,950,45,1.84,0.0,0.0,0.0,none,0.0,0.0,0,85.4,41,1372500,17520,40,0,IP40,-40,80,0,,,CSA-S2 structural
sign_deck_4,sign,structure,passive,Calder-Okonkwo Industries,COI-SIG-5937,Sign - Deck 4,800,950,45,1.98,0.0,0.0,0.0,none,0.0,0.0,0,80.3,41,1692900,17520,40,0,IP40,-40,80,0,,,CSA-S2 structural
sign_dept_airlock,sign,structure,passive,Calder-Okonkwo Industries,COI-SIG-1826,Sign - Dept Airlock,1000,400,66,1.48,0.0,0.0,0.0,none,0.0,0.0,0,188,39,1318400,17520,40,0,IP40,-40,80,0,,,CSA-S2 structural
sign_dept_bridge,sign,structure,passive,Calder-Okonkwo Industries,COI-SIG-9413,Sign - Dept Bridge,1000,400,62,1.4,0.0,0.0,0.0,none,0.0,0.0,0,179,41,1649200,17520,40,0,IP40,-40,80,0,,,CSA-S2 structural
sign_dept_cargo,sign,structure,passive,Calder-Okonkwo Industries,COI-SIG-7092,Sign - Dept Cargo,1000,400,52,1.16,0.0,0.0,0.0,none,0.0,0.0,0,90.0,35,1685000,17520,40,0,IP40,-40,80,0,,,CSA-S2 structural
sign_dept_engineering,sign,structure,passive,Calder-Okonkwo Industries,COI-SIG-7054,Sign - Dept Engineering,1000,400,52,1.2,0.0,0.0,0.0,none,0.0,0.0,0,158,37,1374000,17520,40,0,IP40,-40,80,0,,,CSA-S2 structural
sign_dept_hangar,sign,structure,passive,Calder-Okonkwo Industries,COI-SIG-1566,Sign - Dept Hangar,1000,400,48,1.08,0.0,0.0,0.0,none,0.0,0.0,0,96.5,33,1411600,17520,40,0,IP40,-40,80,0,,,CSA-S2 structural
sign_dept_medical,sign,structure,passive,Calder-Okonkwo Industries,COI-SIG-4848,Sign - Dept Medical,1000,400,48,1.02,0.0,0.0,0.0,none,0.0,0.0,0,88.1,39,1803500,17520,40,0,IP40,-40,80,0,,,CSA-S2 structural
sign_dept_mess,sign,structure,passive,Calder-Okonkwo Industries,COI-SIG-6766,Sign - Dept Mess,1000,400,60,1.33,0.0,0.0,0.0,none,0.0,0.0,0,134,37,1475500,17520,40,0,IP40,-40,80,0,,,CSA-S2 structural
sign_dept_quarters,sign,structure,passive,Calder-Okonkwo Industries,COI-SIG-5907,Sign - Dept Quarters,1000,400,52,1.17,0.0,0.0,0.0,none,0.0,0.0,0,114,33,1288700,17520,40,0,IP40,-40,80,0,,,CSA-S2 structural
sign_dept_science,sign,structure,passive,Calder-Okonkwo Industries,COI-SIG-9577,Sign - Dept Science,1000,400,56,1.28,0.0,0.0,0.0,none,0.0,0.0,0,94.9,32,1925600,17520,40,0,IP40,-40,80,0,,,CSA-S2 structural
sign_dept_security,sign,structure,passive,Calder-Okonkwo Industries,COI-SIG-4253,Sign - Dept Security,1000,400,60,1.35,0.0,0.0,0.0,none,0.0,0.0,0,104,33,1729500,17520,40,0,IP40,-40,80,0,,,CSA-S2 structural
sign_emergency_exit,sign,structure,passive,Calder-Okonkwo Industries,COI-SIG-5972,Sign - Emergency Exit,560,240,84,0.63,0.0,0.0,0.0,none,0.0,0.0,0,44.2,35,1161700,17520,40,0,IP40,-40,80,0,,,CSA-S2 structural
sign_exit_arrow,sign,structure,passive,Calder-Okonkwo Industries,COI-SIG-8390,Sign - Exit Arrow,700,240,42,0.37,0.0,0.0,0.0,none,0.0,0.0,0,38.1,32,1763700,17520,40,0,IP40,-40,80,0,,,CSA-S2 structural
sign_floor_marking,sign,structure,passive,Calder-Okonkwo Industries,COI-SIG-3543,Sign - Floor Marking,1700,16,500,0.74,0.0,0.0,0.0,none,0.0,0.0,0,45.6,30,1444700,17520,40,0,IP40,-40,80,0,,,CSA-S2 structural
sign_hanging_ceiling_sign,sign,structure,passive,Calder-Okonkwo Industries,COI-SIG-7890,Sign - Hanging Ceiling Sign,1300,885,70,4.35,0.0,0.0,0.0,none,0.0,0.0,0,161,36,1488000,17520,40,0,IP40,-40,80,0,,,CSA-S2 structural
sign_hazard_biohazard,sign,structure,passive,Calder-Okonkwo Industries,COI-SIG-1224,Sign - Hazard Biohazard,600,600,61,1.21,0.0,0.0,0.0,none,0.0,0.0,0,212,34,1087800,17520,40,0,IP40,-40,80,0,,,CSA-S2 structural
sign_hazard_high_voltage,sign,structure,passive,Calder-Okonkwo Industries,COI-SIG-3684,Sign - Hazard High Voltage,620,587,38,0.77,0.0,0.0,0.0,none,0.0,0.0,0,35.5,30,1215700,17520,40,0,IP40,-40,80,0,,,CSA-S2 structural
sign_hazard_laser,sign,structure,passive,Calder-Okonkwo Industries,COI-SIG-5211,Sign - Hazard Laser,708,708,44,1.13,0.0,0.0,0.0,none,0.0,0.0,0,71.5,40,1885500,17520,40,0,IP40,-40,80,0,,,CSA-S2 structural
sign_hazard_low_oxygen,sign,structure,passive,Calder-Okonkwo Industries,COI-SIG-8602,Sign - Hazard Low Oxygen,630,400,42,0.62,0.0,0.0,0.0,none,0.0,0.0,0,33.5,33,1505400,17520,40,0,IP40,-40,80,0,,,CSA-S2 structural
sign_hazard_radiation,sign,structure,passive,Calder-Okonkwo Industries,COI-SIG-5754,Sign - Hazard Radiation,638,638,43,1.05,0.0,0.0,0.0,none,0.0,0.0,0,188,42,1449100,17520,40,0,IP40,-40,80,0,,,CSA-S2 structural
sign_no_entry,sign,structure,passive,Calder-Okonkwo Industries,COI-SIG-4448,Sign - No Entry,480,480,61,0.75,0.0,0.0,0.0,none,0.0,0.0,0,194,37,1912100,17520,40,0,IP40,-40,80,0,,,CSA-S2 structural
sign_wet_floor_stand,sign,structure,passive,Calder-Okonkwo Industries,COI-SIG-6105,Sign - Wet Floor Stand,360,645,422,5.51,0.0,0.0,0.0,none,0.0,0.0,0,134,34,1323800,17520,40,0,IP40,-40,80,0,,,CSA-S2 structural
specimen_aquarium_tank,specimen,science,consumer,Orrery Instruments,ORI-SPE-8579,Specimen storage - Aquarium Tank,1360,1445,611,180.6,220,750,1300,120 VAC 1ph,0.0,0.0,690,384000,114,38800,4380,12,1,IP32,5,40,45,"Lab data bus LDB-1, 1 GbE",,CSA-E24 electrical safety; CSA-LAB2 laboratory
specimen_artifact_plinth,specimen,science,consumer,Orrery Instruments,ORI-SPE-7902,Specimen storage - Artifact Plinth,700,1352,700,93.2,140,460,780,120 VAC 1ph,0.0,0.0,420,236000,114,68900,4380,12,1,IP32,5,40,44,"Lab data bus LDB-1, 1 GbE",computer,CSA-E24 electrical safety; CSA-LAB2 laboratory
specimen_biocontainment_cabinet,specimen,science,consumer,Orrery Instruments,ORI-SPE-3891,Specimen storage - Biocontainment Cabinet,1610,2600,900,590.6,560,1900,3200,208 VAC 3ph,0.0,0.0,1700,1680000,121,42100,4380,12,1,IP32,5,40,47,"Lab data bus LDB-1, 1 GbE",medical,CSA-E24 electrical safety; CSA-LAB2 laboratory
specimen_containment_cylinder,specimen,science,consumer,Orrery Instruments,ORI-SPE-7897,Specimen storage - Containment Cylinder,1260,2225,1139,479.7,500,1700,2800,208 VAC 3ph,0.0,0.0,1600,1000000,117,56700,4380,12,1,IP32,5,40,46,"Lab data bus LDB-1, 1 GbE",medical,CSA-E24 electrical safety; CSA-LAB2 laboratory
specimen_desktop_terrarium,specimen,science,consumer,Orrery Instruments,ORI-SPE-5329,Specimen storage - Desktop Terrarium,600,490,400,18.2,44,150,250,48 VDC,0.0,0.0,140,44100,105,51800,4380,12,1,IP32,5,40,42,"Lab data bus LDB-1, 1 GbE",,CSA-E24 electrical safety; CSA-LAB2 laboratory
specimen_rock_sample_case,specimen,science,consumer,Orrery Instruments,ORI-SPE-3791,Specimen storage - Rock Sample Case,500,450,450,14.6,44,150,250,48 VDC,0.0,0.0,140,34400,106,43700,4380,12,1,IP32,5,40,42,"Lab data bus LDB-1, 1 GbE",,CSA-E24 electrical safety; CSA-LAB2 laboratory
specimen_seed_vault,specimen,science,consumer,Orrery Instruments,ORI-SPE-6515,Specimen storage - Seed Vault,1000,1970,769,222.9,260,880,1500,120 VAC 1ph,0.0,0.0,810,534000,110,56200,4380,12,1,IP32,5,40,45,"Lab data bus LDB-1, 1 GbE",power,CSA-E24 electrical safety; CSA-LAB2 laboratory
specimen_specimen_jar_set,specimen,science,consumer,Orrery Instruments,ORI-SPE-5629,Specimen storage - Specimen Jar Set,600,360,260,8.64,35,120,200,48 VDC,0.0,0.0,110,22600,102,45400,4380,12,1,IP32,5,40,42,"Lab data bus LDB-1, 1 GbE",,CSA-E24 electrical safety; CSA-LAB2 laboratory
specimen_vial_rack,specimen,science,consumer,Orrery Instruments,ORI-SPE-3051,Specimen storage - Vial Rack,360,190,220,2.35,30,100,170,48 VDC,0.0,0.0,92,5450,101,58000,4380,12,1,IP32,5,40,42,"Lab data bus LDB-1, 1 GbE",,CSA-E24 electrical safety; CSA-LAB2 laboratory
spotlight_gimbal_spot,spotlight,light,consumer,Tamsin Lighting,TAM-SPO-4657,Spotlight - Gimbal Spot,268,294,221,2.56,1.2,24,26,24 VDC,0.0,0.0,19,976,37,74700,17520,12,0,IP44,-20,55,0,Lighting bus LB-1 (dimming),,CSA-E24 electrical safety; CSA-L3 photobiological
spotlight_hangar_flood_wall,spotlight,light,consumer,Tamsin Lighting,TAM-SPO-7786,Spotlight - Hangar Flood Wall,560,418,491,16.7,2.0,41,45,24 VDC,0.0,0.0,33,3800,34,45200,17520,12,0,IP44,-20,55,0,Lighting bus LB-1 (dimming),,CSA-E24 electrical safety; CSA-L3 photobiological
spotlight_inspection_lamp_flex_arm,spotlight,light,consumer,Tamsin Lighting,TAM-SPO-8887,Spotlight - Inspection Lamp Flex Arm,148,480,676,7.05,1.3,27,30,24 VDC,0.0,0.0,22,1760,37,50700,17520,12,0,IP44,-20,55,0,Lighting bus LB-1 (dimming),,CSA-E24 electrical safety; CSA-L3 photobiological
spotlight_recessed_spot_can,spotlight,light,consumer,Tamsin Lighting,TAM-SPO-9091,Spotlight - Recessed Spot Can,216,166,220,1.23,1.1,22,25,24 VDC,0.0,0.0,18,611,29,55500,17520,12,0,IP44,-20,55,0,Lighting bus LB-1 (dimming),,CSA-E24 electrical safety; CSA-L3 photobiological
spotlight_search_light_pedestal,spotlight,light,consumer,Tamsin Lighting,TAM-SPO-3378,Spotlight - Search Light Pedestal,638,1690,826,132.1,10,200,220,120 VAC 1ph,0.0,0.0,160,29200,43,68500,17520,12,0,IP44,-20,55,0,Lighting bus LB-1 (dimming),,CSA-E24 electrical safety; CSA-L3 photobiological
spotlight_stage_truss_lights,spotlight,light,consumer,Tamsin Lighting,TAM-SPO-2601,Spotlight - Stage Truss Lights,1400,360,846,60.4,4.9,98,110,120 VAC 1ph,0.0,0.0,78,17000,46,45700,17520,12,0,IP44,-20,55,0,Lighting bus LB-1 (dimming),,CSA-E24 electrical safety; CSA-L3 photobiological
spotlight_track_light_pair,spotlight,light,consumer,Tamsin Lighting,TAM-SPO-6354,Spotlight - Track Light Pair,930,284,228,8.04,1.7,33,37,24 VDC,0.0,0.0,26,2200,41,70700,17520,12,0,IP44,-20,55,0,Lighting bus LB-1 (dimming),,CSA-E24 electrical safety; CSA-L3 photobiological
spotlight_tripod_floodlight,spotlight,light,consumer,Tamsin Lighting,TAM-SPO-9970,Spotlight - Tripod Floodlight,752,1923,821,178.3,13,260,290,120 VAC 1ph,0.0,0.0,210,41400,45,68700,17520,12,0,IP44,-20,55,0,Lighting bus LB-1 (dimming),,CSA-E24 electrical safety; CSA-L3 photobiological
storage_archive_robot,storage,electronics,consumer,Kestrel Cognitive Systems,KCS-STO-6313,Data storage - Archive Robot,1800,2000,925,1942,940,3800,5600,208 VAC 3ph,0.0,0.0,3500,2180000,74,91100,8760,10,0,IP30,0,45,36,"Ship data bus SDB-2, 1 GbE",engineering,CSA-E24 electrical safety; CSA-EMC4 compatibility
storage_black_box_recorder,storage,electronics,consumer,Kestrel Cognitive Systems,KCS-STO-7943,Data storage - Black Box Recorder,370,190,220,8.0,30,120,180,48 VDC,0.0,0.0,110,9050,57,94600,8760,10,0,IP30,0,45,30,"Ship data bus SDB-2, 1 GbE",,CSA-E24 electrical safety; CSA-EMC4 compatibility
storage_cartridge_library_shelves,storage,electronics,consumer,Kestrel Cognitive Systems,KCS-STO-2389,Data storage - Cartridge Library Shelves,1200,1960,450,584.8,260,1100,1600,120 VAC 1ph,0.0,0.0,1000,706000,64,62300,8760,10,0,IP30,0,45,33,"Ship data bus SDB-2, 1 GbE",,CSA-E24 electrical safety; CSA-EMC4 compatibility
storage_cold_storage_locker,storage,electronics,consumer,Kestrel Cognitive Systems,KCS-STO-7029,Data storage - Cold Storage Locker,1200,2020,640,859.9,400,1600,2400,208 VAC 3ph,0.0,0.0,1500,1100000,69,83500,8760,10,0,IP30,0,45,34,"Ship data bus SDB-2, 1 GbE",,CSA-E24 electrical safety; CSA-EMC4 compatibility
storage_data_crystal_vault,storage,electronics,consumer,Kestrel Cognitive Systems,KCS-STO-4134,Data storage - Data Crystal Vault,1192,2120,1192,1678,800,3200,4800,208 VAC 3ph,0.0,0.0,2900,1560000,73,73200,8760,10,0,IP30,0,45,36,"Ship data bus SDB-2, 1 GbE",,CSA-E24 electrical safety; CSA-EMC4 compatibility
storage_holo_storage_cylinder,storage,electronics,consumer,Kestrel Cognitive Systems,KCS-STO-1155,Data storage - Holo Storage Cylinder,900,1990,912,899.0,450,1800,2700,208 VAC 3ph,0.0,0.0,1700,832000,66,85600,8760,10,0,IP30,0,45,34,"Ship data bus SDB-2, 1 GbE",diagnostics,CSA-E24 electrical safety; CSA-EMC4 compatibility
storage_memory_core_column,storage,electronics,consumer,Kestrel Cognitive Systems,KCS-STO-3180,Data storage - Memory Core Column,836,2520,836,974.9,510,2000,3100,208 VAC 3ph,0.0,0.0,1800,904000,63,101300,8760,10,0,IP30,0,45,35,"Ship data bus SDB-2, 1 GbE",,CSA-E24 electrical safety; CSA-EMC4 compatibility
storage_secure_data_safe,storage,electronics,consumer,Kestrel Cognitive Systems,KCS-STO-3822,Data storage - Secure Data Safe,920,1350,835,568.1,270,1100,1600,120 VAC 1ph,0.0,0.0,1000,686000,69,66300,8760,10,0,IP30,0,45,33,"Ship data bus SDB-2, 1 GbE",computer,CSA-E24 electrical safety; CSA-EMC4 compatibility
storagebin_ammo_cans,storagebin,cargo,passive,Ironwake Heavy Works,IHW-STO-2647,Storage bin - Ammo Cans,790,252,443,4.18,0.0,0.0,0.0,none,0.0,0.0,0,608,54,472700,8760,25,0,IP54,-40,70,0,,,CSA-C1 cargo handling
storagebin_bin_trolley_floor,storagebin,cargo,passive,Ironwake Heavy Works,IHW-STO-4647,Storage bin - Bin Trolley Floor,1000,1240,590,34.6,0.0,0.0,0.0,none,0.0,0.0,0,4040,54,401400,8760,25,0,IP54,-40,70,0,,,CSA-C1 cargo handling
storagebin_bulk_hopper,storagebin,cargo,passive,Ironwake Heavy Works,IHW-STO-4019,Storage bin - Bulk Hopper,1400,2350,1400,223.4,0.0,0.0,0.0,none,0.0,0.0,0,21200,59,428100,8760,25,0,IP54,-40,70,0,,,CSA-C1 cargo handling
storagebin_drawer_cabinet,storagebin,cargo,passive,Ironwake Heavy Works,IHW-STO-4712,Storage bin - Drawer Cabinet,820,1500,605,32.6,0.0,0.0,0.0,none,0.0,0.0,0,2960,53,363400,8760,25,0,IP54,-40,70,0,,,CSA-C1 cargo handling
storagebin_parts_bins_stand,storagebin,cargo,passive,Ironwake Heavy Works,IHW-STO-3512,Storage bin - Parts Bins Stand,1200,1545,750,60.6,0.0,0.0,0.0,none,0.0,0.0,0,6060,58,443800,8760,25,0,IP54,-40,70,0,,,CSA-C1 cargo handling
storagebin_sealed_parts_locker,storagebin,cargo,passive,Ironwake Heavy Works,IHW-STO-8880,Storage bin - Sealed Parts Locker,1040,1980,735,67.2,0.0,0.0,0.0,none,0.0,0.0,0,5530,55,448600,8760,25,0,IP54,-40,70,0,,,CSA-C1 cargo handling
storagebin_toolbox_portable,storagebin,cargo,passive,Ironwake Heavy Works,IHW-STO-1142,Storage bin - Toolbox Portable,530,262,262,1.53,0.0,0.0,0.0,none,0.0,0.0,0,253,46,597600,8760,25,0,IP54,-40,70,0,,,CSA-C1 cargo handling
storagebin_toolchest_wheels,storagebin,cargo,passive,Ironwake Heavy Works,IHW-STO-2196,Storage bin - Toolchest Wheels,860,1098,560,24.3,0.0,0.0,0.0,none,0.0,0.0,0,2420,57,363400,8760,25,0,IP54,-40,70,0,,,CSA-C1 cargo handling
storagebin_tote_stack_dolly,storagebin,cargo,passive,Ironwake Heavy Works,IHW-STO-1153,Storage bin - Tote Stack Dolly,780,1490,505,28.1,0.0,0.0,0.0,none,0.0,0.0,0,2750,59,543500,8760,25,0,IP54,-40,70,0,,,CSA-C1 cargo handling
storagebin_trash_compactor,storagebin,cargo,passive,Ironwake Heavy Works,IHW-STO-9127,Storage bin - Trash Compactor,940,2330,940,96.8,0.0,0.0,0.0,none,0.0,0.0,0,9890,56,494100,8760,25,0,IP54,-40,70,0,,power,CSA-C1 cargo handling
striplight_baseboard_glow,striplight,light,consumer,Tamsin Lighting,TAM-STR-1736,Strip light - Baseboard Glow,1200,80,45,0.46,0.4,8.0,8.8,24 VDC,0.0,0.0,6.4,177,30,60800,17520,12,0,IP44,-20,55,0,Lighting bus LB-1 (dimming),,CSA-E24 electrical safety; CSA-L3 photobiological
striplight_cove_strip_warm,striplight,light,consumer,Tamsin Lighting,TAM-STR-6573,Strip light - Cove Strip Warm,2000,62,96,1.3,0.52,10,11,24 VDC,0.0,0.0,8.0,354,34,65800,17520,12,0,IP44,-20,55,0,Lighting bus LB-1 (dimming),,CSA-E24 electrical safety; CSA-L3 photobiological
striplight_dot_matrix_strip,striplight,light,consumer,Tamsin Lighting,TAM-STR-8538,Strip light - Dot Matrix Strip,1030,54,32,0.21,0.33,6.5,7.2,24 VDC,0.0,0.0,5.2,353,34,75200,17520,12,0,IP44,-20,55,0,Lighting bus LB-1 (dimming),,CSA-E24 electrical safety; CSA-L3 photobiological
striplight_floor_dash_guide,striplight,light,consumer,Tamsin Lighting,TAM-STR-9507,Strip light - Floor Dash Guide,1600,20,120,0.45,0.38,7.5,8.3,24 VDC,0.0,0.0,6.0,217,26,66900,17520,12,0,IP44,-20,55,0,Lighting bus LB-1 (dimming),,CSA-E24 electrical safety; CSA-L3 photobiological
striplight_floor_edge_runner,striplight,light,consumer,Tamsin Lighting,TAM-STR-6687,Strip light - Floor Edge Runner,2030,30,60,0.43,0.39,7.7,8.5,24 VDC,0.0,0.0,6.2,154,33,49100,17520,12,0,IP44,-20,55,0,Lighting bus LB-1 (dimming),,CSA-E24 electrical safety; CSA-L3 photobiological
striplight_handrail_light,striplight,light,consumer,Tamsin Lighting,TAM-STR-9660,Strip light - Handrail Light,2000,43,92,0.89,0.41,8.3,9.1,24 VDC,0.0,0.0,6.6,240,28,59800,17520,12,0,IP44,-20,55,0,Lighting bus LB-1 (dimming),,CSA-E24 electrical safety; CSA-L3 photobiological
striplight_hanging_linear_bar,striplight,light,consumer,Tamsin Lighting,TAM-STR-2653,Strip light - Hanging Linear Bar,1500,434,60,4.54,0.95,19,21,24 VDC,0.0,0.0,15,1080,36,66800,17520,12,0,IP44,-20,55,0,Lighting bus LB-1 (dimming),,CSA-E24 electrical safety; CSA-L3 photobiological
striplight_recessed_ceiling_channel,striplight,light,consumer,Tamsin Lighting,TAM-STR-4371,Strip light - Recessed Ceiling Channel,1520,50,140,1.11,0.43,8.6,9.5,24 VDC,0.0,0.0,6.9,284,29,72000,17520,12,0,IP44,-20,55,0,Lighting bus LB-1 (dimming),,CSA-E24 electrical safety; CSA-L3 photobiological
striplight_stair_edge_light,striplight,light,consumer,Tamsin Lighting,TAM-STR-4381,Strip light - Stair Edge Light,1200,33,100,0.41,0.35,7.0,7.7,24 VDC,0.0,0.0,5.6,163,31,73300,17520,12,0,IP44,-20,55,0,Lighting bus LB-1 (dimming),,CSA-E24 electrical safety; CSA-L3 photobiological
striplight_under_console_glow,striplight,light,consumer,Tamsin Lighting,TAM-STR-6534,Strip light - Under Console Glow,1800,50,50,0.52,0.34,6.7,7.4,24 VDC,0.0,0.0,5.4,168,25,55300,17520,12,0,IP44,-20,55,0,Lighting bus LB-1 (dimming),,CSA-E24 electrical safety; CSA-L3 photobiological
suitrack_decontamination_arch,suitrack,safety,consumer,Fennick Safety and Security,FSS-SUI-9021,Suit rack - Decontamination Arch,1870,2000,840,337.9,0,960,960,120 VAC 1ph,0.0,0.0,880,67300,56,403000,4380,15,0,IP44,-30,70,0,,,CSA-S3 safety equipment; CSA-F1 fire and smoke
suitrack_eva_helmet_rack,suitrack,safety,passive,Fennick Safety and Security,FSS-SUI-7429,Suit rack - Eva Helmet Rack,1500,915,360,53.3,0.0,0.0,0.0,none,0.0,0.0,0,9100,46,479600,4380,15,0,IP44,-30,70,0,,,CSA-S3 safety equipment; CSA-F1 fire and smoke
suitrack_glove_boot_locker,suitrack,safety,passive,Fennick Safety and Security,FSS-SUI-3854,Suit rack - Glove Boot Locker,1100,1900,515,116.0,0.0,0.0,0.0,none,0.0,0.0,0,22600,51,371300,4380,15,0,IP44,-30,70,0,,,CSA-S3 safety equipment; CSA-F1 fire and smoke
suitrack_oxygen_pack_rack,suitrack,safety,passive,Fennick Safety and Security,FSS-SUI-9488,Suit rack - Oxygen Pack Rack,1800,1700,600,204.6,0.0,0.0,0.0,none,0.0,0.0,0,30500,54,457300,4380,15,0,IP44,-30,70,0,,,CSA-S3 safety equipment; CSA-F1 fire and smoke
suitrack_suit_up_bench,suitrack,safety,passive,Fennick Safety and Security,FSS-SUI-2922,Suit rack - Suit Up Bench,2200,1830,545,215.7,0.0,0.0,0.0,none,0.0,0.0,0,35200,56,445600,4380,15,0,IP44,-30,70,0,,,CSA-S3 safety equipment; CSA-F1 fire and smoke
suitrack_tool_belt_board,suitrack,safety,passive,Fennick Safety and Security,FSS-SUI-1345,Suit rack - Tool Belt Board,1200,935,125,14.8,0.0,0.0,0.0,none,0.0,0.0,0,2990,50,416300,4380,15,0,IP44,-30,70,0,,,CSA-S3 safety equipment; CSA-F1 fire and smoke
surgical_anesthesia_machine,surgical,medical,consumer,Lindqvist-Aoki Medical,LAM-SUR-1047,Surgical equipment - Anesthesia Machine,870,1737,680,183.4,270,910,1600,120 VAC 1ph,0.0,0.0,840,367000,94,55400,4380,12,1,IP32,10,35,43,Medical data bus MDB-1 (encrypted),medical,CSA-MD5 medical device; CSA-E24 electrical safety
surgical_defibrillator_cart,surgical,medical,consumer,Lindqvist-Aoki Medical,LAM-SUR-9500,Surgical equipment - Defibrillator Cart,740,1087,550,75.3,140,470,850,120 VAC 1ph,0.0,0.0,430,131000,96,68900,4380,12,1,IP32,10,35,42,Medical data bus MDB-1 (encrypted),medical,CSA-MD5 medical device; CSA-E24 electrical safety
surgical_dialysis_machine,surgical,medical,consumer,Lindqvist-Aoki Medical,LAM-SUR-7560,Surgical equipment - Dialysis Machine,870,1497,722,177.7,280,930,1700,120 VAC 1ph,0.0,0.0,860,391000,98,70100,4380,12,1,IP32,10,35,43,Medical data bus MDB-1 (encrypted),power,CSA-MD5 medical device; CSA-E24 electrical safety
surgical_overhead_surgical_light_boom,surgical,medical,consumer,Lindqvist-Aoki Medical,LAM-SUR-3234,Surgical equipment - Overhead Surgical Light Boom,2100,965,900,313.1,520,1700,3100,208 VAC 3ph,0.0,0.0,1600,781000,100,46800,4380,12,1,IP32,10,35,44,Medical data bus MDB-1 (encrypted),,CSA-MD5 medical device; CSA-E24 electrical safety
surgical_surgical_robotic_arm_unit,surgical,medical,consumer,Lindqvist-Aoki Medical,LAM-SUR-1085,Surgical equipment - Surgical Robotic Arm Unit,1000,2039,1400,520.7,750,2500,4500,208 VAC 3ph,0.0,0.0,2300,1250000,98,60600,4380,12,1,IP32,10,35,45,Medical data bus MDB-1 (encrypted),,CSA-MD5 medical device; CSA-E24 electrical safety
surgical_ventilator_unit,surgical,medical,consumer,Lindqvist-Aoki Medical,LAM-SUR-2518,Surgical equipment - Ventilator Unit,895,1240,791,161.1,250,840,1500,120 VAC 1ph,0.0,0.0,770,277000,101,42900,4380,12,1,IP32,10,35,43,Medical data bus MDB-1 (encrypted),medical,CSA-MD5 medical device; CSA-E24 electrical safety
table_bar_counter,table,furniture,passive,Sable Habitat Furnishings,SHF-TAB-6606,Table - Bar Counter,1800,1062,715,45.9,0.0,0.0,0.0,none,0.0,0.0,0,1700,38,748400,8760,30,0,IP20,-20,60,0,,,CSA-F1 fire and smoke
table_bolted_table,table,furniture,passive,Sable Habitat Furnishings,SHF-TAB-4341,Table - Bolted Table,1500,787,810,30.7,0.0,0.0,0.0,none,0.0,0.0,0,1460,41,667700,8760,30,0,IP20,-20,60,0,,,CSA-F1 fire and smoke
table_briefing_table,table,furniture,passive,Sable Habitat Furnishings,SHF-TAB-8940,Table - Briefing Table,1662,1226,1662,111.7,0.0,0.0,0.0,none,0.0,0.0,0,4740,43,737100,8760,30,0,IP20,-20,60,0,,,CSA-F1 fire and smoke
table_coffee_table,table,furniture,passive,Sable Habitat Furnishings,SHF-TAB-9029,Table - Coffee Table,1120,422,620,9.37,0.0,0.0,0.0,none,0.0,0.0,0,417,29,1070400,8760,30,0,IP20,-20,60,0,,,CSA-F1 fire and smoke
table_conference_table,table,furniture,passive,Sable Habitat Furnishings,SHF-TAB-2727,Table - Conference Table,3010,789,1210,100.7,0.0,0.0,0.0,none,0.0,0.0,0,4410,35,731100,8760,30,0,IP20,-20,60,0,,,CSA-F1 fire and smoke
table_fold_down_table,table,furniture,passive,Sable Habitat Furnishings,SHF-TAB-9486,Table - Fold-Down Table,1000,440,635,9.87,0.0,0.0,0.0,none,0.0,0.0,0,357,34,923100,8760,30,0,IP20,-20,60,0,,,CSA-F1 fire and smoke
table_long_mess_table,table,furniture,passive,Sable Habitat Furnishings,SHF-TAB-8057,Table - Long Mess Table,3000,767,800,65.4,0.0,0.0,0.0,none,0.0,0.0,0,2230,34,678700,8760,30,0,IP20,-20,60,0,,,CSA-F1 fire and smoke
table_round_mess_table,table,furniture,passive,Sable Habitat Furnishings,SHF-TAB-6446,Table - Round Mess Table,1228,763,1228,42.2,0.0,0.0,0.0,none,0.0,0.0,0,1720,42,832800,8760,30,0,IP20,-20,60,0,,,CSA-F1 fire and smoke
table_side_table,table,furniture,passive,Sable Habitat Furnishings,SHF-TAB-8249,Table - Side Table,522,554,542,5.12,0.0,0.0,0.0,none,0.0,0.0,0,320,37,1127800,8760,30,0,IP20,-20,60,0,,,CSA-F1 fire and smoke
table_square_mess_table,table,furniture,passive,Sable Habitat Furnishings,SHF-TAB-6250,Table - Square Mess Table,920,775,920,23.3,0.0,0.0,0.0,none,0.0,0.0,0,1050,40,807900,8760,30,0,IP20,-20,60,0,,,CSA-F1 fire and smoke
tableware_bottle_and_glasses,tableware,galley,passive,Greywater Galley Systems,GGS-TAB-8530,Tableware - Bottle And Glasses,260,315,160,3.88,0.0,0.0,0.0,none,0.0,0.0,0,1380,56,35100,2190,15,0,IP44,0,50,0,,,CSA-F2 food contact; CSA-E24 electrical safety
tableware_bowls,tableware,galley,passive,Greywater Galley Systems,GGS-TAB-1152,Tableware - Bowls,345,101,275,2.79,0.0,0.0,0.0,none,0.0,0.0,0,879,52,43900,2190,15,0,IP44,0,50,0,,,CSA-F2 food contact; CSA-E24 electrical safety
tableware_bread_basket,tableware,galley,passive,Greywater Galley Systems,GGS-TAB-9133,Tableware - Bread Basket,344,135,244,3.21,0.0,0.0,0.0,none,0.0,0.0,0,1200,56,39600,2190,15,0,IP44,0,50,0,,,CSA-F2 food contact; CSA-E24 electrical safety
tableware_condiments,tableware,galley,passive,Greywater Galley Systems,GGS-TAB-7587,Tableware - Condiments,220,190,100,1.2,0.0,0.0,0.0,none,0.0,0.0,0,373,46,39300,2190,15,0,IP44,0,50,0,,,CSA-F2 food contact; CSA-E24 electrical safety
tableware_cups_and_mugs,tableware,galley,passive,Greywater Galley Systems,GGS-TAB-7108,Tableware - Cups And Mugs,318,100,283,2.52,0.0,0.0,0.0,none,0.0,0.0,0,957,49,44500,2190,15,0,IP44,0,50,0,,,CSA-F2 food contact; CSA-E24 electrical safety
tableware_cutlery_set,tableware,galley,passive,Greywater Galley Systems,GGS-TAB-2071,Tableware - Cutlery Set,200,30,240,0.4,0.0,0.0,0.0,none,0.0,0.0,0,174,51,49700,2190,15,0,IP44,0,50,0,,,CSA-F2 food contact; CSA-E24 electrical safety
tableware_food_container,tableware,galley,passive,Greywater Galley Systems,GGS-TAB-8329,Tableware - Food Container,310,120,202,2.11,0.0,0.0,0.0,none,0.0,0.0,0,830,55,51000,2190,15,0,IP44,0,50,0,,,CSA-F2 food contact; CSA-E24 electrical safety
tableware_fruit_bowl,tableware,galley,passive,Greywater Galley Systems,GGS-TAB-3479,Tableware - Fruit Bowl,320,180,320,5.07,0.0,0.0,0.0,none,0.0,0.0,0,1850,50,32500,2190,15,0,IP44,0,50,0,,,CSA-F2 food contact; CSA-E24 electrical safety
tableware_lunch_box,tableware,galley,passive,Greywater Galley Systems,GGS-TAB-1386,Tableware - Lunch Box,274,135,185,1.74,0.0,0.0,0.0,none,0.0,0.0,0,700,48,29000,2190,15,0,IP44,0,50,0,,,CSA-F2 food contact; CSA-E24 electrical safety
tableware_meal_tray,tableware,galley,passive,Greywater Galley Systems,GGS-TAB-7347,Tableware - Meal Tray,420,95,350,3.62,0.0,0.0,0.0,none,0.0,0.0,0,1050,49,35200,2190,15,0,IP44,0,50,0,,,CSA-F2 food contact; CSA-E24 electrical safety
tableware_napkin_dispenser,tableware,galley,passive,Greywater Galley Systems,GGS-TAB-6849,Tableware - Napkin Dispenser,140,155,111,0.65,0.0,0.0,0.0,none,0.0,0.0,0,258,48,42300,2190,15,0,IP44,0,50,0,,,CSA-F2 food contact; CSA-E24 electrical safety
tableware_pitcher,tableware,galley,passive,Greywater Galley Systems,GGS-TAB-7164,Tableware - Pitcher,280,255,176,3.64,0.0,0.0,0.0,none,0.0,0.0,0,1220,55,43100,2190,15,0,IP44,0,50,0,,,CSA-F2 food contact; CSA-E24 electrical safety
tableware_pizza_meal,tableware,galley,passive,Greywater Galley Systems,GGS-TAB-9378,Tableware - Pizza Meal,380,53,380,2.34,0.0,0.0,0.0,none,0.0,0.0,0,972,53,47300,2190,15,0,IP44,0,50,0,,,CSA-F2 food contact; CSA-E24 electrical safety
tableware_plate_stack,tableware,galley,passive,Greywater Galley Systems,GGS-TAB-6742,Tableware - Plate Stack,260,99,260,1.84,0.0,0.0,0.0,none,0.0,0.0,0,816,55,47000,2190,15,0,IP44,0,50,0,,,CSA-F2 food contact; CSA-E24 electrical safety
tableware_salad,tableware,galley,passive,Greywater Galley Systems,GGS-TAB-6133,Tableware - Salad,280,155,280,3.41,0.0,0.0,0.0,none,0.0,0.0,0,1230,52,32600,2190,15,0,IP44,0,50,0,,,CSA-F2 food contact; CSA-E24 electrical safety
tableware_teapot,tableware,galley,passive,Greywater Galley Systems,GGS-TAB-3141,Tableware - Teapot,353,209,180,3.41,0.0,0.0,0.0,none,0.0,0.0,0,1350,51,36800,2190,15,0,IP44,0,50,0,,,CSA-F2 food contact; CSA-E24 electrical safety
tank_accumulator_tank,tank,lifesupport,passive,Brightwater Life Systems,BLS-TAN-8285,Tank / fluid handling - Accumulator Tank,901,1730,800,786.6,0.0,0.0,0.0,none,0.0,0.0,0,388000,93,49800,3000,18,0,IP54,-10,55,0,,,CSA-LS1 life support; CSA-P4 pressure equipment
tank_buffer_tank_with_level_tube,tank,lifesupport,passive,Brightwater Life Systems,BLS-TAN-2444,Tank / fluid handling - Buffer Tank With Level Tube,1070,1900,1000,1263,0.0,0.0,0.0,none,0.0,0.0,0,561000,100,47600,3000,18,0,IP54,-10,55,0,,,CSA-LS1 life support; CSA-P4 pressure equipment
tank_circulation_pump,tank,lifesupport,consumer,Brightwater Life Systems,BLS-TAN-4495,Tank / fluid handling - Circulation Pump,1471,971,680,563.2,1300,3200,5100,208 VAC 3ph,0.0,0.0,2900,357000,96,34500,3000,18,1,IP54,-10,55,63,Environmental bus EB-1,,CSA-LS1 life support; CSA-P4 pressure equipment
tank_condenser,tank,lifesupport,consumer,Brightwater Life Systems,BLS-TAN-9817,Tank / fluid handling - Condenser,1388,2440,1000,2028,1300,3300,5300,208 VAC 3ph,0.0,0.0,3000,912000,103,50400,3000,18,1,IP54,-10,55,63,Environmental bus EB-1,,CSA-LS1 life support; CSA-P4 pressure equipment
tank_cryo_dewar,tank,lifesupport,passive,Brightwater Life Systems,BLS-TAN-4221,Tank / fluid handling - Cryo Dewar,1000,1980,1000,1122,0.0,0.0,0.0,none,0.0,0.0,0,557000,101,40700,3000,18,0,IP54,-10,55,0,,,CSA-LS1 life support; CSA-P4 pressure equipment
tank_deuterium_bottle,tank,lifesupport,passive,Brightwater Life Systems,BLS-TAN-9525,Tank / fluid handling - Deuterium Bottle,304,1695,320,98.7,0.0,0.0,0.0,none,0.0,0.0,0,44500,93,33200,3000,18,0,IP54,-10,55,0,,,CSA-LS1 life support; CSA-P4 pressure equipment
tank_deuterium_bottle_rack,tank,lifesupport,passive,Brightwater Life Systems,BLS-TAN-3530,Tank / fluid handling - Deuterium Bottle Rack,1500,1710,560,840.6,0.0,0.0,0.0,none,0.0,0.0,0,514000,101,47300,3000,18,0,IP54,-10,55,0,,,CSA-LS1 life support; CSA-P4 pressure equipment
tank_expansion_tank,tank,lifesupport,passive,Brightwater Life Systems,BLS-TAN-9949,Tank / fluid handling - Expansion Tank,1274,710,559,311.1,0.0,0.0,0.0,none,0.0,0.0,0,172000,97,55900,3000,18,0,IP54,-10,55,0,,,CSA-LS1 life support; CSA-P4 pressure equipment
tank_filtration_unit,tank,lifesupport,consumer,Brightwater Life Systems,BLS-TAN-7093,Tank / fluid handling - Filtration Unit,1526,1631,766,1201,1500,3700,6000,208 VAC 3ph,0.0,0.0,3400,675000,101,34400,3000,18,1,IP54,-10,55,63,Environmental bus EB-1,,CSA-LS1 life support; CSA-P4 pressure equipment
tank_horizontal_fuel_tank,tank,lifesupport,passive,Brightwater Life Systems,BLS-TAN-9687,Tank / fluid handling - Horizontal Fuel Tank,2262,1475,1056,1957,0.0,0.0,0.0,none,0.0,0.0,0,1110000,99,43200,3000,18,0,IP54,-10,55,0,,,CSA-LS1 life support; CSA-P4 pressure equipment
tank_piston_pump_skid,tank,lifesupport,consumer,Brightwater Life Systems,BLS-TAN-2250,Tank / fluid handling - Piston Pump Skid,1307,1050,600,458.9,1400,3400,5500,208 VAC 3ph,0.0,0.0,3100,291000,99,57000,3000,18,1,IP54,-10,55,63,Environmental bus EB-1,,CSA-LS1 life support; CSA-P4 pressure equipment
tank_radiator_coil,tank,lifesupport,consumer,Brightwater Life Systems,BLS-TAN-4918,Tank / fluid handling - Radiator Coil,1200,1400,180,185.8,1400,3600,5800,208 VAC 3ph,0.0,0.0,3300,119000,98,31900,3000,18,1,IP54,-10,55,63,Environmental bus EB-1,,CSA-LS1 life support; CSA-P4 pressure equipment
tank_radiator_panel,tank,lifesupport,consumer,Brightwater Life Systems,BLS-TAN-2515,Tank / fluid handling - Radiator Panel,1560,2050,140,241.6,1500,3800,6100,208 VAC 3ph,0.0,0.0,3500,113000,94,53300,3000,18,1,IP54,-10,55,63,Environmental bus EB-1,,CSA-LS1 life support; CSA-P4 pressure equipment
tank_shell_and_tube_heat_exchanger,tank,lifesupport,consumer,Brightwater Life Systems,BLS-TAN-4164,Tank / fluid handling - Shell And Tube Heat Exchanger,3118,1441,800,2380,1400,3500,5600,208 VAC 3ph,0.0,0.0,3200,1260000,99,56500,3000,18,1,IP54,-10,55,63,Environmental bus EB-1,,CSA-LS1 life support; CSA-P4 pressure equipment
tank_spherical_pressure_vessel,tank,lifesupport,passive,Brightwater Life Systems,BLS-TAN-6142,Tank / fluid handling - Spherical Pressure Vessel,1760,2371,1753,4515,0.0,0.0,0.0,none,0.0,0.0,0,2190000,102,54600,3000,18,0,IP54,-10,55,0,,,CSA-LS1 life support; CSA-P4 pressure equipment
tank_sump_tank,tank,lifesupport,passive,Brightwater Life Systems,BLS-TAN-8350,Tank / fluid handling - Sump Tank,1661,895,825,725.7,0.0,0.0,0.0,none,0.0,0.0,0,431000,98,35200,3000,18,0,IP54,-10,55,0,,,CSA-LS1 life support; CSA-P4 pressure equipment
tank_tote_tank,tank,lifesupport,passive,Brightwater Life Systems,BLS-TAN-3557,Tank / fluid handling - Tote Tank,1000,1155,1125,763.2,0.0,0.0,0.0,none,0.0,0.0,0,465000,101,55000,3000,18,0,IP54,-10,55,0,,,CSA-LS1 life support; CSA-P4 pressure equipment
tank_vertical_coolant_tank,tank,lifesupport,passive,Brightwater Life Systems,BLS-TAN-9221,Tank / fluid handling - Vertical Coolant Tank,1600,2500,1600,4093,0.0,0.0,0.0,none,0.0,0.0,0,2430000,100,38200,3000,18,0,IP54,-10,55,0,,,CSA-LS1 life support; CSA-P4 pressure equipment
telescope_astrometric_dish,telescope,science,consumer,Orrery Instruments,ORI-TEL-5913,Telescope - Astrometric Dish,918,1801,698,226.0,110,350,600,120 VAC 1ph,0.0,0.0,320,656000,113,53100,4380,12,1,IP32,5,40,43,"Lab data bus LDB-1, 1 GbE",,CSA-E24 electrical safety; CSA-LAB2 laboratory
telescope_observation_telescope,telescope,science,consumer,Orrery Instruments,ORI-TEL-7340,Telescope - Observation Telescope,1099,1907,1180,497.7,230,780,1300,120 VAC 1ph,0.0,0.0,720,1260000,118,64100,4380,12,1,IP32,5,40,45,"Lab data bus LDB-1, 1 GbE",,CSA-E24 electrical safety; CSA-LAB2 laboratory
telescope_spectrograph_tripod,telescope,science,consumer,Orrery Instruments,ORI-TEL-7441,Telescope - Spectrograph Tripod,1018,1554,912,266.3,130,430,730,120 VAC 1ph,0.0,0.0,400,794000,111,44400,4380,12,1,IP32,5,40,44,"Lab data bus LDB-1, 1 GbE",science,CSA-E24 electrical safety; CSA-LAB2 laboratory
telescope_star_tracker_scope,telescope,science,consumer,Orrery Instruments,ORI-TEL-5503,Telescope - Star Tracker Scope,492,1677,802,127.6,71,240,400,48 VDC,0.0,0.0,220,308000,108,40500,4380,12,1,IP32,5,40,43,"Lab data bus LDB-1, 1 GbE",starmap,CSA-E24 electrical safety; CSA-LAB2 laboratory
terminal_comm_handset,terminal,electronics,consumer,Kestrel Cognitive Systems,KCS-TER-1074,Terminal - Comm Handset,254,107,101,0.59,1.1,4.5,6.7,24 VDC,0.0,0.0,4.1,854,47,75500,8760,10,1,IP30,0,45,28,"Ship data bus SDB-2, 1 GbE",,CSA-E24 electrical safety; CSA-EMC4 compatibility
terminal_datapad,terminal,electronics,consumer,Kestrel Cognitive Systems,KCS-TER-9297,Terminal - Datapad,200,16,146,0.1,0.82,3.3,4.9,24 VDC,0.0,0.0,3.0,140,40,107300,8760,10,1,IP30,0,45,28,"Ship data bus SDB-2, 1 GbE",computer,CSA-E24 electrical safety; CSA-EMC4 compatibility
terminal_datapad_stack,terminal,electronics,consumer,Kestrel Cognitive Systems,KCS-TER-8822,Terminal - Datapad Stack,225,43,185,0.4,1.0,4.0,6.0,24 VDC,0.0,0.0,3.7,411,52,93300,8760,10,1,IP30,0,45,28,"Ship data bus SDB-2, 1 GbE",medical,CSA-E24 electrical safety; CSA-EMC4 compatibility
terminal_desk_intercom,terminal,electronics,consumer,Kestrel Cognitive Systems,KCS-TER-1214,Terminal - Desk Intercom,200,114,165,0.82,1.1,4.3,6.4,24 VDC,0.0,0.0,4.0,855,48,109000,8760,10,1,IP30,0,45,28,"Ship data bus SDB-2, 1 GbE",,CSA-E24 electrical safety; CSA-EMC4 compatibility
terminal_desk_terminal,terminal,electronics,consumer,Kestrel Cognitive Systems,KCS-TER-7570,Terminal - Desk Terminal,370,403,265,9.45,4.5,18,27,24 VDC,0.0,0.0,17,12600,60,62500,8760,10,1,IP30,0,45,28,"Ship data bus SDB-2, 1 GbE",engineering,CSA-E24 electrical safety; CSA-EMC4 compatibility
terminal_headset_dock,terminal,electronics,consumer,Kestrel Cognitive Systems,KCS-TER-6215,Terminal - Headset Dock,204,270,162,2.09,1.6,6.4,9.7,24 VDC,0.0,0.0,5.9,2400,56,90400,8760,10,1,IP30,0,45,28,"Ship data bus SDB-2, 1 GbE",,CSA-E24 electrical safety; CSA-EMC4 compatibility
terminal_info_kiosk,terminal,electronics,consumer,Kestrel Cognitive Systems,KCS-TER-7908,Terminal - Info Kiosk,500,1398,400,66.0,28,110,170,48 VDC,0.0,0.0,100,86700,59,91600,8760,10,1,IP30,0,45,30,"Ship data bus SDB-2, 1 GbE",engineering,CSA-E24 electrical safety; CSA-EMC4 compatibility
terminal_keyboard,terminal,electronics,consumer,Kestrel Cognitive Systems,KCS-TER-8048,Terminal - Keyboard,420,28,150,0.46,0.89,3.6,5.3,24 VDC,0.0,0.0,3.3,1070,46,99200,8760,10,1,IP30,0,45,28,"Ship data bus SDB-2, 1 GbE",,CSA-E24 electrical safety; CSA-EMC4 compatibility
terminal_laptop_console,terminal,electronics,consumer,Kestrel Cognitive Systems,KCS-TER-3890,Terminal - Laptop Console,340,238,272,4.55,2.7,11,16,24 VDC,0.0,0.0,10,5150,59,78500,8760,10,1,IP30,0,45,28,"Ship data bus SDB-2, 1 GbE",computer,CSA-E24 electrical safety; CSA-EMC4 compatibility
terminal_pedestal_terminal,terminal,electronics,consumer,Kestrel Cognitive Systems,KCS-TER-8495,Terminal - Pedestal Terminal,438,1282,438,57.2,28,110,170,48 VDC,0.0,0.0,100,52400,59,101500,8760,10,1,IP30,0,45,30,"Ship data bus SDB-2, 1 GbE",nav,CSA-E24 electrical safety; CSA-EMC4 compatibility
terminal_portable_reader,terminal,electronics,consumer,Kestrel Cognitive Systems,KCS-TER-1392,Terminal - Portable Reader,120,38,225,0.23,0.78,3.1,4.7,24 VDC,0.0,0.0,2.9,337,45,97400,8760,10,1,IP30,0,45,28,"Ship data bus SDB-2, 1 GbE",diagnostics,CSA-E24 electrical safety; CSA-EMC4 compatibility
terminal_ticket_kiosk,terminal,electronics,consumer,Kestrel Cognitive Systems,KCS-TER-2481,Terminal - Ticket Kiosk,600,1600,421,96.9,44,180,270,48 VDC,0.0,0.0,170,117000,66,72600,8760,10,1,IP30,0,45,30,"Ship data bus SDB-2, 1 GbE",computer,CSA-E24 electrical safety; CSA-EMC4 compatibility
toolbox_cleaning_caddy,toolbox,machinery,passive,Anvil Fluid Controls,AFC-TOO-3264,Toolbox - Cleaning Caddy,360,360,220,7.91,0.0,0.0,0.0,none,0.0,0.0,0,5240,116,27100,2000,20,0,IP54,-20,60,0,,,CSA-M5 machinery safety; CSA-E24 electrical safety
toolbox_tabletop_toolbox,toolbox,machinery,passive,Anvil Fluid Controls,AFC-TOO-7942,Toolbox - Tabletop Toolbox,480,300,260,11.0,0.0,0.0,0.0,none,0.0,0.0,0,7610,115,30600,2000,20,0,IP54,-20,60,0,,,CSA-M5 machinery safety; CSA-E24 electrical safety
toolbox_tool_bag,toolbox,machinery,passive,Anvil Fluid Controls,AFC-TOO-9898,Toolbox - Tool Bag,500,390,270,13.8,0.0,0.0,0.0,none,0.0,0.0,0,7180,116,26600,2000,20,0,IP54,-20,60,0,,,CSA-M5 machinery safety; CSA-E24 electrical safety
turbine_axial_compressor,turbine,power,consumer,Halvorsen Power Systems,HPS-TUR-1619,Turbomachinery - Axial Compressor,2320,1457,1130,5755,9300,46000,78000,400 VAC 3ph,0.0,0.0,42000,4460000,168,64200,4000,25,2,IP54,-20,55,81,Power management bus PMB-1,,CSA-M5 machinery safety; CSA-E24 electrical safety
turbine_flywheel,turbine,power,energy storage,Halvorsen Power Systems,HPS-TUR-7026,Turbomachinery - Flywheel,1500,1660,640,2232,47,94,190,400 VDC,1340,44.6,2700,2090000,160,48900,4000,25,2,IP54,-20,55,80,Power management bus PMB-1,,CSA-M5 machinery safety; CSA-E24 electrical safety
turbine_gyroscope,turbine,power,consumer,Halvorsen Power Systems,HPS-TUR-4731,Turbomachinery - Gyroscope,1650,2180,1350,6967,1700,8600,15000,208 VAC 3ph,0.0,0.0,7900,5500000,160,55700,4000,25,2,IP54,-20,55,78,Power management bus PMB-1,,CSA-M5 machinery safety; CSA-E24 electrical safety
turbine_impeller_housing,turbine,power,consumer,Halvorsen Power Systems,HPS-TUR-7518,Turbomachinery - Impeller Housing,1326,1671,1450,4935,8300,41000,70000,400 VAC 3ph,0.0,0.0,38000,4790000,161,63700,4000,25,2,IP54,-20,55,81,Power management bus PMB-1,,CSA-M5 machinery safety; CSA-E24 electrical safety
turbine_steam_turbine,turbine,power,producer,Halvorsen Power Systems,HPS-TUR-9418,Turbomachinery - Steam Turbine,2959,1821,1017,7794,3800,7500,11000,400 VAC 3ph,939,0.0,56000,6470000,160,43600,4000,25,2,IP54,-20,55,79,Power management bus PMB-1,,CSA-M5 machinery safety; CSA-E24 electrical safety
turbine_vertical_turbopump,turbine,power,consumer,Halvorsen Power Systems,HPS-TUR-7186,Turbomachinery - Vertical Turbopump,1351,2105,1100,4404,8700,44000,74000,400 VAC 3ph,0.0,0.0,40000,4540000,159,58700,4000,25,2,IP54,-20,55,81,Power management bus PMB-1,,CSA-M5 machinery safety; CSA-E24 electrical safety
valve_ball_valve,valve,structure,passive,Anvil Fluid Controls,AFC-VAL-5699,Valve / coupling - Ball Valve,360,235,140,4.49,0.0,0.0,0.0,none,0.0,0.0,0,195,42,1163000,17520,40,0,IP40,-40,80,0,,,CSA-S2 structural
valve_butterfly_valve,valve,structure,passive,Anvil Fluid Controls,AFC-VAL-5582,Valve / coupling - Butterfly Valve,700,670,310,50.5,0.0,0.0,0.0,none,0.0,0.0,0,1140,42,1236800,17520,40,0,IP40,-40,80,0,,,CSA-S2 structural
valve_chain_wheel_valve,valve,structure,passive,Anvil Fluid Controls,AFC-VAL-9423,Valve / coupling - Chain Wheel Valve,800,1400,380,145.0,0.0,0.0,0.0,none,0.0,0.0,0,3490,50,1168600,17520,40,0,IP40,-40,80,0,,,CSA-S2 structural
valve_check_valve,valve,structure,passive,Anvil Fluid Controls,AFC-VAL-3030,Valve / coupling - Check Valve,360,160,137,2.81,0.0,0.0,0.0,none,0.0,0.0,0,192,39,1823000,17520,40,0,IP40,-40,80,0,,,CSA-S2 structural
valve_dial_gauge,valve,structure,passive,Anvil Fluid Controls,AFC-VAL-4994,Valve / coupling - Dial Gauge,480,565,131,12.4,0.0,0.0,0.0,none,0.0,0.0,0,428,45,1506100,17520,40,0,IP40,-40,80,0,,,CSA-S2 structural
valve_emergency_shutoff,valve,structure,passive,Anvil Fluid Controls,AFC-VAL-4240,Valve / coupling - Emergency Shutoff,450,550,215,20.6,0.0,0.0,0.0,none,0.0,0.0,0,442,43,1910200,17520,40,0,IP40,-40,80,0,,,CSA-S2 structural
valve_flow_meter,valve,structure,passive,Anvil Fluid Controls,AFC-VAL-8961,Valve / coupling - Flow Meter,900,500,236,39.6,0.0,0.0,0.0,none,0.0,0.0,0,935,39,1393700,17520,40,0,IP40,-40,80,0,,,CSA-S2 structural
valve_gate_valve_wheel,valve,structure,passive,Anvil Fluid Controls,AFC-VAL-7657,Valve / coupling - Gate Valve Wheel,800,700,425,81.3,0.0,0.0,0.0,none,0.0,0.0,0,1700,43,1721300,17520,40,0,IP40,-40,80,0,,,CSA-S2 structural
valve_gauge_cluster,valve,structure,passive,Anvil Fluid Controls,AFC-VAL-5850,Valve / coupling - Gauge Cluster,800,355,69,7.71,0.0,0.0,0.0,none,0.0,0.0,0,303,43,1160500,17520,40,0,IP40,-40,80,0,,,CSA-S2 structural
valve_manifold_valve_block,valve,structure,passive,Anvil Fluid Controls,AFC-VAL-8816,Valve / coupling - Manifold Valve Block,800,600,285,51.8,0.0,0.0,0.0,none,0.0,0.0,0,1220,44,1610400,17520,40,0,IP40,-40,80,0,,,CSA-S2 structural
valve_pneumatic_actuator_valve,valve,structure,passive,Anvil Fluid Controls,AFC-VAL-7299,Valve / coupling - Pneumatic Actuator Valve,700,1350,400,148.0,0.0,0.0,0.0,none,0.0,0.0,0,3310,50,1053400,17520,40,0,IP40,-40,80,0,,,CSA-S2 structural
valve_pressure_regulator,valve,structure,passive,Anvil Fluid Controls,AFC-VAL-1838,Valve / coupling - Pressure Regulator,600,625,299,41.0,0.0,0.0,0.0,none,0.0,0.0,0,1180,39,1243300,17520,40,0,IP40,-40,80,0,,,CSA-S2 structural
valve_pressure_relief_valve,valve,structure,passive,Anvil Fluid Controls,AFC-VAL-7891,Valve / coupling - Pressure Relief Valve,520,1235,400,100.7,0.0,0.0,0.0,none,0.0,0.0,0,2210,42,1352000,17520,40,0,IP40,-40,80,0,,,CSA-S2 structural
valve_quick_couplings,valve,structure,passive,Anvil Fluid Controls,AFC-VAL-1665,Valve / coupling - Quick Couplings,440,123,140,2.69,0.0,0.0,0.0,none,0.0,0.0,0,144,33,1627200,17520,40,0,IP40,-40,80,0,,,CSA-S2 structural
valve_sight_glass,valve,structure,passive,Anvil Fluid Controls,AFC-VAL-4605,Valve / coupling - Sight Glass,500,500,215,21.1,0.0,0.0,0.0,none,0.0,0.0,0,607,41,1508300,17520,40,0,IP40,-40,80,0,,,CSA-S2 structural
valve_test_manifold,valve,structure,passive,Anvil Fluid Controls,AFC-VAL-9333,Valve / coupling - Test Manifold,500,197,318,11.5,0.0,0.0,0.0,none,0.0,0.0,0,372,41,1377100,17520,40,0,IP40,-40,80,0,,,CSA-S2 structural
valve_twin_isolation_station,valve,structure,passive,Anvil Fluid Controls,AFC-VAL-8460,Valve / coupling - Twin Isolation Station,900,900,345,103.3,0.0,0.0,0.0,none,0.0,0.0,0,2630,41,1191600,17520,40,0,IP40,-40,80,0,,,CSA-S2 structural
valve_valve_tree,valve,structure,passive,Anvil Fluid Controls,AFC-VAL-8299,Valve / coupling - Valve Tree,842,1725,500,285.0,0.0,0.0,0.0,none,0.0,0.0,0,7250,49,1828300,17520,40,0,IP40,-40,80,0,,,CSA-S2 structural
vending_drink_machine,vending,galley,consumer,Greywater Galley Systems,GGS-VEN-3376,Vending machine - Drink Machine,950,1900,907,250.6,170,570,850,120 VAC 1ph,0.0,0.0,520,99600,66,44900,2190,15,1,IP44,0,50,52,,,CSA-F2 food contact; CSA-E24 electrical safety
vending_snack_machine,vending,galley,consumer,Greywater Galley Systems,GGS-VEN-6003,Vending machine - Snack Machine,900,1900,847,208.4,160,520,780,120 VAC 1ph,0.0,0.0,480,67800,62,46300,2190,15,1,IP44,0,50,52,,,CSA-F2 food contact; CSA-E24 electrical safety
vending_tech_parts_machine,vending,galley,consumer,Greywater Galley Systems,GGS-VEN-8804,Vending machine - Tech Parts Machine,910,1900,847,221.8,160,530,790,120 VAC 1ph,0.0,0.0,490,69600,66,34600,2190,15,1,IP44,0,50,52,,,CSA-F2 food contact; CSA-E24 electrical safety
vending_ticket_kiosk,vending,galley,consumer,Greywater Galley Systems,GGS-VEN-3016,Vending machine - Ticket Kiosk,900,1940,710,167.8,150,490,730,120 VAC 1ph,0.0,0.0,450,51700,61,41800,2190,15,1,IP44,0,50,52,,starmap,CSA-F2 food contact; CSA-E24 electrical safety
wallpanel_access_panel,wallpanel,structure,passive,Calder-Okonkwo Industries,COI-WAL-7162,Wall panel - Access Panel,1000,1200,124,14.9,0.0,0.0,0.0,none,0.0,0.0,0,468,38,1606000,17520,40,0,IP40,-40,80,0,,,CSA-S2 structural
wallpanel_conduit_run,wallpanel,structure,passive,Calder-Okonkwo Industries,COI-WAL-7078,Wall panel - Conduit Run,1000,1200,140,17.2,0.0,0.0,0.0,none,0.0,0.0,0,589,37,1083700,17520,40,0,IP40,-40,80,0,,,CSA-S2 structural
wallpanel_diamond_plate,wallpanel,structure,passive,Calder-Okonkwo Industries,COI-WAL-3460,Wall panel - Diamond Plate,1000,1200,50,5.59,0.0,0.0,0.0,none,0.0,0.0,0,251,37,1791100,17520,40,0,IP40,-40,80,0,,,CSA-S2 structural
wallpanel_fuse_box,wallpanel,structure,passive,Calder-Okonkwo Industries,COI-WAL-8744,Wall panel - Fuse Box,1000,1200,180,21.6,0.0,0.0,0.0,none,0.0,0.0,0,698,43,1384500,17520,40,0,IP40,-40,80,0,,,CSA-S2 structural
wallpanel_hazard_trim,wallpanel,structure,passive,Calder-Okonkwo Industries,COI-WAL-6886,Wall panel - Hazard Trim,1000,1200,68,8.32,0.0,0.0,0.0,none,0.0,0.0,0,281,39,1370300,17520,40,0,IP40,-40,80,0,,,CSA-S2 structural
wallpanel_honeycomb,wallpanel,structure,passive,Calder-Okonkwo Industries,COI-WAL-8411,Wall panel - Honeycomb,1000,1200,130,16.2,0.0,0.0,0.0,none,0.0,0.0,0,719,40,1370900,17520,40,0,IP40,-40,80,0,,,CSA-S2 structural
wallpanel_lattice,wallpanel,structure,passive,Calder-Okonkwo Industries,COI-WAL-8053,Wall panel - Lattice,1000,1200,100,11.6,0.0,0.0,0.0,none,0.0,0.0,0,381,42,1743700,17520,40,0,IP40,-40,80,0,,,CSA-S2 structural
wallpanel_light_diffuser,wallpanel,structure,passive,Calder-Okonkwo Industries,COI-WAL-6956,Wall panel - Light Diffuser,1000,1200,104,12.4,0.0,0.0,0.0,none,0.0,0.0,0,275,41,1341500,17520,40,0,IP40,-40,80,0,,,CSA-S2 structural
wallpanel_plain_smooth,wallpanel,structure,passive,Calder-Okonkwo Industries,COI-WAL-9325,Wall panel - Plain Smooth,1000,1200,52,5.85,0.0,0.0,0.0,none,0.0,0.0,0,170,35,1930600,17520,40,0,IP40,-40,80,0,,,CSA-S2 structural
wallpanel_quilted_insulation,wallpanel,structure,passive,Calder-Okonkwo Industries,COI-WAL-2224,Wall panel - Quilted Insulation,1000,1200,145,18.5,0.0,0.0,0.0,none,0.0,0.0,0,528,37,1434500,17520,40,0,IP40,-40,80,0,,,CSA-S2 structural
wallpanel_ribbed,wallpanel,structure,passive,Calder-Okonkwo Industries,COI-WAL-2798,Wall panel - Ribbed,1000,1200,100,11.7,0.0,0.0,0.0,none,0.0,0.0,0,400,45,1376900,17520,40,0,IP40,-40,80,0,,,CSA-S2 structural
wallpanel_riveted_plate,wallpanel,structure,passive,Calder-Okonkwo Industries,COI-WAL-4972,Wall panel - Riveted Plate,1000,1200,82,9.93,0.0,0.0,0.0,none,0.0,0.0,0,294,41,1428100,17520,40,0,IP40,-40,80,0,,,CSA-S2 structural
wallpanel_screen_inset,wallpanel,structure,passive,Calder-Okonkwo Industries,COI-WAL-1274,Wall panel - Screen Inset,1000,1200,80,10.3,0.0,0.0,0.0,none,0.0,0.0,0,285,35,1300600,17520,40,0,IP40,-40,80,0,,power,CSA-S2 structural
wallpanel_service_bolted,wallpanel,structure,passive,Calder-Okonkwo Industries,COI-WAL-4705,Wall panel - Service Bolted,1000,1200,130,16.7,0.0,0.0,0.0,none,0.0,0.0,0,516,42,1692700,17520,40,0,IP40,-40,80,0,,,CSA-S2 structural
wallpanel_tall_conduit_bundle,wallpanel,structure,passive,Calder-Okonkwo Industries,COI-WAL-6069,Wall panel - Tall Conduit Bundle,1000,2400,194,50.1,0.0,0.0,0.0,none,0.0,0.0,0,1410,45,1292800,17520,40,0,IP40,-40,80,0,,,CSA-S2 structural
wallpanel_tall_glow_seam,wallpanel,structure,passive,Calder-Okonkwo Industries,COI-WAL-9065,Wall panel - Tall Glow Seam,1000,2400,92,20.5,0.0,0.0,0.0,none,0.0,0.0,0,468,39,1892100,17520,40,0,IP40,-40,80,0,,,CSA-S2 structural
wallpanel_tall_hazard_stripe,wallpanel,structure,passive,Calder-Okonkwo Industries,COI-WAL-4578,Wall panel - Tall Hazard Stripe,1000,2400,74,18.5,0.0,0.0,0.0,none,0.0,0.0,0,491,40,1176000,17520,40,0,IP40,-40,80,0,,,CSA-S2 structural
wallpanel_tall_lockers,wallpanel,structure,passive,Calder-Okonkwo Industries,COI-WAL-9627,Wall panel - Tall Lockers,1000,2400,155,38.4,0.0,0.0,0.0,none,0.0,0.0,0,836,40,1301100,17520,40,0,IP40,-40,80,0,,,CSA-S2 structural
wallpanel_tall_pipe_niche,wallpanel,structure,passive,Calder-Okonkwo Industries,COI-WAL-9037,Wall panel - Tall Pipe Niche,1000,2400,176,41.0,0.0,0.0,0.0,none,0.0,0.0,0,1290,47,1487000,17520,40,0,IP40,-40,80,0,,,CSA-S2 structural
wallpanel_tall_ribbed,wallpanel,structure,passive,Calder-Okonkwo Industries,COI-WAL-2740,Wall panel - Tall Ribbed,1000,2400,120,28.9,0.0,0.0,0.0,none,0.0,0.0,0,713,47,1640400,17520,40,0,IP40,-40,80,0,,,CSA-S2 structural
wallpanel_tall_window_slit,wallpanel,structure,passive,Calder-Okonkwo Industries,COI-WAL-2612,Wall panel - Tall Window Slit,1000,2400,125,30.0,0.0,0.0,0.0,none,0.0,0.0,0,608,37,1748100,17520,40,0,IP40,-40,80,0,,,CSA-S2 structural
wallpanel_tall_wood_panelled,wallpanel,structure,passive,Calder-Okonkwo Industries,COI-WAL-7021,Wall panel - Tall Wood Panelled,1000,2400,100,23.8,0.0,0.0,0.0,none,0.0,0.0,0,576,43,1236900,17520,40,0,IP40,-40,80,0,,,CSA-S2 structural
wallpanel_vent_grille,wallpanel,structure,passive,Calder-Okonkwo Industries,COI-WAL-2354,Wall panel - Vent Grille,1000,1200,109,12.9,0.0,0.0,0.0,none,0.0,0.0,0,482,43,1085900,17520,40,0,IP40,-40,80,0,,,CSA-S2 structural
wallpanel_wood_veneer,wallpanel,structure,passive,Calder-Okonkwo Industries,COI-WAL-7708,Wall panel - Wood Veneer,1000,1200,80,10.3,0.0,0.0,0.0,none,0.0,0.0,0,349,43,1400400,17520,40,0,IP40,-40,80,0,,,CSA-S2 structural
warnlight_docking_guide_bar,warnlight,light,consumer,Tamsin Lighting,TAM-WAR-2880,Warning light - Docking Guide Bar,1900,95,265,5.36,0.49,9.7,11,24 VDC,0.0,0.0,7.8,1480,36,67600,17520,12,0,IP44,-20,55,0,Lighting bus LB-1 (dimming),,CSA-E24 electrical safety; CSA-L3 photobiological
warnlight_door_state_light,warnlight,light,consumer,Tamsin Lighting,TAM-WAR-1220,Warning light - Door State Light,340,120,75,0.33,0.29,5.8,6.4,24 VDC,0.0,0.0,4.6,139,24,75400,17520,12,0,IP44,-20,55,0,Lighting bus LB-1 (dimming),,CSA-E24 electrical safety; CSA-L3 photobiological
warnlight_floor_guide_disc,warnlight,light,consumer,Tamsin Lighting,TAM-WAR-1373,Warning light - Floor Guide Disc,220,36,220,0.19,0.26,5.1,5.6,24 VDC,0.0,0.0,4.1,189,34,55000,17520,12,0,IP44,-20,55,0,Lighting bus LB-1 (dimming),,CSA-E24 electrical safety; CSA-L3 photobiological
warnlight_pressure_status_light,warnlight,light,consumer,Tamsin Lighting,TAM-WAR-6487,Warning light - Pressure Status Light,200,440,80,0.83,0.26,5.2,5.7,24 VDC,0.0,0.0,4.2,406,30,77900,17520,12,0,IP44,-20,55,0,Lighting bus LB-1 (dimming),,CSA-E24 electrical safety; CSA-L3 photobiological
warnlight_rail_marker_light,warnlight,light,consumer,Tamsin Lighting,TAM-WAR-2707,Warning light - Rail Marker Light,100,595,100,0.63,0.29,5.9,6.5,24 VDC,0.0,0.0,4.7,245,31,77700,17520,12,0,IP44,-20,55,0,Lighting bus LB-1 (dimming),,CSA-E24 electrical safety; CSA-L3 photobiological
warnlight_red_alert_wall_unit,warnlight,light,consumer,Tamsin Lighting,TAM-WAR-7042,Warning light - Red Alert Wall Unit,360,370,154,2.44,0.32,6.4,7.0,24 VDC,0.0,0.0,5.1,756,38,66100,17520,12,0,IP44,-20,55,0,Lighting bus LB-1 (dimming),,CSA-E24 electrical safety; CSA-L3 photobiological
warnlight_rotating_beacon,warnlight,light,consumer,Tamsin Lighting,TAM-WAR-9635,Warning light - Rotating Beacon,278,315,278,2.76,0.39,7.8,8.6,24 VDC,0.0,0.0,6.2,964,29,71300,17520,12,0,IP44,-20,55,0,Lighting bus LB-1 (dimming),,CSA-E24 electrical safety; CSA-L3 photobiological
warnlight_signal_tower,warnlight,light,consumer,Tamsin Lighting,TAM-WAR-1112,Warning light - Signal Tower,234,775,238,4.76,0.46,9.2,10,24 VDC,0.0,0.0,7.4,1670,34,53200,17520,12,0,IP44,-20,55,0,Lighting bus LB-1 (dimming),,CSA-E24 electrical safety; CSA-L3 photobiological
watertank_condensate_collector,watertank,lifesupport,passive,Brightwater Life Systems,BLS-WAT-7173,Water system - Condensate Collector,1095,1890,850,479.4,0.0,0.0,0.0,none,0.0,0.0,0,291000,96,48800,3000,18,0,IP54,-10,55,0,,,CSA-LS1 life support; CSA-P4 pressure equipment
watertank_distillation_column,watertank,lifesupport,passive,Brightwater Life Systems,BLS-WAT-4852,Water system - Distillation Column,1140,2645,1000,905.7,0.0,0.0,0.0,none,0.0,0.0,0,446000,100,36700,3000,18,0,IP54,-10,55,0,,computer,CSA-LS1 life support; CSA-P4 pressure equipment
watertank_greywater_processor,watertank,lifesupport,passive,Brightwater Life Systems,BLS-WAT-6962,Water system - Greywater Processor,1610,1530,900,528.3,0.0,0.0,0.0,none,0.0,0.0,0,339000,99,38400,3000,18,0,IP54,-10,55,0,,medical,CSA-LS1 life support; CSA-P4 pressure equipment
watertank_potable_water_tank,watertank,lifesupport,passive,Brightwater Life Systems,BLS-WAT-3901,Water system - Potable Water Tank,1518,2030,1143,1004,0.0,0.0,0.0,none,0.0,0.0,0,552000,95,52900,3000,18,0,IP54,-10,55,0,,,CSA-LS1 life support; CSA-P4 pressure equipment
watertank_reverse_osmosis_skid,watertank,lifesupport,passive,Brightwater Life Systems,BLS-WAT-2685,Water system - Reverse Osmosis Skid,1800,1530,616,413.2,0.0,0.0,0.0,none,0.0,0.0,0,188000,94,48700,3000,18,0,IP54,-10,55,0,,,CSA-LS1 life support; CSA-P4 pressure equipment
watertank_uv_water_purifier,watertank,lifesupport,consumer,Brightwater Life Systems,BLS-WAT-7939,Water system - Uv Water Purifier,900,1730,570,223.1,780,2000,3100,208 VAC 3ph,0.0,0.0,1800,118000,90,34900,3000,18,1,IP54,-10,55,62,Environmental bus EB-1,,CSA-LS1 life support; CSA-P4 pressure equipment
watertank_water_heater,watertank,lifesupport,passive,Brightwater Life Systems,BLS-WAT-5228,Water system - Water Heater,1200,2235,765,588.1,0.0,0.0,0.0,none,0.0,0.0,0,329000,99,47200,3000,18,0,IP54,-10,55,0,,power,CSA-LS1 life support; CSA-P4 pressure equipment
watertank_water_recycler,watertank,lifesupport,passive,Brightwater Life Systems,BLS-WAT-1257,Water system - Water Recycler,1220,2340,1020,788.8,0.0,0.0,0.0,none,0.0,0.0,0,367000,102,53400,3000,18,0,IP54,-10,55,0,,diagnostics,CSA-LS1 life support; CSA-P4 pressure equipment
weaponrack_armour_plate_locker,weaponrack,security,consumer,Fennick Safety and Security,FSS-WEA-6142,Weapon rack - Armour Plate Locker,1000,2000,610,283.2,21,71,110,48 VDC,0.0,0.0,65,174000,77,86400,4380,15,1,IP54,-10,55,33,Security bus SEB-1 (encrypted),,CSA-SEC2 security; CSA-E24 electrical safety
weaponrack_canister_cabinet,weaponrack,security,consumer,Fennick Safety and Security,FSS-WEA-7371,Weapon rack - Canister Cabinet,1000,1400,545,174.2,13,42,67,24 VDC,0.0,0.0,39,126000,78,60500,4380,15,1,IP54,-10,55,33,Security bus SEB-1 (encrypted),,CSA-SEC2 security; CSA-E24 electrical safety
weaponrack_cell_charger_rack,weaponrack,security,consumer,Fennick Safety and Security,FSS-WEA-1189,Weapon rack - Cell Charger Rack,1200,890,210,48.0,5.1,17,27,24 VDC,0.0,0.0,16,31000,77,74200,4380,15,1,IP54,-10,55,32,Security bus SEB-1 (encrypted),,CSA-SEC2 security; CSA-E24 electrical safety
weaponrack_energy_charger_tower,weaponrack,security,consumer,Fennick Safety and Security,FSS-WEA-8352,Weapon rack - Energy Charger Tower,554,1870,640,140.0,11,37,58,24 VDC,0.0,0.0,34,108000,75,85200,4380,15,1,IP54,-10,55,33,Security bus SEB-1 (encrypted),,CSA-SEC2 security; CSA-E24 electrical safety
weaponrack_gun_cleaning_station,weaponrack,security,consumer,Fennick Safety and Security,FSS-WEA-7480,Weapon rack - Gun Cleaning Station,1665,1875,700,514.8,37,120,200,48 VDC,0.0,0.0,110,364000,87,82000,4380,15,1,IP54,-10,55,34,Security bus SEB-1 (encrypted),diagnostics,CSA-SEC2 security; CSA-E24 electrical safety
weaponrack_gun_safe,weaponrack,security,consumer,Fennick Safety and Security,FSS-WEA-8073,Weapon rack - Gun Safe,800,1500,712,200.0,16,52,83,48 VDC,0.0,0.0,48,138000,75,86200,4380,15,1,IP54,-10,55,33,Security bus SEB-1 (encrypted),power,CSA-SEC2 security; CSA-E24 electrical safety
weaponrack_heavy_rifle_rack,weaponrack,security,consumer,Fennick Safety and Security,FSS-WEA-6118,Weapon rack - Heavy Rifle Rack,1200,1330,365,134.1,10,35,56,24 VDC,0.0,0.0,32,93800,81,77900,4380,15,1,IP54,-10,55,33,Security bus SEB-1 (encrypted),,CSA-SEC2 security; CSA-E24 electrical safety
weaponrack_pistol_locker,weaponrack,security,consumer,Fennick Safety and Security,FSS-WEA-2616,Weapon rack - Pistol Locker,800,1400,415,103.2,8.3,28,44,24 VDC,0.0,0.0,26,70900,83,75100,4380,15,1,IP54,-10,55,33,Security bus SEB-1 (encrypted),,CSA-SEC2 security; CSA-E24 electrical safety
weaponrack_pistol_rack_wall,weaponrack,security,consumer,Fennick Safety and Security,FSS-WEA-8183,Weapon rack - Pistol Rack Wall,950,725,85,13.8,2.4,7.9,13,24 VDC,0.0,0.0,7.3,8790,73,59000,4380,15,1,IP54,-10,55,32,Security bus SEB-1 (encrypted),,CSA-SEC2 security; CSA-E24 electrical safety
weaponrack_rifle_locker,weaponrack,security,consumer,Fennick Safety and Security,FSS-WEA-1165,Weapon rack - Rifle Locker,1000,2000,545,248.2,17,56,89,48 VDC,0.0,0.0,52,205000,77,74400,4380,15,1,IP54,-10,55,33,Security bus SEB-1 (encrypted),,CSA-SEC2 security; CSA-E24 electrical safety
weaponrack_rifle_rack_wall,weaponrack,security,consumer,Fennick Safety and Security,FSS-WEA-2169,Weapon rack - Rifle Rack Wall,1340,1030,142,46.5,4.4,15,24,24 VDC,0.0,0.0,14,40600,77,55900,4380,15,1,IP54,-10,55,32,Security bus SEB-1 (encrypted),,CSA-SEC2 security; CSA-E24 electrical safety
weaponrack_riot_shield_rack,weaponrack,security,consumer,Fennick Safety and Security,FSS-WEA-7451,Weapon rack - Riot Shield Rack,1500,1100,160,56.9,5.6,19,30,24 VDC,0.0,0.0,17,45400,76,49300,4380,15,1,IP54,-10,55,32,Security bus SEB-1 (encrypted),,CSA-SEC2 security; CSA-E24 electrical safety
weaponrack_target_range_panel,weaponrack,security,consumer,Fennick Safety and Security,FSS-WEA-3531,Weapon rack - Target Range Panel,1300,1100,100,32.8,3.9,13,21,24 VDC,0.0,0.0,12,27100,76,71100,4380,15,1,IP54,-10,55,32,Security bus SEB-1 (encrypted),diagnostics,CSA-SEC2 security; CSA-E24 electrical safety
weaponrack_weapons_inspection_bench,weaponrack,security,consumer,Fennick Safety and Security,FSS-WEA-2712,Weapon rack - Weapons Inspection Bench,1900,1717,800,611.9,42,140,220,48 VDC,0.0,0.0,130,458000,82,53300,4380,15,1,IP54,-10,55,34,Security bus SEB-1 (encrypted),diagnostics,CSA-SEC2 security; CSA-E24 electrical safety
